godina;oib;naziv;iznos_eur;broj_isplata;udio_posto
2024;85584865987;ZAGREBAČKI HOLDING D.O.O.;220412269.60;9609;13.46
2024;82031999604;ZAGREBAČKI ELEKTRIČNI TRAMVAJ DOO;192820855.57;652;11.78
2024;18683136487;MINISTARSTVO FINANCIJA;75512420.87;1012;4.61
2024;00000000010;POVREMENA NESAMOSTALNA I SAMOSTALNA DJELATNOST;51711409.21;1129;3.16
2024;22987484862;ZAGREBAČKE OTPADNE VODE D.O.O.;34959257.80;14;2.14
2024;23057039320;ERSTE STEIERMARKISCHE BANK;31122984.15;140;1.90
2024;92963223473;ZAGREBAČKA BANKA  D.D. ZAGREB;31086921.30;252;1.90
2024;83416546499;VODOOPSKRBA I ODVODNJA D.O.O.;29547698.46;8921;1.80
2024;59365213244;UPRAVLJANJE SPORTSKIM OBJEKTIMA;27213477.34;50;1.66
2024;73807462275;SPORTSKI SAVEZ GRADA ZAGREBA;25000000.00;12;1.53
2024;92366589656;JAVNA VATROGASNA POSTROJBA GRADA ZAGREBA;18630043.21;42;1.14
2024;03744272526;GRADSKO STAMBENO KOMUNALNO GOSPODARSTVO D.O.O.;16358723.04;566;1.00
2024;93571946376;KNJIŽNICE GRADA ZAGREBA;16039040.39;104;0.98
2024;99639891810;PROJEKTGRADNJA PLUS D.O.O;11529203.52;16;0.70
2024;23023589098;MODULOR CONSTRUCTIONS DOO;11503197.18;12;0.70
2024;77931216562;URIHO USTANOVA ZA PROF.REHABILITACIJU I ZAP.OSOBA S INVAL.;11449961.14;170;0.70
2024;02535697732;PRIVREDNA BANKA ZAGREB DD;10954442.29;88;0.67
2024;10852199405;HRVATSKO NARODNO KAZALIŠTE;10557726.67;53;0.64
2024;76370234816;ELICOM D.O.O.;9229707.83;36;0.56
2024;89931241548;KAMGRAD D.O.O.;8876898.67;12;0.54
2024;95660678441;ZAGREBAČKI VELESAJAM DOO;8091647.24;323;0.49
2024;63073332379;HEP OPSKRBA D.O.O.;7923285.79;423;0.48
2024;91678676896;COMBIS D.O.O.;7840895.61;70;0.48
2024;13530191392;TEH - GRADNJA D.O.O.;7528911.65;21;0.46
2024;59569102212;ZAGREBAČKO GRADSKO KAZALIŠTE KOMEDIJA;6847233.21;124;0.42
2024;98656691838;JEDINSTVO KRAPINA DOO;6560165.46;14;0.40
2024;38657725741;ZAGREBAČKA FILHARMONIJA;6199801.14;85;0.38
2024;70362197460;USTANOVA DOBRI DOM GRADA ZAGREBA;5993120.34;22;0.37
2024;12127688152;VG5 DOO;5920701.91;12;0.36
2024;53150371536;HRVATSKI PRIRODOSLOVNI MUZEJ;5844323.20;95;0.36
2024;31002922849;SPEGRA D.O.O.;5584208.53;28;0.34
2024;69262261098;USTANOVA ZOOLOŠKI VRT GRADA ZAGREBA;5553621.31;13;0.34
2024;81106567513;DV VRAPČE;5408273.26;112;0.33
2024;97345554668;DV BAJKA;5081050.93;100;0.31
2024;14482540987;IZGRADNJA FUTURA D.O.O.;5079709.68;25;0.31
2024;23929404756;TEKTON CONSTRUCTION DOO;4882807.99;32;0.30
2024;31015599358;DV ŠEGRT HLAPIĆ;4696940.46;107;0.29
2024;66896155710;DOM ZDRAVLJA ZAGREB ZAPAD;4687327.89;58;0.29
2024;66494507454;DV SUNČANA;4525306.95;103;0.28
2024;13254939546;ZAGREBAČKO KAZALIŠTE MLADIH;4516466.94;143;0.28
2024;69476494959;DV GAJNICE;4495050.07;105;0.27
2024;88388890400;DV JARUN;4489480.14;102;0.27
2024;31422239000;DV SESVETE;4359376.60;134;0.27
2024;20142998436;STORM COMPUTERS D.O.O.;4180614.76;44;0.26
2024;78167252842;DV GRIGOR VITEZ;4140758.34;106;0.25
2024;67939296499;DOM ZA STARIJE OSOBE TREŠNJEVKA ZAGREB;4123560.04;82;0.25
2024;52044657571;GRADITELJ SVRATIŠTA D.O.O.;4071911.91;727;0.25
2024;44879111575;NASTAVNI ZAVOD ZA HITNU MEDICINU GRADA ZAGREBA;4030793.09;53;0.25
2024;61817894937;GRAD ZAGREB;4020969.15;1335;0.25
2024;23901219315;GRADSKO DRAMSKO KAZALIŠTE GAVELLA;4013917.80;92;0.25
2024;42776586352;DV MARKUŠEVEC;3929836.22;107;0.24
2024;49823978318;DV TRNSKO;3917743.81;112;0.24
2024;03864029789;DV ZAPRUĐE;3916367.73;116;0.24
2024;13433301401;DV BUKOVAC;3886421.45;112;0.24
2024;34583734418;EBC SISTEMI D.O.O.;3852540.57;71;0.24
2024;20169135633;DV TRATINČICA;3845274.10;115;0.23
2024;05850332623;DV MALEŠNICA;3793707.25;143;0.23
2024;74971361430;STRABAG DOO;3757841.21;7;0.23
2024;81468897500;DV TRAVNO;3695472.69;107;0.23
2024;08505654578;DV VRBIK;3692832.01;113;0.23
2024;02111947694;DV PREČKO;3634476.40;100;0.22
2024;14774069475;DV EN TEN TINI;3584847.53;106;0.22
2024;50467501180;DV RADOST;3561658.73;106;0.22
2024;33985054792;DV CVRČAK;3517922.10;102;0.21
2024;77584434873;ZAGREBAČKI SUNČANI KROVOVI DOO;3510000.00;2;0.21
2024;78352024822;MUZEJ SUVREMENE UMJETNOSTI;3486769.08;72;0.21
2024;14638236220;DV HRVATSKI LESKOVAC;3418728.59;121;0.21
2024;31128033678;DV PČELICA;3351713.03;104;0.20
2024;63303576952;DV DUGA;3328818.05;121;0.20
2024;03901084957;DV LEPTIR;3230316.13;123;0.20
2024;58673709931;DV ŠUMSKA JAGODA;3224855.30;114;0.20
2024;62112881951;DV REMETINEC;3215734.22;118;0.20
2024;08407195933;DV KUSTOŠIJA;3213677.53;103;0.20
2024;09462989768;DV ŠPANSKO;3166361.88;114;0.19
2024;54493774760;KONCERTNA DVORANA VATROSLAVA LISINSKOG;3139389.80;64;0.19
2024;78118217052;DV JABUKA;3136132.50;111;0.19
2024;40838744815;BBR ADRIA D.O.O.;3111048.82;5;0.19
2024;87101832767;DV KOLIBRI;3091015.01;98;0.19
2024;45434922757;DV BOTINEC;3068823.08;119;0.19
2024;03547184733;DJEČJA BOLNICA SREBRNJAK;3048712.98;20;0.19
2024;40201821835;DV VEDRI DANI;3046994.02;126;0.19
2024;69945190946;DV SAVICA;3045265.14;100;0.19
2024;94870424008;DV VJEVERICA;3041233.96;103;0.19
2024;99506331443;DV TREŠNJEVKA;3034122.79;106;0.19
2024;41077368443;DV RAZLIČAK;3023206.69;93;0.18
2024;56654700279;DV SIGET;3004849.18;99;0.18
2024;07292798848;HRVATSKI CRVENI KRIŽ GRADSKO DRUŠTVO CRVENOG KRIŽA ZAGREB;2999828.24;157;0.18
2024;76109957666;DV UTRINA;2984597.50;110;0.18
2024;10295750223;DV SUNCE;2962757.89;102;0.18
2024;34319349088;DOM ZA STARIJE OSOBE SVETA ANA ZAGREB;2907229.25;94;0.18
2024;23414282056;STROJARSKA TEHNIČKA ŠKOLA FAUSTA VRANČIĆA;2902873.25;121;0.18
2024;41026360834;DV SOPOT;2901238.18;95;0.18
2024;46986958358;DV VLADIMIR NAZOR;2901076.82;95;0.18
2024;62485998118;HEDOM  D.O.O.;2883531.92;43;0.18
2024;71812732448;CENTAR ZA PRUŽANJE USLUGA U ZAJEDNICI MALI DOM;2841811.58;29;0.17
2024;79532938998;DV IVANA BRLIĆ MAŽURANIĆ;2824290.58;100;0.17
2024;81370721673;MONTAŽNE TRIBINE D.O.O. ZA PROIZVODNJU, GRAĐENJE I USLUGE;2736586.09;5;0.17
2024;85671777188;DOM ZA STARIJE OSOBE CENTAR;2707707.32;102;0.17
2024;26804323093;GRADSKO KAZALIŠTE KEREMPUH;2687578.82;60;0.16
2024;43821234370;DV MAKSIMIR;2647952.79;94;0.16
2024;92781436923;DV POLETARAC;2631618.59;111;0.16
2024;37849898335;MAR DOO ZA GRADITLJSTVO I RADOVE U ENERGETICI;2625063.97;26;0.16
2024;63702214100;ŠKOLA ZA MEDICINSKE SESTRE MLINARSKA ZAGREB;2617843.02;164;0.16
2024;46201053599;DV MALI PRINC;2615752.84;102;0.16
2024;99544354954;ETNOGRAFSKI MUZEJ;2585162.37;82;0.16
2024;91030829427;DV MILAN SACHS;2581416.51;111;0.16
2024;07777553720;ELEKTROKOVINA LIGHTING DOO;2568332.54;84;0.16
2024;56787155320;DOM ZA STARIJE OSOBE TRNJE;2551478.99;98;0.16
2024;59596000383;DV MEDO BRUNDO;2530117.08;90;0.15
2024;22702558967;DV BUDUĆNOST;2495412.36;98;0.15
2024;40102169932;OMEGA SOFTWARE D.O.O.;2486348.52;117;0.15
2024;19262409274;DV POTOČNICA;2478173.08;103;0.15
2024;53838475417;ZAGREBAČKO KAZALIŠTE LUTAKA;2471362.95;59;0.15
2024;78356795960;JAVNA USTANOVA ZA UPRA PRIRODNIM VRIJEDNOSTIMA GRADA ZAGREBA;2467455.25;17;0.15
2024;49466263965;DV IZVOR;2456466.19;114;0.15
2024;88026390655;DOM ZA STARIJE OSOBE MEDVEŠČAK ZAGREB;2452558.53;65;0.15
2024;25683592460;DV TATJANA MARINIĆ;2440803.35;99;0.15
2024;86792006248;DOM ZA STARIJE OSOBE DUBRAVA - ZAGREB;2440063.81;88;0.15
2024;52822555432;DV ZVONČIĆ;2430554.41;93;0.15
2024;30881792156;DV MEDVEŠČAK;2427895.48;106;0.15
2024;46830600751;HEP - OPERATOR DISTRIBUCIJSKOG SUSTAVA D.O.O.;2388623.56;977;0.15
2024;64112328386;DV SREDNJACI;2381539.68;96;0.15
2024;02994650199;APIS IT D.O.O.;2367246.98;294;0.14
2024;90093318654;DOM ZA STARIJE OSOBE MAKSIMIR;2361939.67;76;0.14
2024;24590198805;ZAGORJE GRADNJA D.O.O.;2357423.26;7;0.14
2024;02728849314;MUZEJ ZA UMJETNOST I OBRT;2341560.30;94;0.14
2024;16890821011;DOM ZA STARIJE OSOBE SVETI JOSIP ZAGREB;2334069.38;124;0.14
2024;48737778965;TERMORAD DOO;2328858.34;74;0.14
2024;36861051455;DV TRNORUŽICA;2304650.99;109;0.14
2024;91692114950;GKT GRADIN DOO ZA GRADITELJSTVO I TRGOVINU;2296410.01;15;0.14
2024;21384342053;DV MATIJA GUBEC;2255081.63;115;0.14
2024;43965974818;HEP ELEKTRA DOO;2254784.52;5811;0.14
2024;17353680710;DV PETAR PAN;2232289.02;111;0.14
2024;36358816855;DV ZRNO;2217693.31;105;0.14
2024;00053084642;DOM ZDRAVLJA ZAGREB CENTAR;2216888.91;331;0.14
2024;68441960124;CENT ZA PRUŽ USL U ZAJ ZAGREBAČKI CENT ZA NEOVISNO ŽIVLJENJE;2213972.44;22;0.14
2024;46432791617;DOM ZA STARIJE OSOBE PEŠČENICA, ZAGREB;2115396.56;63;0.13
2024;42602329951;DOM ZA STARIJE OSOBE KSAVER;2079911.49;75;0.13
2024;30468132163;DOM ZA STARIJE I NEMOĆNE OSOBE PARK;2074580.50;16;0.13
2024;10970597007;DV KRIJESNICE;2050327.68;105;0.13
2024;56980862387;DV ISKRICA;2047791.30;102;0.13
2024;28265486672;GRADSKO KAZALIŠTE TREŠNJA;2022304.33;61;0.12
2024;43566372258;GRADITELJSTVO I TRGOVINA PERIĆ D.O.O.;1996094.88;14;0.12
2024;44838895379;KAPITEL D.O.O.;1963643.86;9;0.12
2024;70200207247;ZAVOD ZA PROSTORNO UREĐENJE GRADA ZAGREBA;1920100.00;24;0.12
2024;11909496026;VATROGASNA ZAJEDNICA GRADA ZAGREBA;1870200.00;12;0.11
2024;68127446342;MUZEJ GRADA ZAGREBA;1837994.50;78;0.11
2024;51196068839;PSIHIJATRIJSKA BOLNICA ZA DJECU I MLADEŽ;1834582.75;45;0.11
2024;24526594626;TERRA TRADE DOO;1782607.06;2;0.11
2024;79157146686;ARHEOLOŠKI MUZEJ U ZAGREBU;1763377.56;95;0.11
2024;67001695549;KING ICT D.O.O.;1746511.56;30;0.11
2024;34214604603;OLM INFRA JDOO;1735148.72;30;0.11
2024;12988772690;P.G.P. D.O.O.;1685632.27;14;0.10
2024;00432869176;HRVATSKA OSIGURAVAJUĆA KUĆA D.D.;1676826.93;43;0.10
2024;53921712112;ZAGREBAČKI INOVACIJSKI CENTAR D.O.O.;1675384.00;8;0.10
2024;52480497296;ŠUŠKOVIĆ GRAĐENJE D.O.O.;1649598.10;28;0.10
2024;49811265576;TEHNIČKA ŠKOLA RUĐER BOŠKOVIĆ;1642626.09;105;0.10
2024;75982310877;SPECIJALNA BOLNICA ZA PLUĆNE BOLESTI;1630229.10;17;0.10
2024;10077695689;OGANJ D.O.O.;1626944.60;21;0.10
2024;38176145202;MAGNUM SUPRA DOO;1580830.37;12;0.10
2024;69693144506;HRVATSKE ŠUME D.O.O.;1496093.65;45;0.09
2024;51439010603;CENTAR ZA REHABILITACIJU SILVER;1460903.23;31;0.09
2024;33392005961;NASTAVNI ZAVOD ZA JAVNO ZDRAVSTVO DR. ANDRIJA ŠTAMPAR;1457024.57;310;0.09
2024;87939104217;HRVATSKA POŠTANSKA BANKA D.D.;1445638.96;102;0.09
2024;88696689887;SUVAG POLIKLINIKA ZA REHABILITACIJU SLUŠANJA I GOVORA;1429614.16;153;0.09
2024;79960056463;AGRAD PROJEKT DOO;1426900.32;9;0.09
2024;09539646589;KAPETANOVIĆ SISTEMI AUDIO I VIDEO OPREMA DOO;1426392.64;35;0.09
2024;15589224990;KULTURNI CENTAR TRAVNO;1400916.51;66;0.09
2024;85828625994;FOND ZA ZAŠTITU OKOLIŠA I ENERGETSKU UČINKOVITOST;1375335.71;1;0.08
2024;37198918530;"TEHNIČKI MUZEJ ""NIKOLA TESLA""";1351444.40;53;0.08
2024;04492664153;MEDICAL INTERTRADE D.O.O.;1334605.45;1;0.08
2024;87311810356;HRVATSKA POŠTA D.D.;1283357.04;119;0.08
2024;27759560625;INA INDUSTRIJA NAFTE D.D.;1276967.03;62;0.08
2024;33971755655;VESELČIĆ DOO;1253405.73;19;0.08
2024;09253797076;AKD - ZAŠTITA D.O.O. ZA ZAŠTITU OSOBA I IMOVINE;1252876.71;169;0.08
2024;48299645518;KODEKS GRADITELJSTVO DOO;1238244.59;32;0.08
2024;20874782919;IS GRIJANJE D.O.O.;1226147.23;18;0.07
2024;47521323377;NARODNO SVEUČILIŠTE DUBRAVA;1151472.90;100;0.07
2024;33995559159;OŠ SAVSKI GAJ;1122800.25;139;0.07
2024;95032181708;GDI DOO;1122538.02;34;0.07
2024;98039404134;OKI  MONT D.O.O.;1099285.38;50;0.07
2024;47377939383;OŠ AUGUSTA ŠENOE;1088773.42;142;0.07
2024;57970950313;VODOLIM DOO;1087596.72;5;0.07
2024;84526969754;EUROADRIA D.O.O.;1079849.26;37;0.07
2024;53056966535;RAIFFEISENBANK AUSTRIA DD;1077307.20;61;0.07
2024;27854662356;OŠ JELKOVEC;1042150.64;97;0.06
2024;84398178962;GRADSKO KAZALIŠTE ŽAR PTICA;1033295.12;57;0.06
2024;76253821370;HIDROSTRES D.O.O.;1029737.71;17;0.06
2024;07628779327;OŠ TITUŠA BREZOVAČKOG;1027476.74;112;0.06
2024;62432304595;KULTURNO INFORMATIVNI CENTAR;1021439.13;84;0.06
2024;44900859510;OŠ KRALJA TOMISLAVA;1016894.74;117;0.06
2024;90357089001;OŠ LUKA;1011472.54;142;0.06
2024;77993479518;ISTRIA ROYAL VILLAS RESORT DOO;1005363.81;1;0.06
2024;09149352137;OŠ DRAGUTINA DOMJANIĆA;999417.27;142;0.06
2024;50582521257;OŠ MALEŠNICA;996381.11;133;0.06
2024;73051728774;OŠ DRAGUTINA TADIJANOVIĆA;993616.49;120;0.06
2024;99118997944;OŠ KAJZERICA;973174.07;123;0.06
2024;93157965255;FORMA DOO;972408.97;5;0.06
2024;04318334164;OŠ ANTE KOVAČIĆA;959958.93;123;0.06
2024;38198952349;DOM ZA DJECU I ODRASLE-ŽRTVE OBITELJSKOG NASILJA DUGA-ZAGREB;951526.20;27;0.06
2024;36955576207;OŠ ŽUTI BRIJEG;944993.62;114;0.06
2024;64645054565;PRIMAT LOGISTIKA DOO;921499.60;19;0.06
2024;40723003638;OŠ ALOJZIJA STEPINCA;903964.07;165;0.06
2024;92559974262;SPEC. BOLNICA ZA ZAŠTITU DJECE S NEURORAZV. I MOT. SMETNJAMA;881358.82;143;0.05
2024;66184539220;OŠ BARTOLA KAŠIĆA;866886.55;116;0.05
2024;93298204867;REGIONALNA ENERGETSKO KLIMATSKA AGENCIJA SZ HRVATSKE;861300.00;16;0.05
2024;82390971460;USTANOVA ZAGREB FILM;861032.96;66;0.05
2024;79421023865;SWARCO CROATIA DOO;853521.91;19;0.05
2024;62850482681;TEMPORIUM GRADNJA DOO;853363.53;13;0.05
2024;48896313673;BRIMUS D.O.O.;839554.93;25;0.05
2024;85286272245;OŠ PAVLEKA MIŠKINE;836856.06;116;0.05
2024;52960882634;OŠ MATE LOVRAKA;832627.33;112;0.05
2024;27893203755;OŠ JURE KAŠTELANA;823520.17;105;0.05
2024;48787627264;OŠ ŠPANSKO ORANICE;821814.67;95;0.05
2024;08466144831;OŠ IVANA MEŠTROVIĆA;820213.29;146;0.05
2024;97705154133;OŠ BUKOVAC;809447.58;145;0.05
2024;39584056263;OŠ PETRA ZRINSKOG;802035.06;126;0.05
2024;32430086141;OŠ RETKOVEC;796989.27;138;0.05
2024;52098670500;BOLČEVIĆ GRADNJA D.O.O.;791713.73;8;0.05
2024;74149875115;ZAGREBAČKI CENTAR ZA GOSPODARENJE OTPADOM;790721.25;11;0.05
2024;64507525513;OŠ BREZOVICA;786704.36;128;0.05
2024;24802180410;OŠ SESVETSKI KRALJEVEC;783915.26;116;0.05
2024;47340618999;OŠ SESVETE;779370.22;128;0.05
2024;24061503881;OŠ IVE ANDRIĆA;774281.14;131;0.05
2024;29065880963;OŠ TRNSKO;773453.86;131;0.05
2024;60669015692;OŠ GUSTAVA KRKLECA;771085.06;136;0.05
2024;85965934616;NERING D.O.O.;757861.73;21;0.05
2024;68971787775;OŠ ANTUNA GUSTAVA MATOŠA;751633.50;101;0.05
2024;85778249664;OŠ SVETA KLARA;748095.16;122;0.05
2024;26702280390;HRVATSKA BANKA ZA OBNOVU I RAZVITAK;742500.58;264;0.05
2024;86895308451;OŠ BRESTJE;741932.79;128;0.05
2024;63467332374;CENTAR ZA AUTIZAM;735189.61;167;0.04
2024;19780265434;OŠ JOSIPA RAČIĆA;722688.67;108;0.04
2024;81002091960;OŠ IVANA CANKARA;722466.85;126;0.04
2024;29830060230;TIGRA ZA GRAĐEVINARSTVO I TRGOVINU D.O.O.;721887.71;8;0.04
2024;78390068967;DV DJEČJI KORACI;721541.99;23;0.04
2024;76147034208;OŠ ANTUNA MIHANOVIĆA;719884.17;117;0.04
2024;81088614312;OŠ VEĆESLAVA HOLJEVCA;719480.65;125;0.04
2024;02848440254;OŠ VOLTINO;709035.00;115;0.04
2024;55295688261;OŠ SESVETSKA SELA;708480.70;130;0.04
2024;47193049641;OŠ LUČKO;704515.21;123;0.04
2024;67787842481;OŠ SILVIJA STRAHIMIRA KRANJČEVIĆA;702942.73;125;0.04
2024;30730085385;OŠ DUGAVE I;699524.42;130;0.04
2024;37394657906;DV DJEČJA IGRA;698286.42;23;0.04
2024;65319410688;SAVA - SPORT D.O.O. ZA TRGOVINU I USLUGE;697995.60;24;0.04
2024;92120285716;OŠ MATIJE GUPCA;694337.12;95;0.04
2024;34020671941;OŠ VJENCESLAVA NOVAKA;692140.12;121;0.04
2024;60990397054;OŠ GRANEŠINA;691195.13;107;0.04
2024;03287241147;CENTAR KULTURE NA PEŠĆENICI;689146.44;72;0.04
2024;84283102588;OŠ IVANA GRANĐE;688660.49;142;0.04
2024;45058007791;CENTAR MLADIH RIBNJAK;687278.89;78;0.04
2024;78027759648;GALERIJA KLOVIĆEVI DVORI;685388.37;37;0.04
2024;44813808316;OŠ MEDVEDGRAD;672968.90;143;0.04
2024;16648329652;POLIKLINIKA ZA PREVENCIJU KARDIOVASKULARNIH BOLESTI I REHAB.;672888.31;69;0.04
2024;50159258035;RAZVOJNA AGENCIJA ZAGREB ZA KOORD  I POTICANJE REG RAZVOJA;670614.43;26;0.04
2024;31137271482;OŠ SREDIŠĆE;667442.52;107;0.04
2024;89692114282;OŠ MARIJE JURIĆ ZAGORKE;666974.29;150;0.04
2024;34291434133;OŠ OTOK;665991.58;98;0.04
2024;43748649227;OŠ VUGROVEC KAŠINA;655771.26;142;0.04
2024;17631431320;VODOTEHNIKA  D.D.;654936.56;25;0.04
2024;54702581236;OŠ REMETE;651694.50;100;0.04
2024;05668973495;OŠ JORDANOVAC;650798.14;105;0.04
2024;08579918418;OŠ GROFA JANKA DRAŠKOVIĆA;642082.19;110;0.04
2024;15907062900;HEP TOPLINARSTVO D.O.O;641951.41;3338;0.04
2024;93376857458;GRAĐANSKI NOGOMETNI KLUB DINAMO;641000.00;2;0.04
2024;69136218794;OŠ PREČKO;637395.77;133;0.04
2024;31407932125;CENTAR ZA KULTURU I INFORMACIJE MAKSIMIR;637123.65;72;0.04
2024;54303952361;OŠ GRIGORA VITEZA;636278.00;156;0.04
2024;38262788673;GIP PIONIR D.O.O.;636267.59;4;0.04
2024;78539372462;OŠ IVANA GORANA KOVAČIĆA;636059.69;109;0.04
2024;55883379580;OŠ RUDEŠ;634636.47;121;0.04
2024;32542348836;OŠ NIKOLE TESLE;631131.25;104;0.04
2024;92430141987;DV ČIGRA;623719.67;23;0.04
2024;05657566669;POLIKLINIKA ZAGREB;619951.00;13;0.04
2024;94402740800;RUKOMETNI KLUB ZAGREB;614000.00;2;0.04
2024;85867734506;OŠ GRAČANI;613541.72;117;0.04
2024;89479352022;CENTAR ZA KULTURU I FILM AUGUSTA CESARCA;612884.74;57;0.04
2024;37919840816;ŠKRINJICA D.O.O.;611571.62;6;0.04
2024;00167285641;I GIMNAZIJA;610237.91;107;0.04
2024;07508446885;OŠ MATKA LAGINJE;608554.97;119;0.04
2024;98427196102;OŠ VRBANI;608440.94;114;0.04
2024;03868412563;PRIMAT - RD D.O.O.;608382.50;1;0.04
2024;48482170643;OŠ STENJEVEC;605710.70;126;0.04
2024;68487984198;OŠ KUSTOŠIJA;605332.54;109;0.04
2024;39554538107;OŠ IZIDORA KRŠNJAVOGA;604887.13;106;0.04
2024;00659823560;DV KOCKICA;604174.73;23;0.04
2024;16687620362;TGT ADRIATIK DOO;603896.65;3;0.04
2024;61456000823;OŠ ZAPRUĐE;603407.26;102;0.04
2024;99825614646;FOTON PROMET D O O;597044.55;40;0.04
2024;13465678686;OŠ ODRA;594137.67;134;0.04
2024;79939132551;MODIFIKACIJA ING DOO;593726.39;5;0.04
2024;97699903366;OŠ FRANA GALOVIĆA;591370.03;104;0.04
2024;00733311237;OŠ ŽITNJAK;588572.09;143;0.04
2024;59975062998;OŠ KSAVERA ŠANDORA GJALSKOG;575739.40;127;0.04
2024;08844695446;OŠ IVANA MAŽURANIĆA;570529.29;130;0.03
2024;23485687544;HRVATSKI ŠKOLSKI MUZEJ;568089.02;79;0.03
2024;71087160585;OŠ VUKOMEREC;566647.90;105;0.03
2024;01292735134;OŠ DAVORINA TRSTENJAKA;566564.91;109;0.03
2024;87153754672;OŠ PANTOVČAK;561483.72;105;0.03
2024;01390776709;OŠ PETRA PRERADOVIĆA;556111.42;130;0.03
2024;35903326209;OŠ JULIJA KLOVIĆA;550813.20;101;0.03
2024;64192076379;USTANOVA ZA ZDRAVSTVENU NJEGU U KUĆI;550399.00;91;0.03
2024;19851267412;TAU CENTAR DOO;549244.46;2;0.03
2024;26713979601;OŠ MLADOST;547813.90;114;0.03
2024;09951635001;OŠ RAPSKA;546456.20;104;0.03
2024;28957082165;OŠ DR. ANTE STARČEVIĆA;545803.91;97;0.03
2024;82593285099;STOMATOLOŠKA POLIKLINIKA ZAGREB;544117.83;35;0.03
2024;87873316089;OŠ DR. IVAN MERZ;543834.33;135;0.03
2024;62873946841;OŠ MARKUŠEVEC;540035.46;113;0.03
2024;96262119913;AUTO BENUSSI DOO;539335.07;18;0.03
2024;54281445057;OŠ BANA JOSIPA JELAČIĆA;538159.92;137;0.03
2024;50789580026;OŠ IVANA GUNDULIĆA;537346.92;144;0.03
2024;98748037928;DV MALI ISTRAŽIVAČ;536217.83;23;0.03
2024;72166604204;PRIRODOSLOVNA ŠKOLA VLADIMIRA PRELOGA;533184.98;118;0.03
2024;51680110311;CENTAR ZA KULTURU TREŠNJEVKA;530214.01;66;0.03
2024;40477323596;CENTAR ZA KULTURNO DRUŠTVENI RAZVOJ NOVI PROSTORI KULTURE;529676.10;40;0.03
2024;83439900916;E. G. S. - ELEKTROGRADITELJSTVO D.O.O.;526395.65;22;0.03
2024;76234985768;OŠ OTONA IVEKOVIĆA;525545.16;123;0.03
2024;97103671104;DOM ZDRAVLJA ZAGREB ISTOK;525504.30;42;0.03
2024;86073451624;OŠ MARINA DRŽIĆA;520682.48;98;0.03
2024;67871736571;DV BLAŽENA HOZANA;518522.60;23;0.03
2024;76594422243;PALAM DOO;517845.56;10;0.03
2024;56710177871;HVAR D.O.O.;515809.43;3;0.03
2024;41317489366;HEP PLIN DOO;515665.00;825;0.03
2024;49480055222;ŽOLI SPORT DOO;508905.80;6;0.03
2024;03430970424;MONTERRA DOO;504875.78;6;0.03
2024;91895220644;OŠ JABUKOVAC - ZAGREB;503663.19;125;0.03
2024;77278617749;OŠ IVER;498228.80;135;0.03
2024;95267786050;OŠ CVJETNO NASELJE;496990.19;101;0.03
2024;80497496808;DV LETEĆI MEDVJEDIĆI;495830.95;23;0.03
2024;50296913346;USTANOVA ZA SVEOBUHV. SKRB O PR. 1. GARD. BR. TIGROVI I JED.;494526.34;22;0.03
2024;76712040113;OŠ LJUBLJANICA;492424.03;99;0.03
2024;70989676533;NEVING D.O.O.;489666.02;10;0.03
2024;95728434073;KOŠARKAŠKI KLUB CIBONA;487050.00;3;0.03
2024;39982939568;CESTODOM DOO;486817.50;117;0.03
2024;18493858124;HRVATSKI RUKOMENI SAVEZ;482700.00;3;0.03
2024;90515285700;OŠ BOROVJE;477836.13;114;0.03
2024;38449471041;I. TEHNIČKA ŠKOLA TESLA;477651.21;96;0.03
2024;11536369823;OŠ DR. VINKA ŽGANCA;476703.14;107;0.03
2024;42524586447;ODVJETNIČKO DRUŠTVO ŽUPIĆ & PARTNERI D.O.O.;474911.55;370;0.03
2024;79826172348;DV PINGVIN;474386.96;23;0.03
2024;47019050170;CENTAR ZA PRUŽANJE USL. U ZAJEDNICI SAVJETOVALIŠTE LUKA RITZ;473112.00;13;0.03
2024;12387694545;HRVATSKI AKADEMSKI ODBOJAŠKI KLUB MLADOST;471000.00;2;0.03
2024;62226620908;KONZUM PLUS DOO;468066.31;263;0.03
2024;28307286006;OŠ IVANJA REKA;467366.79;115;0.03
2024;06637660960;ADRIA GRUPA D.O.O.;466957.12;79;0.03
2024;59767287298;OŠ DOBRIŠE CESARIĆA;466439.14;107;0.03
2024;44408806616;VIBRO LIMES D.O.O.;466295.43;3;0.03
2024;45001686598;SVEUČILIŠTE U ZAGREBU MEDICINSKI FAKULTET;465874.29;29;0.03
2024;38401467477;MUZEJ PRIGORJA;464734.76;65;0.03
2024;06555189043;DV PANDA;463268.01;23;0.03
2024;97039950668;OŠ ŠESTINE;462540.93;100;0.03
2024;89462181048;EXPORTDRVO D.D.;458997.83;48;0.03
2024;81725888904;POLIKLINIKA ZA ZAŠTITU DJECE GRADA ZAGREBA;456469.50;32;0.03
2024;59587665075;DV LEPTIRIĆ LU;450261.47;23;0.03
2024;75232125990;DV JORDANOVAC;446867.53;23;0.03
2024;04467652234;OŠ ANTUNA BRANKA ŠIMIĆA;446542.00;106;0.03
2024;46501469845;OŠ VLADIMIRA NAZORA;441517.85;111;0.03
2024;33260306505;PISMORAD D.D.;441417.76;27;0.03
2024;67894852113;HRVATSKI JUDO SAVEZ;440000.00;4;0.03
2024;44858403060;OŠ AUGUSTA CESARCA;438538.29;113;0.03
2024;86998320829;OŠ LOVRE PLEMENITOG MATAČIĆA;431189.59;96;0.03
2024;35839536339;DV DOBRI;430489.40;23;0.03
2024;43941485589;INDUSTRIJSKA STROJARSKA ŠKOLA;429749.07;110;0.03
2024;11943741285;OŠ DRAGUTINA KUŠLANA;428166.28;112;0.03
2024;61842387905;OŠ AUGUSTA HARAMBAŠIĆA;427966.06;126;0.03
2024;23964796710;DV LIMAČ;427305.76;23;0.03
2024;33610682592;POGON - ZAGREBAČKI CENTAR ZA NEZAVISNU KULTURU I MLADE;426977.46;51;0.03
2024;64546066176;NARODNE NOVINE  D.D.;426228.46;1179;0.03
2024;23046541950;OŠ MIROSLAVA KRLEŽE;425914.12;131;0.03
2024;39696562783;KLINIKA ZA PSIHIJATRIJU SVETI IVAN;422943.03;38;0.03
2024;52347109218;OŠ IVANA FILIPOVIĆA;422070.09;115;0.03
2024;73294314024;CENTAR ZA VOZILA HRVATSKE D.D.;419117.19;67;0.03
2024;98407642834;OŠ SESVETSKA SOPNICA;417814.09;133;0.03
2024;74794965060;CENTAR ZA KULTURU NOVI ZAGREB;417247.52;63;0.03
2024;76430833591;OŠ HORVATI;413700.31;119;0.03
2024;67024074106;OŠ BRAĆE RADIĆ;412241.59;122;0.03
2024;02082287342;OŠ NAD LIPOM;410230.92;121;0.03
2024;71458287521;FIMAK NEKRETNINE D.O.O.;409025.93;13;0.02
2024;59411273443;OŠ HRVATSKI LESKOVAC;406769.21;107;0.02
2024;74364571096;GRADSKA PLINARA ZAGREB - OPSKRBA D.O.O.;405286.25;3018;0.02
2024;86937855002;KLINIKA ZA PSIHIJATRIJU VRAPČE;400745.30;11;0.02
2024;24843164721;UMJETNIČKI PAVILJON ZAGREB;400028.06;49;0.02
2024;71120174296;GRADNJAPROJEKT-ZAGREB D.O.O.;398149.61;6;0.02
2024;69733573178;EDEL SPORT D.O.O. ZA TRGOVINU I USLUGE;397217.57;5;0.02
2024;02907920674;CENTAR ZA KULTURU SESVETE;396966.56;63;0.02
2024;28877650160;OŠ TINA UJEVIĆA;396504.22;106;0.02
2024;98824141990;DV FRFI;393825.68;23;0.02
2024;77037521421;TEHINSPEKT D.O.O.;393025.04;18;0.02
2024;27060811148;LIPA PROMET D.O.O.;392454.11;20;0.02
2024;63422210966;ŠKOLA ZA CESTOVNI PROMET;387830.86;113;0.02
2024;00403762661;RUKOMETNI KLUB LOKOMOTIVA;381000.00;2;0.02
2024;08120081759;DV BALTAZAR;380895.97;23;0.02
2024;90976015219;DV  KOŠNICA;380184.40;23;0.02
2024;96107776452;ČAZMATRANS PROMET D.O.O.;378231.05;7;0.02
2024;04285607938;RAZVITAK CENTAR D.O.O.;377304.53;45;0.02
2024;30065892494;HAVK MLADOST;376000.00;2;0.02
2024;88901930764;BMP RESIDENCE DOO;375341.86;3;0.02
2024;36118056137;DELTRON D.O.O. ZA TRGOVINU I USLUGE;374459.01;12;0.02
2024;13022141582;ŠKOLA ZA MEDICINSKE SESTRE VINOGRADSKA;374329.82;80;0.02
2024;83456348759;UGOSTITELJSKO TURISTIČKO UČILIŠTE;373029.75;95;0.02
2024;75965702679;OŠ ČUČERJE;372972.40;125;0.02
2024;20404548678;INDUCOM SISTEMI D.O.O. ZA TRGOVINU I USLUGE;371107.63;21;0.02
2024;30743642985;SREDNJA ŠKOLA JELKOVEC;370987.60;90;0.02
2024;34428172652;OŠ FRANA KRSTE FRANKOPANA;370058.20;110;0.02
2024;76774452265;XI GIMNAZIJA;367776.15;84;0.02
2024;01896750020;X GIMNAZIJA IVAN SUPEK;363067.80;107;0.02
2024;32414769528;LJEVAONICA UMJETNINA ALU D.O.O.;347150.61;22;0.02
2024;89215234762;DV DOBRO DRVO;346390.75;23;0.02
2024;29788970628;CENTAR ZA KULTURU I OBRAZOVANJE SUSEDGRAD;344823.72;71;0.02
2024;43930583296;DV SVETE MALE TEREZIJE;342571.82;23;0.02
2024;43105237892;DOMINVEST DOO;341068.98;16;0.02
2024;39884669514;ŠKOLA ZA GRAFIKU DIZAJN I MEDIJSKU PRODUKCIJU;338000.12;110;0.02
2024;19164975676;HOTELIJERSKO TURISTIČKA ŠKOLA U ZAGREBU;337853.32;104;0.02
2024;60113438833;ATLETSKI KLUB DINAMO - ZRINJEVAC;335000.00;2;0.02
2024;78800881467;HRVATSKI AUTO I KARTING SAVEZ;335000.00;2;0.02
2024;90604644832;KUSTOŠIJA GRAĐENJE D.O.O.;333653.73;8;0.02
2024;66687839353;SREDNJA ŠKOLA-CENTAR ZA ODGOJ I OBRAZOVANJE;333207.69;136;0.02
2024;57970181621;POLIKLINIKA MEDIKOL;326478.50;115;0.02
2024;79147056526;GRADATIN DOO ZA VANJSKU I UNUTARNJU TRGOVINU;326025.00;4;0.02
2024;28712783384;RENCON D.O.O. ZA PROJEKTIRANJE I NADZOR U GRAĐEVINARSTVU;325659.49;27;0.02
2024;77886974479;INFOMARE DOO;325200.00;2;0.02
2024;98396379894;DV SVETOG JOSIPA;324744.62;23;0.02
2024;29524210204;A 1 HRVATSKA DOO;324255.97;65;0.02
2024;47515095633;KULTURA PROSTORA D.O.O.;323153.72;26;0.02
2024;52427516025;CENTAR ZA LIKOVNI ODGOJ GRADA ZAGREBA;322087.49;59;0.02
2024;24358183010;XV GIMNAZIJA;315743.54;87;0.02
2024;68776176875;UČENIČKI DOM NOVI ZAGREB;315639.52;48;0.02
2024;30285469659;INSTITUT ZA MEDICINSKA ISTRAŽIVANJA I MEDICINU RADA;314150.88;15;0.02
2024;08044398886;ŠKOLA ZA MODU I DIZAJN;313672.81;87;0.02
2024;00444672753;DV VRAPČIĆ;311120.58;23;0.02
2024;85859103929;OŠ TRNJANSKA;308823.35;100;0.02
2024;04280410389;CONCORDIA CONSULTING D.O.O.;307476.90;2;0.02
2024;99716905839;ŠKOLA PRIMJENJENE UMJETNOSTI I DIZAJNA;307396.37;96;0.02
2024;96726537623;ELEKTROTEHNIČKA ŠKOLA;307249.48;89;0.02
2024;84489930389;DV MONTESSORI;306737.56;23;0.02
2024;79476829579;HEDONE DOO;306234.05;7;0.02
2024;93567138561;ŠKOLA DRVNE TEHNOLOGIJE I ŠUMARSTVA;305819.74;74;0.02
2024;63019353660;PREHRAMBENO TEHNOLOŠKA ŠKOLA;304683.24;100;0.02
2024;06530150163;OŠ JOSIPA JURJA STROSSMAYERA;303427.79;105;0.02
2024;58766168603;KAMENARKA NEKRETNINE DOO;301944.44;14;0.02
2024;56064164023;TRGOVAČKA ŠKOLA;301915.22;123;0.02
2024;20584558862;DV ČAROBNA ŠUMA;301517.94;34;0.02
2024;54231441957;DV RIBICA;298546.79;23;0.02
2024;29048076579;OŠ GORNJE VRAPČE;295323.62;122;0.02
2024;24290321185;GRADIMONT D.O.O.;293244.00;4;0.02
2024;17480760019;PUČKO OTVORENO UČILIŠTE ZAGREB;292759.60;37;0.02
2024;79152455639;GRADITELJSKA TEHNIČKA ŠKOLA;291990.41;77;0.02
2024;08846644074;DV MALENI TALENTI;290727.05;23;0.02
2024;14848609512;KLASIČNA GIMNAZIJA;285283.86;84;0.02
2024;27621784474;DV KUĆICA;284750.67;23;0.02
2024;59266417432;ŠPORTSKA GIMNAZIJA;282106.47;108;0.02
2024;03437554125;DV MAČAK U ČIZMAMA;281791.16;23;0.02
2024;22597784145;STUDENTSKI CENTAR U ZAGREBU;281316.29;67;0.02
2024;38411868043;ELEKTROKEM D.O.O.;280660.55;6;0.02
2024;73209542242;KOLEKTOR ZAGREB DOO;279863.85;10;0.02
2024;90264326923;TEHNIČKA ŠKOLA ZAGREB;279795.44;104;0.02
2024;32706039647;DV DIDI;279779.35;14;0.02
2024;66037779887;UPI - 2M D.O.O. ZA PROJEKTIRANJE, TRGOVINU I USLUGE;278409.98;1;0.02
2024;08936934524;ZDRAVSTVENO UČILIŠTE ZAGREB;277493.02;77;0.02
2024;38967655335;ŠKOLSKA KNJIGA D.D.;277127.46;13;0.02
2024;88150534338;ODAŠILJAČI I VEZE DOO;276790.10;46;0.02
2024;20985255037;GRADSKA PLINARA ZAGREB D.O.O.;276665.03;63;0.02
2024;16154988512;ZAVRŠNI RADOVI KREŠO DOO;276443.29;5;0.02
2024;70718680584;TA GRAD D.O.O. ZA GRADITELJSTVO TRGOVINU I USLUGE;274293.81;9;0.02
2024;81287227818;POLIKLINIKA ZA REUM.BOLESTI, FIZIK. MED.I REH., DR.DRAGO ČOP;272511.28;111;0.02
2024;93613785608;A B DOO;270074.32;2;0.02
2024;56494929657;OŠ LOTRŠČAK;265232.11;46;0.02
2024;67952242107;IX GIMNAZIJA;262425.88;76;0.02
2024;22254684890;TREĆA EKONOMSKA ŠKOLA;260786.62;102;0.02
2024;85629778085;SIRRAH PROJEKT DOO;260000.00;2;0.02
2024;35917269505;DV SUNČEKO;259105.06;23;0.02
2024;69909107858;GIMNAZIJA SESVETE;258950.83;92;0.02
2024;35502604947;DV SUNČEV  SJAJ NAZARET;258284.22;23;0.02
2024;05954000808;IGEA  D.O.O.;254509.06;23;0.02
2024;36407819375;OBRTNIČKA I INDUSTRIJSKA GRADITELJSKA ŠKOLA;254292.72;90;0.02
2024;24154741411;AGRONOMSKA ŠKOLA ZAGREB;253034.67;94;0.02
2024;23868927677;III GIMNAZIJA;252508.48;83;0.02
2024;55345087244;JURCON PROJEKT D.O.O.;251582.91;33;0.02
2024;48544291322;ELEKTROSTROJARSKA OBRTNIČKA ŠKOLA;251352.50;68;0.02
2024;98460310812;DV SVETOG VINKA;246944.49;23;0.02
2024;19182606480;TAUS D.O.O.;246350.00;1;0.02
2024;14557584577;TEHNET DOO;245687.57;3;0.02
2024;97326283154;PODRAVSKA BANKA D.D.;245355.63;13;0.01
2024;09201087238;COMPING D.O.O.;242815.89;32;0.01
2024;56094081215;ARBITAR D.O.O;242273.25;19;0.01
2024;75715390821;RETEL D.O.O.;241856.28;32;0.01
2024;61137936557;DV NEMO;239480.96;23;0.01
2024;74522063646;POGREBNA AGENCIJA POKOP D.O.O.;238293.73;44;0.01
2024;88954268310;DV VESELA KUĆICA;236992.58;23;0.01
2024;60398160789;SRČEKO PRIVATNI MONTESSORI DJEČJI VRTIĆ;236629.09;23;0.01
2024;97130235751;DV PIPI DUGA ČARAPA;235980.55;23;0.01
2024;61600467614;GEOKON - ZAGREB D.D.;235240.31;29;0.01
2024;15804783376;DOMINO;235100.00;31;0.01
2024;52508873833;OTP BANKA HRVATSKA;234793.95;60;0.01
2024;85068601099;LEO GRAD DOO;233458.21;6;0.01
2024;68178969783;ODVJETNIČKO DRUŠTVO ŠKURLA DURMIŠ I SPAJIĆ DOO;233056.25;8;0.01
2024;23948173055;GLAZBENA ŠKOLA PAVLA MARKOVCA;232302.50;72;0.01
2024;57464039766;SEMAFOR D.O.O.;231155.09;7;0.01
2024;69780757045;GIMNAZIJA LUCIJANA VRANJANINA;230860.07;73;0.01
2024;51881986457;PRVA EKONOMSKA ŠKOLA;226262.30;65;0.01
2024;21520217808;SITOLOR DOO;225769.22;5;0.01
2024;85462920934;DV KOKO;225400.21;23;0.01
2024;82396638218;DV SVEMIRKO;224410.13;23;0.01
2024;57025696164;INTEZIS DOO ZA TRGOVINU I USLUGE;222975.00;1;0.01
2024;15619072576;DV ZVONČICA;220888.08;23;0.01
2024;60451213350;ZAGREBAČKA ZAJEDNICA TEHNIČKE KULTURE;220859.72;18;0.01
2024;96928432593;UČENIČKI DOM TINA UJEVIĆA;219205.60;51;0.01
2024;19629838079;UPRAVNA ŠKOLA ZAGREB;218776.12;102;0.01
2024;06497759145;UČENIČKI DOM HRVATSKI UČITELJSKI KONVIKT;217116.36;51;0.01
2024;79915592278;EKO STANDARD D.O.O.;215996.10;8;0.01
2024;37671426914;POLIKLINIKA ZA BOLESTI DIŠNOG SUSTAVA;215288.56;73;0.01
2024;64266572916;OBRTNIČKA ŠKOLA ZA OSOBNE USLUGE;214159.67;94;0.01
2024;85305939367;UMJETNIČKA ORGANIZACIJA ZAGREB FILM FESTIVAL;213906.98;11;0.01
2024;82578349629;V GIMNAZIJA;212870.76;84;0.01
2024;00153516610;DV ČAROBNA KUĆICA;212551.28;23;0.01
2024;86748053139;XII GIMNAZIJA;208704.43;85;0.01
2024;79766124714;INSTITUT IGH D.D. ZA ISTRAŽIVANJE I RAZVOJ U GRADITELJSTVU;208432.58;26;0.01
2024;80480322314;TRAMES DOO;208126.72;9;0.01
2024;81603361175;FACTUM;208000.00;9;0.01
2024;59928780182;MULTISOFT D.O.O;207067.69;7;0.01
2024;14506572540;LIBUSOFT CICOM D.O.O.;206308.99;37;0.01
2024;58399348588;DRUGA EKONOMSKA ŠKOLA;206277.42;82;0.01
2024;36275587141;OŠ STJEPANA BENCEKOVIĆA;204985.32;108;0.01
2024;44145943931;DV CVJETNJAK;204394.62;23;0.01
2024;94266637361;ZAGREBAČKI ATLETSKI SAVEZ;203000.00;4;0.01
2024;53353155732;PERUČA D.O.O.;202911.25;87;0.01
2024;24771132599;IV GIMNAZIJA;201761.90;77;0.01
2024;41389203676;PLANIGRAD PROJEKT D.O.O.;200685.30;16;0.01
2024;12874101773;GEOTEHNIKA DOO;200655.15;1;0.01
2024;52803322656;A R ING DOO;200459.57;3;0.01
2024;95485292543;AUTOTURIST SAMOBOR D.O.O.;199889.95;7;0.01
2024;51171189901;DV SVETOG FRANJE;198185.26;23;0.01
2024;93973093488;UČENIČKI DOM DORA PEJAČEVIĆ;197660.61;58;0.01
2024;92518824224;ŠKOLSKI SERVIS D.O.O.;195777.13;6;0.01
2024;53663436790;TRSTENIK-ELEKTRONIKA D.O.O.;194457.38;11;0.01
2024;69095062745;ŠKOLA ZA PRIMALJE;193428.68;100;0.01
2024;74953134666;DV HARFA;193396.43;23;0.01
2024;79669409638;GLAZBENA ŠKOLA VATROSLAVA LISINSKOG;192812.62;75;0.01
2024;12540942959;MALONOGOMETNI KLUB FUTSAL DINAMO;189000.00;2;0.01
2024;90083259367;DV MALI SVIJET;188576.15;23;0.01
2024;19714226068;OŠ RUŽIČNJAK;187272.99;43;0.01
2024;42061107444;SVEUČILIŠTE U ZAGREBU ARHITEKTONSKI FAKULTET;186923.55;16;0.01
2024;22902741182;UČENIČKI DOM MAKSIMIR;185805.02;56;0.01
2024;12193174557;MODERNI ALATI I STROJEVI DOO;184850.03;12;0.01
2024;44933468186;KONTEJNER BIRO SUVREMENE UMJETNIČKE PRAKSE;184850.00;20;0.01
2024;38083028711;CERP CENTAR ZA RESTRUKTUIRANJE I PRODAJU;181027.17;1;0.01
2024;30757807547;PROMETIS;179469.50;17;0.01
2024;65690492826;GIMNAZIJA TITUŠA BREZOVAČKOG;179022.36;97;0.01
2024;76416954953;ZAGREBAČKI SOLISTI;178800.00;6;0.01
2024;17491977848;ELEKTROCENTAR PETEK D.O.O.;178159.60;16;0.01
2024;89594809853;GORNJOGRADSKA GIMNAZIJA;177427.67;90;0.01
2024;54257114231;VIJEĆE SRPSKE NACIONALNE MANJINE;175345.39;20;0.01
2024;05060579018;UČENIČKI DOM MARIJE JAMBRIŠAK;175186.88;50;0.01
2024;37014564778;DV MARIJA PETKOVIĆ;175164.89;23;0.01
2024;59440939193;DV VESELA PANDICA;174407.70;23;0.01
2024;29543354042;ALU PLANET DOO;173856.46;2;0.01
2024;48464359556;MEDIKUS KLASIK DOO;172505.70;2;0.01
2024;49939020917;DV ČAROBNI DVORAC;172351.32;23;0.01
2024;49893852167;DV KREATIVNI DANI;171739.50;23;0.01
2024;42164809513;II GIMNAZIJA;171713.54;81;0.01
2024;76711174886;MAKINJA DOO;170355.43;3;0.01
2024;89246742324;HRVATSKO DRUŠTVO LIKOVNIH UMJETNIKA;169850.00;16;0.01
2024;91194993418;VII GIMNAZIJA;168886.20;87;0.01
2024;27946605963;CENTAR ZA PROMICANJE TOLERANCIJE I OČUVANJE SJ NA HOLOKAUST;168509.18;21;0.01
2024;30649206553;SAVEZ HRVAČKIH ŠPORTOVA GRADA ZAGREBA;167000.00;4;0.01
2024;05994801707;PRVA KATOLIČKA OSNOVNA ŠKOLA U GRADU ZAGREBU;166966.65;45;0.01
2024;33548604975;SAFIR DOO;165957.72;4;0.01
2024;55860335630;VODOPRIVREDA ZAGREB D.D.;165365.90;6;0.01
2024;77621027482;TEHNIČKA ŠKOLA ZA RAČUNALSTVO I MREŽNE DJELATNOSTI;165124.26;78;0.01
2024;37520681602;SPACE DOO;164561.76;7;0.01
2024;97256733714;CENTAR ZA KULTURU HISTRIONSKI DOM;164561.68;17;0.01
2024;11405440075;HRVATSKO ŠUMARSKO DRUŠTVO;164244.48;1;0.01
2024;29355825482;HRVATSKI FILMSKI SAVEZ;163600.00;17;0.01
2024;21660899838;MULTIMEDIJALNI INSTITUT;163300.00;19;0.01
2024;20392031242;GLAZBENO UČILIŠTE ELLY BAŠIĆ;162753.95;67;0.01
2024;60057939266;ZAGREBAČKI ASTRONOMSKI SAVEZ;161548.44;14;0.01
2024;47794513055;BIRODOM D.O.O.;160523.55;49;0.01
2024;67573415246;KLISING D.O.O. ZA INFORMATIČI SOFTWARE, TRGOVINU I PROIZV.;160360.02;11;0.01
2024;37709522134;LIKVIDACIJSKA MASA IZA ZAGREB PAPIR DD U LIKVIDACIJI;159487.31;1;0.01
2024;99936689438;TIM - COLOR D.O.O.;159091.59;1;0.01
2024;16608307050;KOSTAK DD PODRUŽNICA ZAGREB;158597.18;5;0.01
2024;83470094564;ODVJETNIČKO DRUŠTVO BABIĆ BRBOROVIĆ I PARTNERI JTD;158134.91;2;0.01
2024;68195665956;IN 2 D.O.O.INFORMACIJSKI INŽENJERING;157534.21;16;0.01
2024;00595398836;HULAHOP D.O.O.;157000.00;8;0.01
2024;56213063980;DV BRAT SUNCE;156595.22;23;0.01
2024;05448449641;HIDROELEKTRA ČIKARA DOO;156551.97;5;0.01
2024;56069275015;DV MAČAK PAŠKO;155425.19;23;0.01
2024;49145205842;3MI  LAB DOO;155402.42;17;0.01
2024;65550102767;KULTURTREGER UDRUGA ZA PROMICANJE KULTURE;155196.26;20;0.01
2024;99681708224;AGRAM TIS D.O.O.;154951.80;37;0.01
2024;54194651959;ŠKOLA ZA MEDICINSKE SESTRE VRAPČE ZAGREB;154877.06;84;0.01
2024;23029712876;ŠKOLA ZA MONTAŽU INSTALACIJA I METALNIH KONSTRUKCIJA;154067.73;82;0.01
2024;56668956985;HRVATSKO DRUŠTVO SKLADATELJA;153628.52;25;0.01
2024;94810978461;INŽENJERSKI PROJEKTNI ZAVOD, DIONIČKO DRUŠTVO;152570.04;9;0.01
2024;47560697455;PARON DOO;151023.14;24;0.01
2024;99526399105;VEDRA INŽENJERING D.O.O.;150919.50;49;0.01
2024;31204942993;UČENIČKI DOM FRANJE BUČARA;150660.69;47;0.01
2024;19261179791;STUDIO ANTE MURALES DOO;150574.03;3;0.01
2024;85843181422;PRESEČKI GRUPA D.O.O.;150028.56;34;0.01
2024;68314794212;CENTAR ZA ODGOJ I OBRAZOVANJE GOLJAK;149286.08;78;0.01
2024;12970416959;INVESTIGO D.O.O.;148939.88;2;0.01
2024;35484380586;MARINO-LUČKO D.O.O.;148417.45;255;0.01
2024;73523167917;MANDIGO GRAD DOO ZA GRAĐENJE;148276.25;10;0.01
2024;80804655206;HRVATSKO DRUŠTVO PISACA;146964.00;33;0.01
2024;66308266046;XVI GIMNAZIJA;146503.20;71;0.01
2024;16361613293;ŽUPANIJSKA UPRAVA ZA CESTE ZAGREBAČKE ŽUPANIJE;145586.35;1;0.01
2024;51798668071;XIII GIMNAZIJA;145555.82;86;0.01
2024;07790832005;DV CICA MACA;144512.54;23;0.01
2024;14026813657;BETONICA DOO;144489.74;14;0.01
2024;36897616904;STROJARSKA TEHNIČKA ŠKOLA FRANA BOŠNJAKOVIĆA;143879.53;88;0.01
2024;76139667535;ELEZ DOO;143429.09;23;0.01
2024;85347478604;TRASA ADRIA DOO ZA USLUGE;142029.51;76;0.01
2024;14514989418;ZAGREB JE NAŠ;140000.00;4;0.01
2024;65883053647;UČENIČKI DOM ANTE BRUNE BUŠIĆA;139322.36;63;0.01
2024;44926257293;VIJEĆE BOŠNJAČKE NACIONALNE MANJINE;138116.21;21;0.01
2024;40458377517;GEODETSKA  ŠKOLA;137687.27;68;0.01
2024;14036333877;ADDIKO BANK D.D.;137255.44;52;0.01
2024;15976876305;DV ŽABAC;136589.98;23;0.01
2024;91979503335;ZAGREBAČKI SKIJAŠKI SAVEZ;136270.00;3;0.01
2024;89610149986;TEMEX D.O.O.;135397.94;9;0.01
2024;87541970646;SCUDERIA D.O.O.;135339.44;1;0.01
2024;71367203326;UDRUŽENJE ZA RAZVOJ KULTURE;135135.00;26;0.01
2024;90772018493;AUTONOMNI KULTURNI CENTAR;134180.99;34;0.01
2024;64088957426;NOVI KVADRAT DOO;134124.35;2;0.01
2024;93205471623;PRODUKT D.O.O.;133493.68;1;0.01
2024;27165475250;DARH 2 D.O.O. ZA ARHITEKTURU I AKUSTIKA;132871.69;2;0.01
2024;68085752153;GLAZBENA ŠKOLA ZLATKA BALOKOVIĆA;132629.62;62;0.01
2024;75866788318;STUDIO A D.O.O. ZA USLUGE U ARHITEKTURI;132552.96;4;0.01
2024;10544913321;ŠKOLA ZA KLASIČNI BALET;132373.84;68;0.01
2024;79273112873;BMD D.O.O.;132356.53;1485;0.01
2024;90134499793;OSNOVNA ŠKOLA DOMINIK SAVIO;131952.94;37;0.01
2024;01500403553;GLAZBENA ŠKOLA BLAGOJA BERSE;131739.73;65;0.01
2024;18282095247;FOND UJEDINJENIH NARODA ZA DJECU UNICEF URED ZA HRVATSKU;131605.31;2;0.01
2024;21306127592;ARHITEKTONSKI ATELIER HRŽIĆ D.O.O.;131433.72;7;0.01
2024;38001831721;EKO DERATIZACIJA DOO;129897.27;5;0.01
2024;21229144792;GRADITELJSTVO PAVE VUKELIĆ D.O.O;129694.91;27;0.01
2024;44222163120;DV PIKULICA;129164.23;23;0.01
2024;28163265527;SVEUČILIŠTE U ZAGREBU PRIRODOSLOVNO-MATEMATIČKI FAKULTET;128218.41;18;0.01
2024;70594891186;NADBISKUPIJA ZAGREB. RKT. ŽUPA SV. ANTUNA PADOVANSKOG;125000.00;3;0.01
2024;82141480548;UDRUGA ŠTO KAKO I ZA KOGA;124300.00;12;0.01
2024;39851720584;INSAKO D.O.O.;124174.12;29;0.01
2024;25508126198;ELIPSA - S.Z. D.O.O PROJEKTIRANJE I TRŽIŠNE USLUGE;123166.28;14;0.01
2024;88515189278;MULTI SPORT;122919.33;2;0.01
2024;62567356530;DOM UČENIKA SREDNJIH ŠKOLA ANTUN GUSTAV MATOŠ;122540.00;54;0.01
2024;39322256656;ALMES D.O.O.;122315.25;1;0.01
2024;68540752075;XVIII GIMNAZIJA;122117.68;74;0.01
2024;30457432092;HRVATSKA GLAZBENA MLADEŽ;121880.00;12;0.01
2024;06056638153;DV ŠARENA LOPTICA;121495.86;23;0.01
2024;53702792469;DV VITICA;120899.65;23;0.01
2024;86639105205;LUCART USLUGE JDOO;120472.09;6;0.01
2024;85817630867;ODVJETNIČKO DRUŠTVO MIHOČEVIĆ I BAJS;120355.57;61;0.01
2024;92102489713;TEATAR EXIT UMJETNIČKA ORGANIZACIJA;120141.92;11;0.01
2024;68563760676;YAMMAT D.O.O. ZA USLUGE;119969.64;1;0.01
2024;42113416920;PROTIS DOO;119360.65;3;0.01
2024;69297051363;DV ČAROBNI SVIJET;118257.15;23;0.01
2024;25410051374;FAKULTET PROMETNIH ZNANOSTI;118140.66;19;0.01
2024;81530401884;LIND GRAD D.O.O.;118072.28;516;0.01
2024;71840467417;SKUD IVAN GORAN KOVAČIĆ;116300.00;30;0.01
2024;63689894666;VIJEĆE ALBANSKE NACIONALNE MANJINE;115583.40;19;0.01
2024;94395426370;SMART SENSE DOO;115301.25;2;0.01
2024;56401841340;HRVATSKA GORSKA SLUŽBA SPAŠAVANJA STANICA ZAGREB;115000.00;12;0.01
2024;77149671736;ORING ENG DOO;113595.61;3;0.01
2024;64794270224;ELEKTRORAD D.O.O. ZA TRGOVINU I USLUGE;111894.89;4;0.01
2024;57796976164;UČENIČKI DOM IVANA MAŽURANIĆA;111796.22;47;0.01
2024;31922838619;BARES DOO;111470.00;7;0.01
2024;36022528125;SPEKTAR GRADNJA D.O.O.;111195.34;3;0.01
2024;85821130368;FINA;111027.59;317;0.01
2024;31792033223;SAVEZ INOVATORA ZAGREBA;110995.40;19;0.01
2024;37095667254;STUDIO ZA SUVREMENI PLES;110510.00;21;0.01
2024;21900794567;ANTRA STORE DOO;109483.96;1;0.01
2024;56831241098;SPERANZA D.O.O.;109059.02;127;0.01
2024;69713516544;HRVATSKO DIZAJNERSKO DRUŠTVO;108840.00;17;0.01
2024;88335054293;INTEGRIRANI PROMET ZAGREBAČKOG PODRUČJA D.O.O.;108506.40;8;0.01
2024;43980170614;ENERGETSKI INSTITUT HRVOJE POŽAR;108100.00;3;0.01
2024;12486866943;PREMIUM MONT DOO;108054.95;19;0.01
2024;30094396634;PROMPT PROJEKTIRANJE D.O.O. ZA USLUGE PROJEKTIRANJA;107993.28;60;0.01
2024;21741449778;BLOK LOKALNA BAZA ZA OSVJEŽAVANJE KULTURE;107680.99;15;0.01
2024;95803232921;PROFIL KLETT D.O.O.;107542.85;12;0.01
2024;63361546752;ŽENSKA OPĆA GIMNAZIJA DRUŽBE SESTARA MILOSRDNICA;106672.83;54;0.01
2024;45155207079;LOVAČKI SAVEZ GRADA ZAGREBA;106632.38;9;0.01
2024;65917862963;UDRUGA RESTART;106500.00;23;0.01
2024;87497677022;PROARH MATEKOVIĆ DOO;105135.73;10;0.01
2024;77106299286;OSNOVNA MONTESSORI ŠKOLA BARUNICE DEDEE VRANYCZANY;105065.17;34;0.01
2024;85641052042;HRVATSKI KLIZAČKI SAVEZ;105000.00;2;0.01
2024;84249580637;BICIKLISTIČKI KLUB BIKE EVENT;105000.00;2;0.01
2024;38971074887;DV MUDRE GLAVICE;104000.91;23;0.01
2024;72667678548;ID EKO D.O.O.;103992.80;7;0.01
2024;29880496238;DVOKUT - ECRO PROIZVODNJA I ISTRAŽIVANJE D.O.O.;103781.25;9;0.01
2024;97894610362;DRAMSKI STUDIO SLIJEPIH I SLABOVIDNIH NOVI ŽIVOT;103278.42;14;0.01
2024;80330655819;UMJETNIČKA PLESNA ŠKOLA SILVIJE HERCIGONJE;101468.57;67;0.01
2024;21246000051;PARTNER ELEKTRIC D.O.O.;101384.87;6;0.01
2024;10519789204;CIRKORAMA - UDRUGA ZA PROM. KUL. I UMJ. U SVAKODNEVOM ŽIVOTU;100970.00;23;0.01
2024;21078598307;ONDA ARHITEKTURA DOO ZA USLUGE;100589.02;9;0.01
2024;58421021869;EURO ROSA IP DOO;100038.80;21;0.01
2024;61292647913;UMJETNIČKA ORGANIZACIJA NOVO KAZALIŠTE;100000.00;2;0.01
2024;86472637435;KOKOT AGRO DOO ZA PROIZVODNJU I TRGOVINU;99900.00;3;0.01
2024;82157223509;VIJEĆE SLOVENSKE NACIONALNE MANJINE;99784.86;19;0.01
2024;07116190816;DV BAMBI;99339.25;35;0.01
2024;31331246615;VIJEĆE ČEŠKE NACIONALNE MANJINE;99257.95;20;0.01
2024;89436606278;MEKATRONIK URETIM TEKNOLOJI MUHENDISLIK ANONIM SIRKETI;99139.02;1;0.01
2024;91425492678;ZAGREBAČKI RAČUNALNI SAVEZ CENTAR MLADIH PROGR HR;98396.68;14;0.01
2024;55377057545;ZAG VET DOO;97416.00;13;0.01
2024;88059473763;ŠKOLA SUVREMENOG PLESA ANE MALETIĆ;97157.88;75;0.01
2024;64056166637;UGO - ŠARIĆ D.O.O.;96431.43;16;0.01
2024;43733878539;HRVATSKI GEOLOŠKI INSTITUT;96150.01;3;0.01
2024;22752946114;ING - PAL D.O.O.;95809.28;7;0.01
2024;14201148621;ZAGREBAČKI FOTO KINO SAVEZ;95702.20;12;0.01
2024;24370544445;VIJEĆE CRNOGORSKE NACIONALNE MANJINE;95174.87;20;0.01
2024;56845816039;VIJEĆE ROMSKE NACIONALNE MANJINE;94923.35;18;0.01
2024;37946763892;VIJEĆE MAĐARSKE NACIONALNE MANJINE;94859.39;20;0.01
2024;26131447134;ZAGREBAČKI ZRAKOPLOVNO TEHNIČKI SAVEZ RUDOLFA PEREŠINA;94390.60;14;0.01
2024;71692128259;INSTITUT ZA RAZVOJ TRŽIŠTA RADA;93983.35;2;0.01
2024;75261823939;MODEL EDUCA DOO;93794.38;4;0.01
2024;85987734468;SANITACIJA D.O.O.;93794.05;31;0.01
2024;73497369534;TOI TOI D.O.O.;93201.94;175;0.01
2024;84193976847;BIJELI VAL;93150.00;15;0.01
2024;49002703751;BANCA FARMAFACTORING S P A;93065.31;4;0.01
2024;47517534341;EXTURBO D.O.O.;91924.45;52;0.01
2024;68476022248;KONTROL PROJEKT DOO;91833.27;79;0.01
2024;22494487542;ZAGREBAČKI PLESNI ANSAMBL;91400.00;11;0.01
2024;36146231053;VIJEĆE MAKEDONSKE NACIONALNE MANJINE;91381.32;19;0.01
2024;59113853010;PETARDA D.O.O.;91079.52;2;0.01
2024;28921383001;HRVATSKE VODE;91034.39;254;0.01
2024;78055843019;TEHMAR D.O.O. ZA PROIZVODNJU, UNUTARNJU I VANJSKU TRGOVINU;90990.25;17;0.01
2024;36523652967;DV ČUPKO;90988.98;23;0.01
2024;11792664479;EMAL ENTERTAIMENT JDOO ZA USLUGE;90000.00;2;0.01
2024;61494985197;NOBISCUM D.O.O. ZA GRADITELJSTVO I USLUGE;88728.81;50;0.01
2024;73416746280;JOBIS D.O.O.;88430.00;3;0.01
2024;42857246988;URBANISTICA D.O.O.;87325.00;7;0.01
2024;77833801009;DV MALA KUĆA;86905.47;23;0.01
2024;53290192492;VESLAČKI SAVEZ ZAGREBA;86000.00;2;0.01
2024;56792211413;VETERINARSKA ŠKOLA;85434.10;71;0.01
2024;83264047143;PUGAR  D.O.O.;85180.59;7;0.01
2024;21846792292;RADNIK GRAĐEVINARSTVO I GRAĐEVINSKA INDUSTRIJA D.D.;84752.67;2;0.01
2024;81000099000;UMJETNIČKA ORGANIZACIJA GLUMAČKA DRUŽINA HISTRION;84600.00;10;0.01
2024;27512198316;PLAN PLUS D.O.O.;83674.41;16;0.01
2024;36026070644;DV SVETA ANĐELA MERICI;83438.86;23;0.01
2024;54730193110;UPRAVITELJ STAN DOO;83386.29;245;0.01
2024;01913481578;EUROPAPIER ADRIA DOO;83106.38;8;0.01
2024;03391345868;VIGOR SOLIS DOO;82819.24;4;0.01
2024;41025754642;DUPLICO D.O.O.;82805.98;5;0.01
2024;07189160632;ALFA D.D. ZA IZDAVAČKE, GRAFIČKE I TRGOVAČKE POSLOVE;81738.02;16;0.00
2024;27290068263;OPREMA  RADMAN D.O.O.;81231.25;7;0.00
2024;54566509173;OSNOVNA GLAZBENA ŠKOLA ZLATKA GRGOŠEVIĆA;81002.82;42;0.00
2024;99291112037;25 FPS UDRUGA ZA AUDIO VIZUALNA ISTRAŽIVANJA;80700.00;11;0.00
2024;76508719897;BLUE MOUNTAIN DOO;80658.40;10;0.00
2024;31865324772;DJECA SUSREĆU UMJETNOST;80350.00;8;0.00
2024;37744271801;KURZIV - PLATFORMA ZA PITANJA KULTURE, MEDIJA I DRUŠTVA;80103.70;14;0.00
2024;71767935067;HRVATSKA OBRTNIČKA KOMORA - OBRTNIČKA KOMORA ZAGREB;80000.00;1;0.00
2024;90735878191;EUROKAZ;80000.00;10;0.00
2024;10379310214;OTVORENA TELEVIZIJA ZAGREB D.D.;79106.00;1;0.00
2024;85066981659;STOLNOTENISKI SAVEZ;79000.00;3;0.00
2024;13759281212;PGT ŠKUNCA D.O.O.;78781.26;66;0.00
2024;29582160591;TEATAR POCO LOCO;78513.00;20;0.00
2024;87565323632;INFO - KOD D.O.O. ZA PROIZVODNJU, TRGOVINU I USLUGE;78497.09;5;0.00
2024;65389569788;GEOTEHNIČKI STUDIO DOO;78077.74;7;0.00
2024;62924153420;SVEUČILIŠTE U ZAGREBU GRAĐEVINSKI FAKULTET;77347.47;5;0.00
2024;25627314080;GLOBALDIZAJN D.O.O.;77273.00;26;0.00
2024;01152649489;UDRUŽENJE HRVATSKIH ARHITEKATA;77000.00;7;0.00
2024;33733702301;UMJETNIČKA ORGANIZACIJA TRIKO CIRKUS TEATAR;76480.00;17;0.00
2024;78247215436;ELAG D.O.O. ZA GRADITELJSTVO I POSLOVNE USLUGE;76424.73;2;0.00
2024;47536670280;DV MIRJAM WEILLER;75888.93;23;0.00
2024;43118119983;STAMBENI ZG DOO;75887.03;409;0.00
2024;35048997850;HRVATSKI INSTITUT ZA POKRET I PLES;75857.95;5;0.00
2024;52850905017;NADBISKUPSKA KLASIČNA GIMNAZIJA;75407.56;35;0.00
2024;05697009039;DV MALI CVRČAK;75269.97;23;0.00
2024;23739786972;OSNOVNA GLAZBENA ŠKOLA IVANA ZAJCA;75017.05;51;0.00
2024;30829497972;PLESNI CENTAR TALA;75000.00;3;0.00
2024;02891598840;HRVATSKI BAROKNI ANSAMBL;74450.00;5;0.00
2024;67060688663;PROCESNA INTELIGENCIJA  D.O.O.;74387.50;5;0.00
2024;91448726740;ASTREJA PLUS D.O.O.;74238.00;2;0.00
2024;55347561606;NJIRIĆ PLUS ARHITEKTI D.O.O.;74224.50;8;0.00
2024;32142719262;CENTAR ZA ŽENSKE STUDIJE;74200.00;10;0.00
2024;92877953493;LJEČILIŠTE TOPUSKO;74150.00;41;0.00
2024;01717189665;UMJETNIČKA ORGANIZACIJA GRUPA KUGLA;73750.00;22;0.00
2024;45754112160;ZAGREBAČKI ŠPORTSKI SAVEZ GLUHIH;72256.30;3;0.00
2024;33136580055;CENTAR ZA DRAMSKU UMJETNOST;72150.00;16;0.00
2024;95093210687;MINISTARSTVO PROSTORNOG  UREĐ GRADITELJSTVA I DRŽ IMOVINE;72114.46;89;0.00
2024;48197173493;ELEKTROPROJEKT DD;71694.52;2;0.00
2024;27687512588;ARMUS D.O.O.;70505.70;6;0.00
2024;14590133971;HRVATSKI CENTAR INTERNACIONALNOG TEATARSKOG INSTITUTA;69930.00;26;0.00
2024;61395267130;SEMAX DOO;69914.59;1;0.00
2024;84105269168;DYVOLVE DOO ZA POSLOVNO SAVJETOVANJE I USLUGE;68946.85;1;0.00
2024;46572491389;NIVETO DOO;68315.33;1;0.00
2024;00180729178;ESC FACTORING DOO;66863.65;3;0.00
2024;40826829003;RHINO PRODUKCIJA DOO;66500.75;9;0.00
2024;93089936989;ODVJETNIČKO DRUŠTVO SCHMIDT&MUNDWEIL JDT;66386.90;1;0.00
2024;02954231309;HRVATSKA ZAJEDNICA ŽUPANIJA;66361.40;2;0.00
2024;70516740360;OSNOVNA GLAZBENA ŠKOLA RUDOLFA MATZA;65788.35;54;0.00
2024;84963670423;K - ZONA PROSTOR RODNE I MEDIJSKE KULTURE;65650.00;14;0.00
2024;14928074436;DRUŠTVO HRVATSKIH KNJIŽEVNIKA;65600.00;13;0.00
2024;24702201334;UMJETNIČKA ORGANIZACIJA TEATAR POEZIJE;65000.00;7;0.00
2024;14097940897;HRVATSKI STOLNOTENISKI SAVEZ;65000.00;2;0.00
2024;71441471989;HRVATSKI AKADEMSKI SPORTSKI SAVEZ;65000.00;2;0.00
2024;19841995263;SIGET DIZALA D.O.O.;64990.00;2;0.00
2024;34963795933;M V M ZVON DOO;64450.47;46;0.00
2024;16526802381;UMJETNIČKA ORGANIZACIJA RADIO TEATAR BAJSIĆ I PRIJATELJI;64000.00;7;0.00
2024;95017105221;GUT D.O.O.;63980.62;3;0.00
2024;94389348128;KALA DOO;63791.25;1;0.00
2024;79893058381;MATICA HRVATSKA;63510.00;14;0.00
2024;58147022911;AMG STUDIO D.O.O. ZA PROJEKTIRANJE,GRAĐEVINARSTVO I TRGOVINU;63369.17;5;0.00
2024;69613429051;NUGRAD D.O.O.;63325.21;8;0.00
2024;64509160041;DV PALČIĆ;63256.65;23;0.00
2024;80364394364;NAKLADA LJEVAK D.O.O.;63145.44;15;0.00
2024;25623466485;GEOPROJEKT D.D. ZA GOEDTESKE POSL.GRAĐ.PROJEKT. I NADZOR;63000.00;2;0.00
2024;98999514351;KOORDINACIJA VIJEĆA I PREDSTAVNIKA NAC.MANJINA GRADA ZAGREBA;62912.09;19;0.00
2024;02727445506;UDRUGA DRAŽEN PETROVIĆ;62000.00;1;0.00
2024;87983659027;UMJETNIČKA ORGANIZACIJA TEATAR TIRENA;61890.00;11;0.00
2024;45825378029;KRIGRAD DOO;61543.56;33;0.00
2024;21926472791;TEHNOZAVOD - MARUŠIĆ D.O.O. ZA PROIZVODNJU SUSTAVA TEH. ZAŠ.;61094.38;3;0.00
2024;75834963344;GRAD VELIKA GORICA;60977.36;2;0.00
2024;07770380976;ZAGREBAČKI KVARTET;60800.00;5;0.00
2024;98899925613;CORE DOO;60606.99;4;0.00
2024;06814071127;MRAK USLUGE DOO;60450.00;14;0.00
2024;61839748667;NOTUS IT DOO;60428.75;13;0.00
2024;91862828797;AUTO KLUB DELTA;60000.00;2;0.00
2024;18556201041;CENTRAL POINT DOO;59914.78;7;0.00
2024;26826437822;INTEROMNIA DOO;59858.30;1;0.00
2024;13582015490;UPRAVITELJ GRADNJA D.O.O.;59751.19;746;0.00
2024;33215002801;ULUPUH;59115.00;2;0.00
2024;25904655993;AUTONOMNA ŽENSKA KUĆA ZAGREB-ŽENE PROTIV NASILJA NAD ŽENAMA;58798.52;4;0.00
2024;55034160084;EKO - PLAN D.O.O.;58666.14;28;0.00
2024;98095915259;IVNE GRAĐEVINA D.O.O.;58442.83;61;0.00
2024;71221608291;PARTNER BANKA;58095.40;28;0.00
2024;42280412184;UDRUGA BACAČI SJENKI;58000.00;6;0.00
2024;35479553908;VENDO PET DOO ZA TRGOVINU I USLUGE;57721.46;3;0.00
2024;52233171260;AUTOMEHANIKA D.D.;57451.00;22;0.00
2024;78641299718;ZAPAD STAN DOO;56969.41;508;0.00
2024;86000717278;HRVATSKO DRUŠTVO GLAZBENIH UMJETNIKA;56500.00;10;0.00
2024;02633150087;MH PROJEKTIRANJE DOO ZA USLUGE;56490.00;11;0.00
2024;96153048099;M PLAN DOO;56457.39;6;0.00
2024;84168266222;PARLAM INTERIJERI JDOO;56168.00;2;0.00
2024;41976156545;PRVING BABIĆ JDOO;56120.37;123;0.00
2024;77434030734;ŠTAJDUHAR I JUREC BARAS ODVJETNIČKO DRUŠTVO DOO;55880.91;32;0.00
2024;81460524884;ZAGREBAČKI PARASPORTSKI SAVEZ;55000.00;2;0.00
2024;41417657157;OPERACIJA GRAD;55000.00;8;0.00
2024;80239334973;LIPA L.P. D.O.O.;54929.36;15;0.00
2024;38867321879;ZEM NADZOR D.O.O.;54583.05;8;0.00
2024;61647196354;ATELIERI ŽITNJAK;54250.00;13;0.00
2024;34043986015;CRISTOFORIUM;54150.00;8;0.00
2024;30716520726;AUTOKLUB SIGET;54135.00;24;0.00
2024;33649615982;ARHIS DOO;54090.00;4;0.00
2024;34902658865;FUGGER D.O.O.;53783.32;196;0.00
2024;12000190551;UDRUGA VESTIGIUM;53737.00;8;0.00
2024;52783076996;MLASING DOO;53668.11;45;0.00
2024;73127443455;PERAN D.O.O.;53047.13;1;0.00
2024;64463054095;PROARH TRI  D.O.O.;53000.00;1;0.00
2024;10821387499;UMJETNIČKA ORGANIZACIJA 21:21;53000.00;9;0.00
2024;03334333643;K INDEX DOO;52773.89;243;0.00
2024;87490332083;DRUŠTVO ARHITEKATA  ZAGREBA;52625.00;6;0.00
2024;91071817708;MAXMAR GRUPA DOO;52620.25;3;0.00
2024;85127306373;ODVJETNIČKO DRUŠTVO HANŽEKOVIĆ & PARTNERI D.O.O.;52557.92;50;0.00
2024;43511228502;NAFTALAN SPEC.BOLNICA ZA MED.REHABILITACIJU IVANIĆ GRAD;52080.00;21;0.00
2024;39632230563;GRANOVA DOO;51718.59;7;0.00
2024;43944055293;ING4STUDIO DOO;51496.45;1;0.00
2024;81881137964;GEO - RAD D.O.O. ZA GEODETSKE USLUGE;50839.19;24;0.00
2024;89621078419;GRADNJAMONT DOO;50618.75;5;0.00
2024;12957540186;UMJETNIČKA ORGANIZACIJA OBJEKT PLESA;50600.00;13;0.00
2024;85272447703;KAZALIŠTE MALA SCENA;50500.00;8;0.00
2024;21231559118;ENERGY CENTAR PLUS DOO;49850.00;1;0.00
2024;37471824981;UDRUGA BLANK;49697.00;18;0.00
2024;62428114050;ADEO D.O.O.;49378.36;3;0.00
2024;78904416556;INVESTINŽENJERING D.O.O. ZA PROJEKTIRANJE,GRAĐ. I NADZOR;48857.12;13;0.00
2024;64453957424;BAOTIĆ D.D.;48825.00;26;0.00
2024;47719259482;KEMIS TERMOCLEAN D.O.O.;48449.67;107;0.00
2024;58633897145;CARITAS ZAGREBAČKE NADBISKUPIJE;47982.74;6;0.00
2024;27355904472;ODVJETNIČKO DRUŠTVO MAĐARIĆ & LUI;47787.46;54;0.00
2024;70133616033;TELEMACH HRVATSKA DOO;47352.94;186;0.00
2024;44397455824;HIDROING DOO;47244.36;1;0.00
2024;54082733015;GENERATOR MULTIDISCIPLINARNIH KOPRODUKCIJA;47200.00;20;0.00
2024;15797731974;ŽENSKA SOBA - CENTAR ZA SEKSUALNA PRAVA;47191.56;4;0.00
2024;25657852436;KOŠARKAŠKI KLUB TREŠNJEVKA 2009.;47000.00;2;0.00
2024;42547882422;STAMBENI SERVIS - POSLOVNI CENTAR D.O.O.;46970.70;173;0.00
2024;16549597500;GIM D.O.O.;46874.70;38;0.00
2024;92350127540;KINO KLUB ZAGREB;46800.00;13;0.00
2024;71690188016;EKONERG INSTITUT ZA ENERGETIKU I ZAŠTITU OKOLIŠA D.O.O.;46562.50;3;0.00
2024;17941638357;FOTOGRAFSKA UDRUGA ORGAN VIDA;46500.00;11;0.00
2024;71309264402;DE FACTO KAZALIŠNA GRUPA;46350.00;9;0.00
2024;41087785736;ZAGREBAČKI SAVEZ TEHNIČKIH DJELATNOSTI NA VODI;46265.72;12;0.00
2024;76937815443;PROKLIMA-TIM D.O.O.;46037.50;3;0.00
2024;15091666738;DV OBZORI;46002.40;23;0.00
2024;54656708838;ODRAZ - ODRŽIVI RAZVOJ ZAJEDNICE;45799.36;5;0.00
2024;15713274984;STUDIO PANGOLIN;45730.00;26;0.00
2024;53736631841;MARGON MEDIA D.O.O. ZA USLUGE I INFORMATIKU;45653.54;18;0.00
2024;52856813660;KREATIVNI SINDIKAT;45550.00;6;0.00
2024;91407011517;UDRUGA SCENA AMADEO;45500.00;6;0.00
2024;03785720358;AUTOCENTAR AGRAM DD;45478.00;24;0.00
2024;63588853294;OIKON D.O.O.;45316.25;3;0.00
2024;26561427801;ULIX D.O.O.;45314.17;31;0.00
2024;63496160999;ZAGREBAČKI AUTOMODELARSKI SAVEZ;45185.08;14;0.00
2024;95834315072;P2P FINANCE DOO;45088.08;2;0.00
2024;45665314032;KATALPA PRODUKCIJA JDOO ZA USLUGE;45000.00;2;0.00
2024;16529207670;TEKSTILPROMET D.D.;45000.00;1;0.00
2024;63075963195;CITARA DOO;44996.55;9;0.00
2024;74645378611;GEOMATIKA DOO;44944.19;4;0.00
2024;46126976851;URED ZA FOTOGRAFIJU;44550.00;9;0.00
2024;89465265383;FRAKTURA D.O.O. ZA NAKLADNIŠTVO I USLUGE;44200.00;8;0.00
2024;08770925700;CENTAR ZA MIROVNE STUDIJE;44100.00;3;0.00
2024;15567069664;KLESARSTVO SUHOZID DOO;44050.40;1;0.00
2024;45026196523;HRVATSKI POSLOVNI CENTAR-STAMBENO POS. GOSPOD. D.O.O.;43939.78;251;0.00
2024;80926707416;UDRUGA ZA RAZVOJ MEDIJSKE I GRAĐ KULTURE RADIO STUDENT;43730.99;6;0.00
2024;79817586565;ORGANIZACIJA ZA PLANIRANJE I ARHITEKTURU D.O.O.;43580.00;2;0.00
2024;14057774659;ZAGREBAČKI RADIO PLAVI 9 D.O.O.;43578.47;1;0.00
2024;49280496152;MAGBA GRADNJA D.O.O.;43411.91;4;0.00
2024;84985028632;ZAGREBAČKI GIMNASTIČKI SAVEZ;43000.00;2;0.00
2024;78662188473;UMJET. ORGANIZ. ZA OTVARANJE NOV.POLJA KAZ.KOM.ČETVERORUKA;43000.00;14;0.00
2024;49281407435;GEODATA PROJEKT D.O.O.;42711.21;2;0.00
2024;67192095003;AUDIO STORE TRANSONICA JDOO;42700.00;7;0.00
2024;57189591567;VATROPROMET D.O.O.;42511.35;9;0.00
2024;61989185242;HRVATSKA AKADEMIJA ZNANOSTI I UMJETNOSTI;42400.00;18;0.00
2024;80653493587;ALTOCOMM D.O.O.;42363.75;1;0.00
2024;50481342682;PROSPECTUS DOO;42062.50;2;0.00
2024;40935660435;PRIVATNA GIMNAZIJA I EKONOMSKA ŠKOLA KATARINA ZRINSKI;42059.09;25;0.00
2024;34463635930;UDRUGA HRVATSKIH BRANITELJA LIJEČENIH OD PTSP POREMEĆAJA;42050.60;16;0.00
2024;41020334831;ZAGREBAČKI TAEKWONDO SAVEZ;42000.00;2;0.00
2024;12933687795;AUTO - REMETINEC D.D.;41869.00;25;0.00
2024;41775268569;UMJETNIČKA ORGANIZACIJA YELO ZA INTERDISCIPLIN UMJETN PROCES;41500.00;9;0.00
2024;31826778222;CENTAR ZA KAZALIŠTE POTLAČENIH POKAZ;41400.00;9;0.00
2024;99008810635;BCC SERVICES D.O.O.;41370.65;12;0.00
2024;62737904112;ARHITEKTURA BOLANČA DOO;41062.00;23;0.00
2024;05774769538;TRINAS INŽENJERING DOO;41000.00;6;0.00
2024;17834732750;KULTURNI KLUB;41000.00;11;0.00
2024;76023745044;SVEUČILIŠTE U ZAGREBU AGRONOMSKI FAKULTET;40877.50;3;0.00
2024;34672089688;PRESSCUT D.O.O.;40826.67;12;0.00
2024;30740253189;URBANE IDEJE DOO;40809.27;4;0.00
2024;67059989656;TROTOČKA DOO;40612.50;4;0.00
2024;87280494141;UDRUGA ZA INTERDISCIPLINARNA I INTERKULTURALNA ISTRAŽIVANJA;40500.00;9;0.00
2024;17372105601;KREATIVNA MREŽA;40400.00;12;0.00
2024;71412305441;ELEMENT D.O.O. ZA NAKLADNIŠTVO;40343.18;9;0.00
2024;03710921437;BUILDING DOO;40231.24;6;0.00
2024;79414426924;HRVATSKI BOKSAČKI SAVEZ;40000.00;2;0.00
2024;21625412015;HRVATSKI RAGBIJAŠKI SAVEZ;40000.00;2;0.00
2024;99987305172;ODVJETNIČKO DRUŠTVO JELIĆ, VUKOVIĆ & VUKŠIĆ;39974.06;5;0.00
2024;87431717711;UMJETNIČKA ORGANIZACIJA FILM - PROTUFILM;39700.00;9;0.00
2024;32323862297;LEPIRAC DOO;39676.98;1;0.00
2024;33143360337;BODROŽIĆ RALIŠ I PRIJATELJI DOO;39429.00;2;0.00
2024;04662252043;KOPIMA D.O.O.;39389.00;21;0.00
2024;59841066496;ADA MAR DOO;39314.46;1;0.00
2024;09177957072;SEDRA CONSULTING D.O.O.;39267.33;32;0.00
2024;34456781211;ZAGREBAČKI RADIOAMATERSKI SAVEZ;39240.76;14;0.00
2024;86197619116;ATAR DOO ZA PROJEKTIRANJE NADZOR I TRGOVINU;39072.40;4;0.00
2024;32176348568;ZAJEDNICA FOLKORNOG AMATERIZMA GRADA ZAGREBA;39000.00;6;0.00
2024;44618061908;DIVERT INKLUZIVNI PLESNI KOLEKTIV;38900.00;9;0.00
2024;29580000267;OŠ LAUDER  HUGO KON S PRAVOM JAVNOSTI;38679.55;39;0.00
2024;50162948091;UDRUGA ZA PROMICANJE INKLUZIJE;38495.00;5;0.00
2024;51305070892;AQUA SPECIJAL DOO;38375.00;2;0.00
2024;75926310092;CAPITAL ING D.O.O.;38312.26;18;0.00
2024;11609825855;DEPT TECHNOLOGY DOO;38250.00;13;0.00
2024;27493567293;GASTROPROJEKT DOO;38157.98;2;0.00
2024;14504100762;SAVEZ STUDENATA FAKULTETA ELEKTROTEHNIKE I RAČUNARSTVA;38000.00;7;0.00
2024;68899485354;KRUGOVI, CENTAR ZA EDUKACIJU, SAVJETOVANJE I HUMAN. DJELOV.;37727.00;7;0.00
2024;47481627827;REHABILITACIJSKI CENTAR ZA STRES I TRAUMU;37147.00;5;0.00
2024;04971949268;ŽENSKI AKADEMSKI VATERPOLSKI KLUB MLADOST;37000.00;2;0.00
2024;01013177444;UMJETNIČKA ORGANIZACIJA KAZALIŠTE MORUZGVA;36980.00;6;0.00
2024;77583789735;TRINDUS EKSPERT DOO;36846.91;136;0.00
2024;65289262084;HRVATSKI P.E.N. CENTAR UDRUGA PISACA PREVODILACA I PUBLICIST;36800.00;8;0.00
2024;21782292807;GEORAD-STOLARIJA D.O.O. ZA PROIZVODNJU GRAĐEVINSKE STOLARIJE;36660.15;1;0.00
2024;64616149246;UMJETNIČKA ORGANIZACIJA FORMAT C;36600.00;9;0.00
2024;94391499491;NACIONALNI MUZEJ MODERNE UMJETNOSTI;36580.00;4;0.00
2024;72454645041;BANDIĆ MILAN 365 STRANKA RADA I SOLIDARNOSTI U STEČAJU;36400.00;4;0.00
2024;02010978731;SOCIJALDEMOKRATSKA PARTIJA HRVATSKE;36400.00;4;0.00
2024;98814266166;COOP 31 DOO;36366.05;1;0.00
2024;75865428162;ARKADA INTERIJERI DOO ZA UREĐENJE INTERIJERA;36262.06;2;0.00
2024;27876338953;UDRUGA ZA NEZAVISNU MEDIJSKU KULTURU;36169.53;7;0.00
2024;61883395124;BRAMINI D.O.O. INŽENJERING PROJEKTIRANJE ZASTUPANJE;36117.92;8;0.00
2024;76120956111;PIEL DOO;35946.75;2;0.00
2024;79695515983;ELDRA DOO;35939.25;5;0.00
2024;01254445043;DIMNJAČARSKA OBRTNIČKA ZADRUGA;35755.99;171;0.00
2024;04150008463;HRVATSKA DEMOKRATSKA ZAJEDNICA;35700.00;4;0.00
2024;34967762426;SVEUČILIŠTE U ZAGREBU EDUKACIJSKO-REHABILITACIJSKI FAKULTET;35610.00;3;0.00
2024;18216105743;PROJEKTNI BIRO NAGLIĆ D.O.O.;35347.22;31;0.00
2024;86541007665;LUTKARSKA ORGANIZACIJA KOJU FAKAT TREBAMO;35250.00;12;0.00
2024;81342099677;BRANITELJSKA ZADRUGA DANICA ZAGREB;35168.50;14;0.00
2024;91071732711;DEBRA, DRUŠTVO OBOLJELIH OD BULOZNE EPIDERMOLIZE;35117.00;5;0.00
2024;23141220773;INTERKONZALTING D.O.O.;35000.00;5;0.00
2024;88615915161;KAJAKAŠKI SAVEZ ZAGREBA;35000.00;2;0.00
2024;67647798680;TEATAR RUGANTINO;35000.00;8;0.00
2024;93691731093;ZAKLADA ČUJEM, VJERUJEM, VIDIM;34900.00;5;0.00
2024;92274371073;THEMELIA D.O.O. ZA PROJEKTIRANJE, ZASTUPANJE I TRGOVINU;34787.26;2;0.00
2024;46448657157;ZAGREBAČKI FOLKLORNI ANSAMBL DR. IVANA IVANČANA;34500.00;4;0.00
2024;37553848651;LANIŠTE D.O.O. ZA GRADITELJSTVO I USLUGE;34412.45;9;0.00
2024;57178195411;MAP TRADE DOO;34077.88;2;0.00
2024;09506893120;ZAGREBAČKI KARATE SAVEZ;34000.00;2;0.00
2024;15702256936;TRAF SIGNAL DOO;33744.09;1;0.00
2024;60260099259;AKTER PUBLIC DOO;33435.25;27;0.00
2024;10061338895;DRUŠTVO HRVATSKIH KNJIŽEVNIH PREVODILACA;33200.00;4;0.00
2024;19001127555;MTH STROJEVI DOO;33112.50;1;0.00
2024;41280267782;STIV MED DOO;33097.55;1;0.00
2024;24934076574;ZAJEDNICA KLUBOVA LIJEČENIH ALKOHOLIČARA ZAGREB;33000.00;6;0.00
2024;86642397740;ZAGREBAČKI KOMORNI ORKESTAR;33000.00;9;0.00
2024;29878213790;ZAGREBAČKI BOKSAČKI SAVEZ;33000.00;2;0.00
2024;16782831188;ZAGREBAČKI ŠAHOVSKI SAVEZ;33000.00;2;0.00
2024;41683226810;INSTITUT ZA JAVNE FINANCIJE;32980.00;7;0.00
2024;70482234704;PROMET I PROSTOR D.O.O.;32860.76;2;0.00
2024;69797026382;DELOITTE SAVJETODAVNE USLUGE DOO POSLOVNO SAVJETOVANJE;32848.90;3;0.00
2024;18966227376;ALTIUM INTERNATIONAL DOO;32778.63;1;0.00
2024;30522286914;UDRUGA ZA PROMICANJE STVARALAŠTVA I JEDN MOGUĆ ALTERNATOR;32700.00;5;0.00
2024;79967404744;PRO DOO;32651.50;1;0.00
2024;83237257080;ZAKLADA ANA RUKAVINA;32650.00;2;0.00
2024;31976237674;MAIDEA DOO;32500.00;1;0.00
2024;83978833320;GEOKOD D.O.O.;32500.00;2;0.00
2024;96111821885;NEKOLIKO DOO;32400.00;4;0.00
2024;95160774410;PRONOVA DOO ZA SAVJETOVANJE I USLUGE;32250.00;1;0.00
2024;88011406433;PRIMO STROJ DOO;32063.75;1;0.00
2024;23248350988;LAUBA;32000.00;3;0.00
2024;73660371074;PEVEX DD;31995.10;46;0.00
2024;42443427442;K I K EURO PROJEKT DOO;31826.56;1;0.00
2024;86117549775;UDRUGA ZA PROMICANJE VIZUALNIH UMJ. I KULT. DJ. VIZKULTURA;31800.00;10;0.00
2024;17864175766;NN BILIĆ DOO;31585.71;1;0.00
2024;39827887546;AIPK TRGOVINA DOO;31570.00;1;0.00
2024;71959900435;VJEŠTAK BAN DOO;31447.94;17;0.00
2024;69824424463;VOLONTERI U PALIJATIVNOJ SKRBI LA VERNA;31392.00;8;0.00
2024;79315449004;DRUŠTVO DISTROFIČARA;31350.00;6;0.00
2024;05311656188;UMJETNIČKA ORGANIZACIJA METROPOLIS;31200.00;14;0.00
2024;16832883800;ODVJETNIČKO DRUŠTVO  BOŽIĆ I PARTNERI DOO;31145.59;3;0.00
2024;70452429639;AMBIDEKSTER KLUB;31106.00;8;0.00
2024;13042216614;UDRUGA ZA RAZVOJ URADI SAM KULTURE - RADIONA;31000.00;5;0.00
2024;44251478653;ZAGREBAČKI JUDO SAVEZ;31000.00;2;0.00
2024;03897450800;PROJEKTNI URED  MI2A DOO;30907.15;10;0.00
2024;23941254478;UMJETNIČKA ORGANIZACIJA OAZA;30900.00;13;0.00
2024;74364236410;SALON BANKARSKE OPREME -  OZIMEC;30818.75;1;0.00
2024;94081753133;AUTOBAHN DOO;30766.11;18;0.00
2024;56924649846;ISUSOVAČKA SLUŽBA ZA IZBJEGLICE;30675.00;2;0.00
2024;73574345601;UMJETNIČKA ORGANIZACIJA - OTVORENI LIKOVNI POGON - ZAGREB;30650.00;8;0.00
2024;76058604397;CORE INTEGRA D.O.O. ZA SAVJETOVANJE I  USLUGE;30644.25;13;0.00
2024;98594743140;HILDING ANDERS DOO;30622.50;5;0.00
2024;32007378078;SFERA DRUŠTVO ZA ZNANSTVENU FANTASTIKU;30600.00;10;0.00
2024;23064700393;INSTITUT ZA SUVREMENU UMJETNOST;30500.00;4;0.00
2024;16523061708;UDRUGA GLUHOSLIJEPIH OSOBA GRADA ZAGREBA;30300.00;8;0.00
2024;07897941748;CORNUS PROJEKT D.O.O. ZA PROJEKTIRANJE I USLUGE;30166.80;11;0.00
2024;35157849903;GHIA SPORT D.O.O.;30106.88;3;0.00
2024;92229708301;IMMERSIVE GAMES DOO ZA INFORMATIKU I POSLOVNO SAVJETOVANJE;30000.00;1;0.00
2024;84358679150;ŠANAVALA DOO;30000.00;1;0.00
2024;89764304852;ZAGREBAČKI ORKESTAR ZETA;30000.00;8;0.00
2024;92751331860;ZAGREBAČKI PLIVAČKI SAVEZ;30000.00;2;0.00
2024;09309908320;ZAGREBAČKI HOKEJSKI SAVEZ;30000.00;2;0.00
2024;15425371026;FOLKLORNI ANSAMBL ZAGREB-MARKOVAC;30000.00;2;0.00
2024;14155634297;PARTNER GRADNJA D.O.O.;29969.85;21;0.00
2024;61867710134;GONG;29946.56;1;0.00
2024;46314418222;UDRUGA CRTANI ROMANI ŠOU;29900.00;6;0.00
2024;99626319363;SB COMMERCE PODUZEĆE ZA PROIZVODNJU, TRG.,ZASTUP.I TU.D.O.O.;29700.00;1;0.00
2024;54895392358;BLUEMONT DOO;29696.03;1;0.00
2024;29212890252;GEOEKSPERT D.O.O.;29692.34;5;0.00
2024;02217925295;UDRUGA IGRA;29607.00;7;0.00
2024;71221363917;BAZA ZA RADNIČKU INICIJATIVU I DEMOKRATIZACIJU BRID;29400.00;1;0.00
2024;68419124305;HRVATSKA RADIOTELEVIZIJA;29361.18;36;0.00
2024;01669597821;RC PROING DOO;29340.00;4;0.00
2024;04338763558;FESTIVAL SUVREMENOG ŽIDOVSKOG FILMA ZAGREB;29315.88;5;0.00
2024;90225082044;UMJETNIČKA ORGANIZACIJA KAZALIŠNA DRUŽINA EMPIRIA TEATAR;29135.00;6;0.00
2024;79526992554;UMJETNIČKA ORGANIZACIJA PUNCTUM;29100.00;6;0.00
2024;98879204411;SIMEON VETUS DOO;29062.50;1;0.00
2024;91805905887;HRABRI TELEFON;29057.00;7;0.00
2024;63126032936;MONEL DOO;29043.50;341;0.00
2024;61732079562;ARAUCARIA DOO ZA ODRŽAVANJE I UREĐENJE ZELENIH POVRŠINA;28963.75;2;0.00
2024;47012378732;UDRUGA ZA AUTIZAM;28900.00;4;0.00
2024;24702975835;DOM NADE UDRUGA ZA PODRŠKU BESKUĆN I OST SOC UGROŽ SKUPINAMA;28859.66;5;0.00
2024;30532290707;ALARM AUTOMATIKA ZAŠTITNI, MULTIMED. I KOM. SUSTAVI D.O.O.;28844.29;3;0.00
2024;43487470444;UMJETNIČKA ORGANIZACIJA MALO SUTRA;28750.00;6;0.00
2024;97586475497;ABSOLUTE D.O.O.;28598.44;55;0.00
2024;87425920265;BETON LUČKO D.O.O;28586.25;1;0.00
2024;56998660224;UMJETNIČKA ORGANIZACIJA NAHERO;28500.00;6;0.00
2024;74151090266;SUSTAV ORKESTARA DJECE I OMLADINE;28150.00;8;0.00
2024;84931084664;SLAVONIJA BUS DOO;28094.85;1;0.00
2024;52853709191;DOMOVINSKI POKRET;28000.00;4;0.00
2024;21913596812;UNISON HRVATSKI GLAZBENI SAVEZ;28000.00;7;0.00
2024;49906895606;GEODETSKI PROJEKTI I SUSTAVI D.O.O.;27863.57;26;0.00
2024;21934187304;UDRUŽENJE DJECA PRVA;27717.00;6;0.00
2024;64146328841;TENISKI KLUB TOP SPIN;27500.00;1;0.00
2024;80888915470;ZAGREB PRIDE;27400.00;6;0.00
2024;29796229671;PLEHATRON DOO ZA USLUGE;27340.00;1;0.00
2024;05099173092;LEMAX D.O.O.;27304.34;46;0.00
2024;90555383444;MT ETER D.O.O.;27265.37;1;0.00
2024;99029223761;ORATORIJSKO DRUŠTVO CRKVE SVETOG MARKA;27000.00;8;0.00
2024;27704597061;ZAGREBAČKI STRELJAČI SAVEZ;27000.00;2;0.00
2024;69299574726;HRVATSKI SPORTSKI PLESNI SAVEZ;27000.00;1;0.00
2024;72396032469;HRVATSKI BOCCIA SAVEZ;27000.00;2;0.00
2024;40770493974;GE EL PROING DOO;26952.05;6;0.00
2024;23688186092;DV ACUTO;26926.93;5;0.00
2024;67802486370;ORELIUS SAVJETOVANJE DOO;26905.38;4;0.00
2024;79513253561;RUMAT DOO;26872.32;545;0.00
2024;59920925649;PA VIN DOO;26529.21;1;0.00
2024;19181278015;SODA ARHITEKTI DOO;26500.00;1;0.00
2024;25640412631;SAVEZ GLUHIH  I NAGLUHIH GRADA ZAGREBA;26500.00;7;0.00
2024;13909509653;GEO LINE SYSTEMS DOO;26461.12;5;0.00
2024;53969486500;MINISTARSTVO RADA MIROVINSKOG SUST OBITELJI I SOC POLITIKE;26436.01;4;0.00
2024;39792730053;IPT INŽENJERING D.O.O.;26413.00;13;0.00
2024;75454185661;OPĆINA BISTRA;26338.68;3;0.00
2024;79506290597;LEXPERA DOO;26304.50;17;0.00
2024;89249500835;EXPERT D.O.O.;26200.00;2;0.00
2024;24282973276;KOR DOO;26125.00;2;0.00
2024;59552791905;TEATAR GAVRAN;26000.00;8;0.00
2024;85616534537;UMJETNIČKA ORGANIZACIJA P137;26000.00;7;0.00
2024;64500625635;BIM PROJEKT DOO;25900.00;5;0.00
2024;81273222992;STUDIO OBRIS D.O.O.;25884.45;6;0.00
2024;35632925066;V.B.Z. D.O.O.;25806.80;7;0.00
2024;10626066704;MULTIMEDIJALNA KOLIBA;25700.00;10;0.00
2024;89968033067;CROATIA - TEHNIČKI PREGLEDI D.O.O.;25554.00;24;0.00
2024;62776334004;DRUŠTVO ZA PROMICANJE KNJIŽEVNOSTI NA NOVIM MEDIJIMA;25400.00;3;0.00
2024;44420360728;DV MALI KAJ;25389.57;17;0.00
2024;48674189572;UDRUGA KULTURA NOVA;25139.18;5;0.00
2024;35075428561;UMJETNIČKA ORGANIZACIJA CARGO;25000.00;14;0.00
2024;26896388401;KONCERTNA DVORANA TVORNICA KULTURE;25000.00;4;0.00
2024;74555862029;AGRIVI DOO ZA PROIZVODNJU TRGOVINU I USLUGE;25000.00;1;0.00
2024;69265772227;UMJETNIČKA ORGANIZACIJA HRVATSKI KOMORNI ORKESTAR;25000.00;2;0.00
2024;07200034745;ZAGREBAČKI RUKOMETNI SAVEZ;25000.00;1;0.00
2024;32240620214;ZID ARH DOO;25000.00;2;0.00
2024;28158057823;SUBMAP D.O.O. ZA PROJEKTIRANJE I SAVJETOVANJE;25000.00;5;0.00
2024;48444972867;ELEKTRO - ENERGETIKA  D.O.O.;24993.24;1;0.00
2024;19422090987;MICOM ELEKTRONIKA D.O.O. ZA TRGOVINU O USLUGE;24600.00;1;0.00
2024;59768527197;SIDERO NOVITA DOO ZA USLUGE;24415.82;3;0.00
2024;23436523291;ESOTECH DD;24174.15;1;0.00
2024;36703431428;BEZ GRANICA;24142.00;3;0.00
2024;33911499305;FORMA PURUS D.O.O.;24097.50;1;0.00
2024;33665211672;BORNFIGHT STUDIO D.O.O.;24062.50;4;0.00
2024;53046704438;PLANET ART;24000.00;4;0.00
2024;77122499471;UDRUGA ZA PR. KULTURE AUTOMOBILA I DIZAJNA SCUDERIA ZAGREB;23900.00;5;0.00
2024;90002393727;ŽUPA SV.BLAŽA;23890.08;12;0.00
2024;01599058817;ZAGREBAČKI MAKETARSKO - MODELARSKI SAVEZ;23835.40;14;0.00
2024;66718146008;HUDEK TRGOTRANS DOO;23806.00;1;0.00
2024;39975024346;NOMADSKA PLESNA AKADEMIJA;23750.00;5;0.00
2024;18422925218;SVEUČILIŠTE U ZAGREBU MUZIČKA AKADEMIJA;23728.09;6;0.00
2024;27414388868;BRŽE VIŠE BOLJE D.O.O;23649.16;15;0.00
2024;99080771351;KOŽUL DOO;23637.35;1;0.00
2024;87489150412;CANNABIO DOO;23482.29;6;0.00
2024;70806277753;TEHNOPANELI DIZAJN D.O.O. ZA TRGOVINU I PROIZV. NAMJEŠTAJA;23470.00;1;0.00
2024;38890689962;BALLON OBRT ZA ČUVANJE DJECE VL KRISTINA LEGIN;23431.99;8;0.00
2024;39620501429;DRUŠTVO TJELESNIH INVALIDA;23367.00;9;0.00
2024;84430586938;RUDAN D.O.O.;23336.50;3;0.00
2024;08222794758;OMNIMEDIA D.O.O.;23300.00;4;0.00
2024;63621765720;DRUŠTVO POVJESNIČARA UMJETNOSTI HRVATSKE;23300.00;3;0.00
2024;88359896101;GRADITELJSTVO ROŽIĆ DOO ZA GRADITELJSTVO I PRIJEVOZ;23300.00;1;0.00
2024;10241069297;ZELENA INFRASTRUKTURA DOO ZA ZAŠTITU OKOLIŠA I PROST UREĐENJ;23130.25;1;0.00
2024;85272651470;AMB GRADNJA D.O.O.;23108.62;3;0.00
2024;35863023030;DIDI SOUND D.O.O.;23050.00;9;0.00
2024;06300970251;BAU GRAD JDOO;23024.70;2;0.00
2024;26378007258;UDRUGA ŠPORTSKIH RIBOLOVACA INVALIDA DOMOVINSKOG RATA;23000.00;3;0.00
2024;23268153080;INTER FILM DOO;23000.00;2;0.00
2024;87103856515;CENTAR ZA NEURORAZVOJNU INTEGRACIJU REFLEKSA;22923.09;4;0.00
2024;22910368449;FAKULTET STROJARSTVA I BRODOGRADNJE SVEUČILIŠTA U ZAGREBU;22862.50;3;0.00
2024;96743361297;G. I. M. GRAĐENJE D.O.O.;22806.26;20;0.00
2024;43174632631;MALA ZVONA D.O.O. ZA IZDAVAŠTVO I USLUGE;22800.00;7;0.00
2024;61765726217;LIPAR OPREMA DOO ZA IZNAJMLJIVANJE STROJEVA I OPREME;22734.50;12;0.00
2024;16252130565;DEMS LIFT DOO;22727.50;2;0.00
2024;45957579638;TENZOR HRVATSKA SBS DOO;22656.25;1;0.00
2024;82067332481;ERNST & YOUNG SAVJETOVANJE D.O.O.;22525.00;2;0.00
2024;55305844525;IBIS-GRAFIKA D.O.O. ZA GRAFIČKE USLUGE;22500.00;8;0.00
2024;39615965867;STUDIO ARTLESS;22500.00;4;0.00
2024;70861330288;UDRUGA KORABLJA;22500.00;5;0.00
2024;09508149024;UDRUGA ZA PROMICANJE KNJIŽEVNOSTI I KULTURE SKRIBONAUTI;22500.00;2;0.00
2024;67417590263;CEDEPE-DR. OSOBA S CEREBRALNOM I DJEČJOM PARALIZOM ZAGREB;22400.00;2;0.00
2024;85098617057;NOVA LJEVICA;22400.00;4;0.00
2024;16926275000;GEO SUSTAVI D.O.O.;22390.76;6;0.00
2024;99339634780;VITA PROJEKT DOO;22375.00;1;0.00
2024;26314002934;KRIZANTEMA USLUGE D.O.O.;22314.85;13;0.00
2024;30943704642;EURO ZONA DOO;22227.55;2;0.00
2024;36444182418;ATMOSFERA DOO;22209.33;3;0.00
2024;74660437164;DRŽAVNI HIDROMETEOROLOŠKI ZAVOD;22161.50;5;0.00
2024;57964358389;EURO - V.A.L. D.O.O.;22117.50;1;0.00
2024;31208074467;UDRUGA ZELENI KLIK;22107.00;6;0.00
2024;31214705045;C5 KONCEPT D.O.O. ZA USLUGE;22069.25;9;0.00
2024;17870151363;STUDIO ARHING DOO ZA INŽINJERING POSLOVA U GRADITELJSTVU;22000.00;1;0.00
2024;06081983053;KOMORNI ZBOR IVAN FILIPOVIĆ;22000.00;4;0.00
2024;39075073977;UDRUGA PASIONSKA BAŠTINA;22000.00;6;0.00
2024;27987108040;USLUGA D.O.O.;21934.38;1;0.00
2024;05394491002;SLIV OPREMA D.O.O.;21911.25;1;0.00
2024;92833007025;KAZALIŠTE HOTEL BULIĆ;21900.00;5;0.00
2024;75920958860;MAŠTARA;21895.00;3;0.00
2024;25414985167;UDRUGA PET PLUS;21861.22;5;0.00
2024;07853602203;FORUM ZA SLOBODU ODGOJA;21778.80;5;0.00
2024;47896586743;KAZALIŠNA DRUŽINA BOOM TEATAR;21700.00;5;0.00
2024;73808101740;SLAVEKS, D.O.O. U STEČAJU;21691.62;2;0.00
2024;31390132309;PUČKO OTVORENO UČILIŠTE KORAK PO KORAK;21650.00;3;0.00
2024;77917801452;RIS DOO;21586.93;4;0.00
2024;63348452174;HIPERPROSTOR D.O.O.;21507.39;2;0.00
2024;81030685223;UMJETNIČKA ORGANIZACIJA IMAGINE PLATFORMA;21500.00;5;0.00
2024;60174266484;DRUŠT ZA POBOLJŠ. KV. ŽIVOTA SIROM. I NEZBR. DJECE MALI ZMAJ;21347.00;5;0.00
2024;47993902504;ZRINMATUČEC D.O.O.;21336.25;4;0.00
2024;69540268192;MEDIS ADRIA DOO;21271.25;1;0.00
2024;47978428233;UDRUGA GRADOVA U REPUBLICI HRVATSKOJ;21235.64;4;0.00
2024;68752651868;MEŠTROVIĆ - PRIJEVOZ D.O.O.;21224.56;10;0.00
2024;77512890448;SIGPROM DOO;21200.00;2;0.00
2024;41874531291;PARKOVI D.O.O.;21098.51;4;0.00
2024;48643641997;DRUŠTVO ZA SOCIJALNU PODRŠKU;21085.16;3;0.00
2024;52885317777;DERATIZACIJA GOSPIĆ DOO;21076.12;18;0.00
2024;80765753402;MATIĆ PLUS DOO;21053.10;13;0.00
2024;39255768470;NON ARHITEKTURA DOO;21028.00;13;0.00
2024;15956530643;FORTIUS INFO D.O.O. ZA TRGOVINU I USLUGE;21012.50;11;0.00
2024;73199055285;UMJETNIČKA ORGANIZACIJA KAZALIŠNA DRUŽINA CIRK POZOR;21000.00;7;0.00
2024;02570282389;UMJETNIČKA ORGANIZACIJA TRES PAS;21000.00;6;0.00
2024;51629434968;UDRUGA KAZALIŠTE, VIZUALNE UMJETNOSTI I KULTURA GLUHIH-DLAN;21000.00;12;0.00
2024;67345817198;MOST;21000.00;4;0.00
2024;74856132042;ODVJETNIČKO DRUŠTVO ŠKARICA I PARTNERI;20980.47;2;0.00
2024;51798116034;JK PROJEKT RENT DOO;20903.85;9;0.00
2024;35134680162;DV POTOČIĆ;20820.54;10;0.00
2024;70989581208;KUĆĆA;20800.00;9;0.00
2024;02019557948;ARHITEKTURA KRITOVAC JDOO;20779.20;2;0.00
2024;55383694934;VEVEREC 91 DOO;20750.00;1;0.00
2024;71819246783;EKO INVEST D.O.O.;20737.94;1;0.00
2024;34213143813;IDK PROJEKTI J.D.O.O.;20636.28;6;0.00
2024;15748798560;MAKSIMUS D.O.O.;20602.63;219;0.00
2024;19240285746;ARHINGTRADE D.O.O.;20572.41;15;0.00
2024;34421776805;ELEX ZA PROIZVODNJU MONTAŽU I TRGOVINU;20502.59;7;0.00
2024;53395105050;HKPD BOSILJAK;20500.00;4;0.00
2024;18275884674;TAU PROJEKT DOO;20424.91;9;0.00
2024;51227446526;SAVEZ SCENARISTA I PISACA IZVEDBENIH DJELA;20400.00;7;0.00
2024;59999692487;SAVEZ UDRUGA KLUBTURA;20380.00;5;0.00
2024;26240899420;MICHEL DOO;20376.74;3;0.00
2024;35690918519;TRI KVARTI DOO;20290.84;1;0.00
2024;82395099569;HRVATSKO DEBATNO DRUŠTVO;20286.61;3;0.00
2024;97258269943;HRVATSKO DRUŠTVO KNJIŽEVNIKA ZA DJECU I ML KLUB PRVIH PISACA;20100.00;4;0.00
2024;22822699415;ODVJETNIČKO DRUŠTVO METELKO KNEŽEVIĆ I PARTNERI DOO;20066.25;33;0.00
2024;31752360370;DIREKT PROJEKT DOO;20022.50;1;0.00
2024;57675698526;UDRUŽENJE OBRTNIKA GRADA ZAGREBA;20000.00;1;0.00
2024;15656934984;VITEŠKO ALKARSKO DRUŠTVO SINJ;20000.00;1;0.00
2024;54583525203;STOIČEV D.O.O.;20000.00;1;0.00
2024;53830159458;HKUD ŽELJEZNIČAR;20000.00;4;0.00
2024;62529488741;ROBOT 22 DOO ZA USLUGE;20000.00;2;0.00
2024;33303048459;TEATAR CIRKUS PUNKT;20000.00;8;0.00
2024;41040680817;DRIJEN DOO;19998.00;1;0.00
2024;35995486720;UDRUGA ZEMLJANI ARE YOU SYRIOUS;19930.00;2;0.00
2024;78303054400;MARKIVA PROJEKT D.O.O.;19775.70;1;0.00
2024;38880270076;PERINIĆ SISTEMI DOO;19535.74;1;0.00
2024;48400313356;EUROCOP DOO PROIZVODNJA TRGOVINA SERVIS;19487.50;1;0.00
2024;60424552301;PLANETARIS D.O.O;19450.00;1;0.00
2024;62707927904;AUDIO VIDEO CONSULTING DOO;19441.50;18;0.00
2024;80572192786;HŽ PUTNIČKI PRIJEVOZ D.O.O.;19310.03;94;0.00
2024;65342447502;GEODETSKI ZAVOD D.D.;19299.24;1;0.00
2024;27579710805;TEDING D.O.O.;19282.32;3;0.00
2024;85625941652;MREŽA ANTIFAŠISTKINJA ZAGREBA;19150.00;5;0.00
2024;63242698145;TAHIMETAR D.O.O. ZA GEODETSKE DJELATNOSTI;19041.11;19;0.00
2024;89113223855;PRIVATNA GIMNAZIJA I STRUKOVNA ŠKOLA SVIJET S PRAVOM JAVNOST;19040.00;16;0.00
2024;62296711978;MLINAR D.D.;19019.40;183;0.00
2024;61394757132;CENZUS D.O.O. ZA PROMET ROBE I USLUGA;19001.89;23;0.00
2024;52560654618;HSPD SLJEME ŠESTINE;19000.00;6;0.00
2024;87844750363;UDRUGA ŽENA OBOLJELIH I LIJEČENIH OD RAKA NISMO SAME;19000.00;5;0.00
2024;66303138221;FOLKLORNI ANSAMBL SESVETSKA SELA;19000.00;2;0.00
2024;06565884479;KULTURNO UMJETNIČKO DRUŠTVO SESVETE;19000.00;2;0.00
2024;54405379938;TIM PRESS IZDAVAŠTVO,MARKETING,TRGOVINA I USLUGE D.O.O.;19000.00;7;0.00
2024;64989582259;UDRUGA PROFESIONALNIH PLESNIH UMJETNIKA PULS;18900.00;12;0.00
2024;28251263363;ANSAMBL NARODNIH PLESOVA I PJESAMA HRVATSKE LADO;18800.00;5;0.00
2024;74703557839;PARTNER ZAŠTITA DOO ZA USLUGE;18754.69;1;0.00
2024;60135687514;ŽIVI ATELJE DAJHT KRALJ;18700.00;3;0.00
2024;06947174377;RODITELJI U AKCIJI - RODA;18600.08;6;0.00
2024;91352666060;CEST AGRAM UDRUGA ULIČNIH ZABAVLJAČA;18600.00;4;0.00
2024;55191916939;KONČAR DIGITAL DOO;18562.50;9;0.00
2024;37363837470;DRŽAVNI ARHIV U ZAGREBU;18519.54;30;0.00
2024;31014383635;PRVI TREPTAČ DOO ZA PRMETNU SIGNALIZACIJU;18501.25;1;0.00
2024;19673322859;MONTAŽSTROJ;18500.00;2;0.00
2024;12448394088;ODVJETNIČKO DRUŠTVO KUTLEŠA I ŽAKULA JTD;18480.75;46;0.00
2024;45990641695;AD LIBITUM D.O.O.;18462.50;15;0.00
2024;98729360320;AVANTI TRAVEL D.O.O.;18450.00;53;0.00
2024;82496456779;PROMOCIJA PLUS DOO ZA ODNOSE S JAVNOŠĆU I ISTRAŽ TRŽIŠTA;18442.50;2;0.00
2024;03492821167;NOVI INFORMATOR D.O.O.;18199.61;16;0.00
2024;71445870691;AUTO PROMET SISAK D.O.O.;18114.10;9;0.00
2024;07943625362;ZAGREBAČKI SAVEZ KLUBOVA MLADIH TEHNIČARA;18105.48;12;0.00
2024;39135989747;ZUBAK GRUPA DOO;18092.00;26;0.00
2024;68155026706;RADIO KAJ DOO ZA RADIJSKU I TELEVIZIJSKU DJELATNOST;18000.00;1;0.00
2024;64532035351;ORIS KUĆA ARHITEKTURE;18000.00;2;0.00
2024;58002925068;UMJETNIČKA ORGANIZACIJA OVOONO;18000.00;7;0.00
2024;09095322581;DOCUMENTA - CENTAR ZA SUOČAVANJE S PROŠLOŠĆU;17942.36;3;0.00
2024;30281577600;OBIN UPRAVLJANJE DOO;17926.02;177;0.00
2024;70663193635;AGRAM BANKA DD ZAGREB;17883.88;24;0.00
2024;49503354754;GS UPRAVLJANJE DOO;17765.70;11;0.00
2024;15289275541;MIRTA CONSULTING JDOO;17737.50;3;0.00
2024;45496526912;RIPINA DOO;17695.79;4;0.00
2024;93604401369;UDRUGA PRAGMA;17656.82;2;0.00
2024;99439479072;PRIOR INŽENJERING D.O.O.;17625.00;1;0.00
2024;99917958785;GEOEXPERT IGM D.O.O.;17519.41;4;0.00
2024;95847257607;AKADEMIJA LIKOVNIH UMJETNOSTI;17500.00;6;0.00
2024;40498868827;DURIEUX D.O.O. ZA IZD. I TISK. DJEL.,TRGOVINU,USL.I UVOZ-IZ.;17400.00;4;0.00
2024;76945423688;CELERITAS USLUGE JDOO;17341.78;2;0.00
2024;26028100809;FOTO KLUB ZAGREB;17300.00;6;0.00
2024;97076801325;UDRUGA INVALIDA RADA ZAGREB;17300.00;2;0.00
2024;30412018193;BORONGAJ INVEST DOO;17277.78;62;0.00
2024;93252258037;KAZALIŠNA DRUŽINA KUFER;17200.00;5;0.00
2024;19905002344;VUKOVARSKE MAJKE UDRUGA RODITELJA I OBIT. ZAROB.I NASL.ODVED;17200.00;2;0.00
2024;54331164416;UMJETNIČKA ORGANIZACIJA KAZALIŠNA DRUŽINA SMJEŠKO;17200.00;7;0.00
2024;67749812605;KOZLIĆI UDRUGA ZA PROMICANJE KULTURE;17150.00;5;0.00
2024;35289396071;CANTUS D.O.O.;17147.20;5;0.00
2024;49466521634;HRVATSKI SAVEZ SLIJEPIH;17124.50;5;0.00
2024;65770890193;UDRUGA DJELOVANJA U KULTURI ARTERARIJ;17000.00;7;0.00
2024;10399936014;ZAGREBAČKI SAVEZ SPORTSKE REKREACIJE SPORT ZA SVE;17000.00;1;0.00
2024;70978671801;GEODIST D.O.O.;16875.00;2;0.00
2024;03704066171;ROCK BRIGADA DOO;16800.00;2;0.00
2024;36233544501;GRAĐEVINSKI RADOVI D.O.O.;16733.02;17;0.00
2024;10337470512;CENTAR ZA RAZVOJ OSOBNIH KOMPETENCIJA I ZAŠT LJUDSKIH PRAVA;16709.54;2;0.00
2024;48953641019;HRVATSKI SAVEZ GLUHOSLIJEPIH OSOBA - DODIR;16707.49;19;0.00
2024;16501731296;ODRED IZVIĐAČA PLAVI PINGVIN;16644.57;2;0.00
2024;85566146264;"CENTAR ZA EDUKACIJU I SAVJETOVANJE ""SUNCE""";16640.74;3;0.00
2024;80246643231;LOVAČKO DRUŠTVO LANE NOVI ZAGREB;16600.00;2;0.00
2024;10614832876;KUSTOŠIJA INŽENJERING JDOO;16517.21;1;0.00
2024;86343139929;LOVAČKO DRUŠTVO FAZAN  BREZOVICA KUPINEČKI KRALJEVEC;16502.60;2;0.00
2024;98292941053;HKUD PRIGOREC MARKUŠEVEC;16500.00;4;0.00
2024;40001365495;UMJETNIČKA ORGANIZACIJA FRONESIS;16500.00;5;0.00
2024;65229024026;PSIHOLOŠKI CENTAR TESA;16492.00;5;0.00
2024;10305984252;MEĐUNARODNA BRITANSKA ŠKOLA VEDRI OBZORI;16451.08;13;0.00
2024;23067880654;OŠ KREATIVNI RAZVOJ;16397.85;23;0.00
2024;77808965838;TOMISLAV VITKOVIĆ D.O.O.;16393.59;46;0.00
2024;08555857094;SCREENZ DOO;16370.38;3;0.00
2024;41548127608;REMO DOO;16111.25;6;0.00
2024;98530718208;GLAZBENI INSTITUT MLADIH;16000.00;2;0.00
2024;02584649098;HRVATSKA GORSKA SLUŽBA SPAŠAVANJA;16000.00;1;0.00
2024;84490583679;B.A.B.E. - BUDI AKTIVNA - BUDI EMANCIPIRAN;15993.54;3;0.00
2024;16139571061;UHY SAVJETOVANJE DOO;15912.50;1;0.00
2024;63908753742;INVALIDSKI ODBOJKAŠKI KLUB ZAGREB;15869.35;2;0.00
2024;84691119186;UDRUGA ZA RAZVOJ I PODRŠKU FRANCUSKE MEĐUNAR ŠKOLE U ZAGREBU;15843.41;7;0.00
2024;85644690123;IMPORTANNE CENTAR D.O.O.;15795.82;22;0.00
2024;16026657761;GANZ NOVA KULTURA PROMJENE;15780.00;10;0.00
2024;77421194081;ETS FARAGO DOO;15779.40;12;0.00
2024;96065912144;ORGANIZACIJA STATUS M;15707.00;4;0.00
2024;76699990208;CENTAR ZA INKLUZIVNE RADNE AKTIVNOSTI;15700.00;4;0.00
2024;16095675832;INICIJATIVA CENTAR ZA EDUKACIJU;15650.00;2;0.00
2024;48892892238;HRVATSKE BLUES SNAGE;15640.00;7;0.00
2024;97526280302;UDRUGA HYLA;15563.00;2;0.00
2024;88596783413;UMJETNIČKA ORGANIZACIJA APLAUZ TEATAR;15450.00;5;0.00
2024;09619830885;SLOBODNE VEZE, UDRUGA ZA SUVREMENE UMJETNIČKE PRAKSE;15400.00;3;0.00
2024;52974363766;INSTITUT TOMISLAV GOTOVAC;15400.00;5;0.00
2024;28238949295;KRIJESNICA-UDR.ZA POMOĆ DJECI I OB.SUOČENIM S MALIGNIM BOL.;15295.00;4;0.00
2024;38256932197;GIMNAZIJA I EKONOMSKA ŠKOLA BENEDIKTA KOTRULJEVIĆ S.P.J.;15220.81;6;0.00
2024;67945038185;SAVEZ  ROMA U RH KALI SARA;15194.51;10;0.00
2024;32771826318;ADOPTA - UDRUGA ZA POTPORU POSVAJANJU;15187.00;4;0.00
2024;56075169776;BILOTA INŽENJERING DOO;15130.40;1;0.00
2024;19702615933;VICTOR ENERGY DOO;15105.89;5;0.00
2024;52199176078;PRIVATNA GLAZBENA ŠKOLA IVA KUPREŠAK;15105.54;10;0.00
2024;54936635956;WOLFANG I DOLLY DOO ZA USLUGE;15000.00;4;0.00
2024;54885608300;ŽARULJICA UDRUGA ZA PROMICANJE ODGOJNE I OBRAZOVNE DJELATN;15000.00;1;0.00
2024;70862147130;G OPATIJA DOO;15000.00;1;0.00
2024;43577827108;UMJETNIČKA UDRUGA ANTIPHONUS;15000.00;2;0.00
2024;85038594186;UNOCERT JDOO;14994.31;13;0.00
2024;38029090084;UREDSKI SISTEMI D.O.O.;14937.11;9;0.00
2024;94687544692;PLANIMETAR DOO;14931.30;5;0.00
2024;16998632083;STEFANOVIĆ KRVAVICA BULIĆ I PLETIKOSA ODVJETNIČKO DRUŠTV DOO;14833.73;1;0.00
2024;79817762581;KRŠĆANSKA SADAŠNJOST D.O.O.;14821.33;12;0.00
2024;68297272247;ARHITEKTURA PORTUM DOO;14788.00;3;0.00
2024;74099460877;PRIRODNO UMJETNIČKI KRUŽOK;14762.20;14;0.00
2024;81623155686;UMJETNIČKA ORGANIZACIJA TRAGAČI;14720.00;4;0.00
2024;01252163117;OPĆINSKI GRAĐANSKI SUD U ZAGREBU;14586.14;281;0.00
2024;93419380452;ARHITEKTURA SREDINE JDOO;14500.00;1;0.00
2024;31501714030;SREDNJA EUROPA D.O.O.;14500.00;8;0.00
2024;90934142154;TAMBURAŠKO DRUŠTVO GAJ ZAGREB;14500.00;6;0.00
2024;12856557744;LEYKAM INTERNATIONAL D.O.O.;14500.00;6;0.00
2024;31120185175;INSTITUT ZA RAZVOJ I MEĐUNARODNE ODNOSE;14433.60;1;0.00
2024;53711580512;HEROON DOO;14400.00;5;0.00
2024;31225259453;BIJELI SVIJET DOO;14379.46;1;0.00
2024;65822126370;TRIDEA DOO;14250.00;2;0.00
2024;58632083307;ST ARC DOO;14175.00;1;0.00
2024;76695405231;LISZT & PARTNERI ODVJETNIČKO DRUŠTVO DOO;14137.50;4;0.00
2024;92943474869;ANSAMBL SLOBODNOG PLESA LIBERDANCE;14100.00;8;0.00
2024;48245489488;PROJEKTLAB D.O.O.;14090.65;3;0.00
2024;47824453867;PREHRAMBENO BIOTEHNOLOŠKI FAKULTET;14056.25;2;0.00
2024;18193003372;RONILAČKI KLUB ADRIATICRO ZAGREB;14055.00;3;0.00
2024;57889075561;DISPUT D.O.O. ZA IZDAVAČKU DJELATNOST;14000.00;5;0.00
2024;44424423718;AKADEMSKI ZBOR FIL. FAKULTETA U ZAGREBU CONCORDIA DISCORS;14000.00;4;0.00
2024;45687756792;HENA COM D.O.O. ZA NAKLADNIŠTVO;14000.00;4;0.00
2024;75827633413;PREUREDI MOJU PUMPU;14000.00;3;0.00
2024;57372288540;KUD DRAGUTIN DOMJANIĆ;14000.00;4;0.00
2024;72779993744;KULTURNO UMJETNIČKO DRUŠTVO CROATIA;14000.00;4;0.00
2024;17453804770;PRIRODA ZA SVE;13900.00;2;0.00
2024;80635539984;UMJETNIČKA ORG. AUTORSKA RAD. KREACIJA ILUST. I KOR. MELONE;13860.00;7;0.00
2024;41607275884;SPECIJALNA BOLNICA ZA MEDICINSKU REHABILITACIJU KRAPINSKE;13840.00;18;0.00
2024;35049089877;UČILIŠTE ZA POSLOVNO UPRAVLJANJE;13825.68;2;0.00
2024;04406269319;UDRUGA JUČER DANAS SUTRA -PLATFORMA ZA AUDIOVIZUALNA ISTR.;13800.00;6;0.00
2024;07963549311;MARDOR PLUS D.O.O.;13750.00;1;0.00
2024;69310442597;UDRUGA JEDNI ZA DRUGE;13737.00;3;0.00
2024;13098814054;PRIVATNA UMJETNIČKA GIMNAZIJA;13731.71;11;0.00
2024;97662921077;AUTOTRANSPORT KARLOVAC D.D.;13730.00;9;0.00
2024;73852828801;BULAJA NAKLADA DOO;13700.00;4;0.00
2024;99467839478;UMJETNIČKA ORGANIZACIJA JAGODA;13700.00;4;0.00
2024;17456464878;UMJETNIČKA ORGANIZACIJA TEATAR ERATO;13700.00;4;0.00
2024;38583303160;PRAVNI FAKULTET SVEUČILIŠTA U ZAGREBU;13685.00;9;0.00
2024;51831093168;SPORT NET INŽENJERING D.O.O.;13675.00;1;0.00
2024;91025164621;BAN TOURS DOO;13675.00;14;0.00
2024;42377929893;ODVJETNIČKO DRUŠTVO OLUJIĆ PEZIĆ I PARTNERI DOO;13551.77;1;0.00
2024;42889250808;ELEKTRONIČKI RAČUNI DOO;13531.25;4;0.00
2024;29113415030;CENTAR ZA ŽENE ŽRTVE RATA;13517.00;3;0.00
2024;39316442148;CENTAR ZA CIVILNE INICIJATIVE;13500.00;3;0.00
2024;98802411991;BRANITELJSKI CENTAR ZA DRUŠTVENI RAZVOJ;13500.00;2;0.00
2024;11199390757;SAVEZ IZVIĐAČA HRVATSKE;13455.00;2;0.00
2024;23603203647;MEANDAR  MEDIA D.O.O.;13400.00;2;0.00
2024;87413386246;UDRUGA VETERANA VOJNIKA I DOMOLJUBA;13377.00;4;0.00
2024;51108551424;CENTAR GRAĐEVINSKOG FAKULTETA DOO;13271.63;7;0.00
2024;81228920036;KAZALIŠNA UDRUGA MIST;13200.00;5;0.00
2024;51811672730;UMJETNIČKA ORGANIZACIJA ŠKVADRA;13150.00;8;0.00
2024;06619898126;SUNCOKRET OLJIN ODGOJ ZA LJUBAV I NENASILJE;13068.49;3;0.00
2024;00160548872;KONČAR ENERGETIKA I USLUGE DOO;13003.98;16;0.00
2024;66044886147;POZITIVAN RITAM DOO;13000.00;4;0.00
2024;33513461597;DIGITAL CINEMA ENVIRONMENT DOO;13000.00;2;0.00
2024;26597112845;HSPD PODGORAC GRAČANI;13000.00;2;0.00
2024;24433844878;ZAJED UDRUGA I ČL HRV VOJNIH INVALIDA DOM RATA GRADA ZAGREBA;13000.00;3;0.00
2024;47892285786;CENTAR ZA KNJIGU;13000.00;4;0.00
2024;63858138148;HRVATSKO ČITATELJSKO DRUŠTVO;13000.00;1;0.00
2024;92730179348;TEHNOZAŠTITA DOO;12948.73;57;0.00
2024;70751523669;LAB 852 D.O.O. ZA PROMIDŽBU;12900.00;6;0.00
2024;58747941387;TOVEDO D.O.O.;12835.07;3;0.00
2024;62776074052;KONTURA PROJEKT D.O.O.;12759.30;5;0.00
2024;03202982606;KOAUTORSKA INICIJATIVA OOUR;12700.00;11;0.00
2024;41312193461;FLUID - PROJEKT D.O.O.;12700.00;2;0.00
2024;29490148763;DOBROVOLJNO VATROGASNO DRUŠTVO RESNIK ZAGREB;12700.00;1;0.00
2024;00779836098;CENTAR ZA POREMEĆAJE HRANJENJA BEA;12672.00;4;0.00
2024;09181055893;UDRUGA ZA PODRŠKU OSOBAMA S INTELEKTUALNIM OŠT. GR. ZAGREBA;12650.10;3;0.00
2024;82593300917;ELEMENTO CONTENT DOO;12627.58;66;0.00
2024;64520260081;GLAZBENA ŠKOLA BONAR;12600.33;10;0.00
2024;73037001250;TEHNIKA D.D.;12586.17;1;0.00
2024;24124881324;SAVEZ UDRUGA PEDAGOGA TEHNIČKE KULTURE ZAGREBA;12539.24;12;0.00
2024;06151137398;ODVJETNIČKO DRUŠTVO POCRNIĆ I SPIZ JTD;12506.50;4;0.00
2024;55474899192;IPZ UNIPROJEKT TERRA D.O.O.;12500.00;1;0.00
2024;57615715265;KUD DRAGUTIN DOMJANIĆ ADAMOVEC;12500.00;4;0.00
2024;49928932571;BUNT ART J.D.O.O. ZA USLUGE;12500.00;2;0.00
2024;61264643730;HRVATSKI CENTAR ZA POTRESNO INŽENJERSTVO INTERV SLUŽBA;12500.00;1;0.00
2024;35575373434;ARHITEKTURA I ARHEOLOGIJA DOO;12500.00;1;0.00
2024;97860114477;KULTURNO UMJETNIČKO DRUŠTVO KAŠINA;12500.00;4;0.00
2024;28111148974;PROMETNICE ZAGREB;12435.00;3;0.00
2024;55815598569;UMJETNIČKA ORGANIZACIJA VRUM;12400.00;4;0.00
2024;41069344205;KAJKAVSKO SPRAVIŠĆE;12400.00;4;0.00
2024;96202266101;SIRIUS - CENTAR ZA PSIHOLOŠKO SAVJETOVANJE, EDUK. I ISTRAŽ.;12387.00;3;0.00
2024;49733628869;BINĐO D.O.O. ZA USLUŽNE DJELATNOSTI U ŠUMARSTVU I GRAĐEVINA.;12375.00;1;0.00
2024;71920748408;HELLEA D.O.O.;12286.58;1;0.00
2024;75973694434;METAR60;12200.00;4;0.00
2024;24612272845;REGO STAN DOO;12192.13;146;0.00
2024;36776216753;PARLI EVENT JDOO ZA UGOSTITELJSTVO USLUGE I TRGOVINU;12190.00;7;0.00
2024;98000825863;UDRUGA PROSPERIKON;12168.84;1;0.00
2024;17900115202;DRUŠTVO NAŠA DJECA MAKSIMIR;12145.00;3;0.00
2024;53321630215;IGUBUKA D.O.O.;12100.00;4;0.00
2024;82033688960;ANSAMBL ZA RANU GLAZBU MINSTREL;12000.00;2;0.00
2024;14258208397;UDRUGA NAS DVE;12000.00;4;0.00
2024;25327722351;KULTURNO UMJETNIČKA UDRUGA STARO BRESTJE;12000.00;4;0.00
2024;90536575698;UMJETNOST ZA GRAD;12000.00;5;0.00
2024;30787657315;UDRUGA SUVLASNIKA ZGRADE BUKOVAČKA CESTA 27;12000.00;1;0.00
2024;06248184777;UDRUGA TIGAR 90/91 RAKITJE;12000.00;2;0.00
2024;65226637557;MULTIDISCIPLINARNI AUTORSKI PROJEKTI I AKCIJE;12000.00;1;0.00
2024;12779315025;KULTURNO PROSVJETNO DRUŠTVO SVETA KLARA;12000.00;4;0.00
2024;80710986317;PETRINE KNJIGE DOO;12000.00;5;0.00
2024;47089536463;HRVATSKI PJEVAČKI ZBOR IVAN PL. ZAJC;12000.00;4;0.00
2024;52097842295;AKADEMIJA DRAMSKE UMJETNOSTI ZAGREB;11950.00;6;0.00
2024;85167032587;HRVATSKA GOSPODARSKA KOMORA;11835.00;3;0.00
2024;15409936625;STAKLO ALUMONT BELJO DOO;11825.59;53;0.00
2024;25858858563;MREŽA MLADIH HRVATSKE;11801.51;1;0.00
2024;60416120862;KULTURNA UDRUGA JUTRO;11800.00;8;0.00
2024;68137150346;STRUDES DOO;11772.12;6;0.00
2024;98921458604;SENS DESIGN DOO;11750.00;3;0.00
2024;24731069425;DRUŠTVO ZA PSIHOLOŠKU POMOĆ;11707.00;3;0.00
2024;13579392023;HRVATSKI ŠUMARSKI INSTITUT;11700.00;2;0.00
2024;85852827713;UDRUGA RODITELJA KORAK PO KORAK;11647.00;3;0.00
2024;38971455962;GRGUREVIĆ I PARTNERI DOO;11612.50;2;0.00
2024;17751886692;UDRUGA LUDRUGA;11600.00;3;0.00
2024;10764365836;O.A.Z.A. ODRŽIVA ALTERNATIVA ZAJEDNICI;11600.00;2;0.00
2024;15263066301;AUTOBUSNI PRIJEVOZ D.O.O. ZA PRIJEVOZ I USLUGE;11599.50;10;0.00
2024;68506332477;TOKIĆ TRGOVINA D.O.O.;11593.73;1;0.00
2024;44301397953;MUZZA - SNAGA ZNANOSTI, TEHNOLOGIJE I KULTURE;11560.16;1;0.00
2024;71001411174;KINDER GRADNJA DOO;11500.00;1;0.00
2024;22344395172;D2M STUDIO DOO ZA USLUGE;11500.00;3;0.00
2024;16045431107;HRVATSKO DRUŠTVO COLLEGIUM PRO ARTE;11500.00;4;0.00
2024;65417376510;UDRUGA SUPERVAL;11500.00;4;0.00
2024;99537953083;HYSTERIA DOO;11500.00;1;0.00
2024;03905770964;MUŠKI VOKALNI ANSAMBL ŠPANSKO;11500.00;3;0.00
2024;12854506772;OMEGA AKUSTIK LIMITED DOO;11480.00;1;0.00
2024;58266156757;ZRIN D.O.O.;11477.24;12;0.00
2024;53678438764;FED GRUPA D.O.O. ZA TRGOVINU I USLUGE;11437.50;1;0.00
2024;16495188637;ART CON I ING DOO;11390.00;3;0.00
2024;45593438856;NEPHOS DOO;11375.00;1;0.00
2024;04123051557;OWENS HOUŠKA I PARTNERI ODVJETNIČKO DRUŠTVO DOO;11365.69;20;0.00
2024;35184034154;UMJETNIČKA ORGANIZACIJA ON/A;11360.00;5;0.00
2024;51902281798;UDRUGA SVIMA;11356.93;1;0.00
2024;57029260362;FAKULTET ELEKTROTEHNIKE I  RAČUNARSTVA;11300.00;4;0.00
2024;64822396023;NEURIVI DOO;11250.00;1;0.00
2024;79058504140;DRŽAVNE NEKRETNINE D.O.O.;11249.01;201;0.00
2024;39233442442;ZAGREBGRADNJA DOO;11239.07;1;0.00
2024;71803193641;28. SAMOSTALNA DRUŽINA IZVIĐAČA DUBRAVA;11235.16;1;0.00
2024;31353703983;GEO OMEGA DOO;11200.00;2;0.00
2024;84624881929;SAVEZ IZVIĐAČA ZAGREBA;11177.87;1;0.00
2024;76477474267;SRPSKO PRIVREDNO DRUŠTVO PRIVREDNIK;11168.37;1;0.00
2024;86710457986;UDRUGA OZANA;11137.00;3;0.00
2024;28048960411;MUZEJSKI DOKUMENTACIJSKI CENTAR;11050.00;2;0.00
2024;26317851190;DOBROVOLJNO VATROGASNO DRUŠTVO ZAPAD;11034.00;4;0.00
2024;48954570891;KOMIKAZE;11000.00;4;0.00
2024;20002192021;PRIVATNA KLASIČNA OSNOVNA ŠKOLA S PRAVOM JAVNOSTI;10984.04;7;0.00
2024;46301888948;ZANOS DOO;10978.39;2;0.00
2024;05494093403;ZAVOD ZA ISTRAŽIVANJE I RAZVOJ SIGURNOSTI D.D.;10919.26;10;0.00
2024;79084286928;HOLOSYS D.O.O.;10873.75;1;0.00
2024;89088738817;GEODESIGN JDOO;10866.25;3;0.00
2024;12994195921;UDRUGA ZNANJE NA DJELU;10817.24;1;0.00
2024;94004143931;PASE ZAGREB CONSULTING DOO;10801.37;2;0.00
2024;70241212555;ELIS PROJEKT DOO;10754.62;13;0.00
2024;56786114419;RETO CENTAR ZAGREB;10747.25;1;0.00
2024;29284356244;UDRUGA ŽENA OBOLJELIH I LIJEČENIH OD RAKA SVE ZA NJU;10737.00;4;0.00
2024;58878158696;DOBROVOLJNO VATROGASNO DRUŠTVO TRNJE;10720.00;2;0.00
2024;79343504226;ZAGREBAČKI KARTING SAVEZ;10692.64;12;0.00
2024;75897840685;RSM CROATIA DOO;10625.00;1;0.00
2024;86170416512;DOMAK D.O.O.;10619.42;14;0.00
2024;32440842163;KULTURNA ORGANIZACIJA NIT;10600.00;5;0.00
2024;20492466071;UMJETNIČKA ORGANIZACIJA LOVRO & NINA;10600.00;3;0.00
2024;03749861205;ZAGREBAČKI SAVEZ CB RADIOKLUBOVA;10592.64;12;0.00
2024;22673645134;LOVAČKO DRUŠTVO FAZAN BELOVAR MORAVČE;10571.63;2;0.00
2024;01458835402;UDRUŽENJE ZA UNAPREĐ.OBRAZ. SLIJEPIH I SLABOVIDNIH OSOBA;10550.00;3;0.00
2024;02329110570;GEOTECH DOO;10500.00;1;0.00
2024;23245383496;NEURO RADNIK DOO;10465.73;1;0.00
2024;30404016910;STO POSTO PRIRODNO DOO;10416.41;2;0.00
2024;63620386925;PRVA PRIVATNA GIMNAZIJA;10398.46;10;0.00
2024;42871852309;HUKI HRVATSKI URED ZA KREATIVNOST I INOVACIJE;10304.01;1;0.00
2024;44448417567;MERKANTILE D.D.;10300.03;7;0.00
2024;02969783432;UDRUGA BIOM;10264.42;2;0.00
2024;17555443112;TERMOTEHNIČKI INŽENJERING D.O.O.;10263.60;9;0.00
2024;42821159693;NADBUSKUPSKI DUHOVNI STOL GLAS KONCILA UREDNIŠTVO I UPRAVA;10216.32;8;0.00
2024;46962298595;MD SPORT MARKETING JDOO;10213.00;2;0.00
2024;54518408379;GLAZBENA ŠKOLA BRKANOVIĆ;10192.03;9;0.00
2024;07438218392;OŠ CENTAR;10179.35;14;0.00
2024;81387458217;UDRUGA SLIJEPIH;10150.00;3;0.00
2024;31903814507;GASTRO DIZAJN DOO;10148.00;1;0.00
2024;78141312758;MUZEJ MIMARA;10133.03;4;0.00
2024;89545645755;GLAZBENA ŠKOLA LADISLAV RAČIĆ;10133.03;9;0.00
2024;63326528726;BUNIKE UDRUGA ZA PROMICANJE CIRKUSKIH I IZV UMJETNOSTI;10000.00;3;0.00
2024;27421023481;UMJETNIČKA ORGANIZACIJA TOČKA NA I;10000.00;2;0.00
2024;34202025084;HRVATSKO MUZEJSKO DRUŠTVO;10000.00;2;0.00
2024;03542351591;KUD BUKOVAC;10000.00;4;0.00
2024;75098249817;HASHTAG J.D.O.O. ZA USLUGE;10000.00;2;0.00
2024;56212778807;HRVATSKA UDRUGA ORKESTRALNIH I KOMORNIH UMJETNIKA;10000.00;2;0.00
2024;46319347195;DOBROVOLJNO VATROGASNO DRUŠTVO PREČKO;10000.00;1;0.00
2024;58992153451;"KUD "" SV. ANA "" ODRANSKI OBREŽ";10000.00;5;0.00
2024;99949325354;UMJETNIČKA ORGANIZACIJA GLAZBENI STUDIO CA KU DA;10000.00;1;0.00
2024;86002489770;UMJETNIČKA ORGANIZACIJA HATHOR;10000.00;3;0.00
2024;39566051156;UMJETNIČKA ORGANIZACIJA KOBRA KOKE;10000.00;2;0.00
2024;14527130765;KOOPERATIVA REGIONALNA PLATFORMA ZA KULTURU;10000.00;4;0.00
2024;50786890531;HRVATSKO DRUŠTVO ZA TRAUMATSKI STRES;10000.00;1;0.00
2024;14609641644;DRUŠTVO PRIJATELJA GLAGOLJICE;10000.00;6;0.00
2024;91761385345;ZIP EVENT DOO;10000.00;1;0.00
2024;01675244903;PROFIDA DOO ZA USLUGE;9997.58;1;0.00
2024;28196458592;HRVATSKA ZAJEDNICA ZA DOWN SINDROM;9970.29;2;0.00
2024;79517545745;HANZA MEDIA D.O.O.;9961.94;8;0.00
2024;04218464722;UDRUGA KULTURNI KLUB O GRADA;9819.80;4;0.00
2024;63264844366;GEO MEDIA D.O.O. ZA GEODETSKE POSLOVE;9788.10;2;0.00
2024;84108603042;HRVATSKA UDRUGA ZA ŠKOLOVANJE PASA VODIČA I MOBILITET;9759.30;3;0.00
2024;71002088474;BODONI DOO;9700.00;3;0.00
2024;69110934098;TOLA DOO;9645.75;2;0.00
2024;67115830398;PRIVATNA ŠKOLA FUTURA;9626.27;10;0.00
2024;57010186553;MOZAIK KNJIGA D.O.O.;9591.00;1;0.00
2024;82812328597;SOKOL DOO;9562.89;30;0.00
2024;47775057322;CENTAR ZA POTPORU I INKLUZIJU U ZAJEDNICI;9550.00;2;0.00
2024;93402577124;ISKORAK;9538.14;3;0.00
2024;22224265669;HUMANISTIČKA GIMNAZIJA;9530.69;5;0.00
2024;49684261247;SORANO D.O.O. ZA USLUGE I TRGOVINU;9512.88;3;0.00
2024;92298427295;UČILIŠTE ZA LIKOVNO OBRAZOVANJE STUDIO TANAY;9500.00;6;0.00
2024;08963275889;DOBROVOLJNO VATROGASNO DRUŠTVO ODRANSKI OBREŽ;9500.00;5;0.00
2024;29948731533;HRVATSKI OGRANAK ASIFA;9400.00;6;0.00
2024;50738851908;UDRUGA PLAVI TELEFON;9387.00;3;0.00
2024;05870060725;UMJETNIČKA ORGANIZACIJA KAZALIŠNA DRUŽINA REBEL;9365.00;3;0.00
2024;12777784360;UMJETNIČKA ORGANIZACIJA GRUPA;9350.00;2;0.00
2024;11726361485;LARIX PLUS DOO;9349.00;3;0.00
2024;79761663049;IPZ - NISKOGRADNJA D.O.O.;9326.00;6;0.00
2024;55825522817;CENTAR ZA ISTRAŽIVANJE MODE I ODIJEVANJA;9300.00;8;0.00
2024;73327808999;BELETRA JDOO ZA IZDAVAŠTVO I TRGOVINU;9300.00;5;0.00
2024;70121237048;KRNJEVO D.O.O. RIJEKA;9261.25;2;0.00
2024;04275434760;OSNOVNA WALDROFSKA ŠKOLA SVETI JURAJ;9251.13;5;0.00
2024;33737942604;KAPOV D.O.O.;9250.78;3;0.00
2024;98085750114;MOTOVUN FILM FESTIVAL;9200.00;4;0.00
2024;52165661369;UDRUGA HRVATSKIH UČITELJA LIKOVNE IZOBRAZBE;9190.66;5;0.00
2024;49357416958;MIFKASPORT DOO;9170.00;1;0.00
2024;26187994862;CROATIA OSIGURANJE D.D.;9132.15;5;0.00
2024;76535960875;ARGU STUDIO DOO;9125.00;4;0.00
2024;29858989302;PRONA - GRAD DOO;9100.00;1;0.00
2024;38247477481;F.I.L.D. PROJEKT D.O.O.;9087.50;7;0.00
2024;87526088885;PECINA D.O.O.;9045.18;1;0.00
2024;01171827738;INTERMAX D.O.O.;9013.26;2;0.00
2024;57500462912;HRVATSKE AUTOCESTE D.O.O.;9006.65;1;0.00
2024;82409054661;MEDIART INTERNATIONAL;9000.00;2;0.00
2024;93663898882;INSTITUT SANJA IVEKOVIĆ;9000.00;1;0.00
2024;73921748059;KULTURNO - UMJETNIČKO DRUŠTVO KLAS PODSUSED;9000.00;2;0.00
2024;04348627628;UMJETNIČKA OGANIZACIJA KADROMAT;9000.00;2;0.00
2024;68350669446;UDRUGA HRVATSKIH BRANITELJA RH;9000.00;1;0.00
2024;67208312465;MEĐUNARODNI CENTAR ZA UMJETNOST;9000.00;1;0.00
2024;95853143361;UDRUGA PROFESIONALNIH GLAZBENIKA DIAPASON;9000.00;4;0.00
2024;92392153860;HRVATSKO LIKOVNO DRUŠTVO;9000.00;6;0.00
2024;34130619322;AKADEMSKI FILMSKI KLUB;9000.00;4;0.00
2024;84577446823;UMJETNIČKA ORGANIZACIJA FILM;9000.00;2;0.00
2024;96610468217;HANGAR 7 D.O.O. ZA USLUGE PROMOCIJE;9000.00;3;0.00
2024;76901428643;APZ HIDRIA D.O.O.;8960.13;2;0.00
2024;43150843424;INFO PULS D.O.O.;8952.63;22;0.00
2024;87679956140;ČAZMATRANS PUTNIČKA AGENCIJA D.O.O.;8900.00;7;0.00
2024;50142085426;FOLIJE FENESTRA DOO;8838.50;1;0.00
2024;59451980348;INSTITUT ZA POVIJEST UMJETNOSTI;8800.00;6;0.00
2024;06079559748;SAVEZ KOMUNIKACIJSKIH POSREDNIKA HRVATSKE;8800.00;11;0.00
2024;59660923775;TRAS STUDIO;8790.00;7;0.00
2024;44256146678;BIOTECHNICON PODUZETNIČKI CENTAR DOO;8781.25;1;0.00
2024;51998222936;URED OVLAŠTENOG ARHITEKTA MILJENKO BERNFEST JDOO;8750.00;1;0.00
2024;57535412801;HUMANITARNA ORGANIZACIJA ZAJEDNICA SUSRET;8740.00;2;0.00
2024;71823033614;AUGUSTINI D.O.O. ZA PROIZVODNJU I PROMET ROBA;8736.00;1;0.00
2024;90492126987;ZBIR STUDIO DOO;8709.94;1;0.00
2024;32662225304;MJEŠOVITI PJEVAČKI ZBOR INA;8700.00;4;0.00
2024;53355026937;UDRUGA TRAUMATIC ARTS;8700.00;2;0.00
2024;18376805890;RRIF PLUS D.O.O.;8690.06;12;0.00
2024;48671346974;TERMO SERVIS D.O.O.;8681.39;15;0.00
2024;33780461534;OMG ARHITEKTURA DOO;8625.00;1;0.00
2024;92200599837;STUDIO G DVA D.O.O.;8569.35;5;0.00
2024;37388188772;TRGOVAČKI SUD U ZAGREBU;8559.53;7;0.00
2024;95092888930;VRUTAK DOO;8517.36;10;0.00
2024;52827984480;DRUŠTVO DIPL.ING. I PRIJATELJA KEMIJSKO-TEHNOLOŠKOG STUDIJA;8500.00;4;0.00
2024;55965343564;UDRUGA RODITELJA POGINULIH BRANITELJA DOMOVINSKOG RATA;8500.00;3;0.00
2024;84221196342;UDRUGA KUMULUS ZA RAZVOJ KOMPETENCIJA UČENJE MEDIJACIJU;8450.00;2;0.00
2024;05982228231;SVILAN DOO;8437.50;13;0.00
2024;01942351600;MI2 STUDIO DOO ZA PROJEKTIRANJE TRGOVINU I USLUGE;8370.00;1;0.00
2024;43890299527;MAP SAVJETOVANJA DOO;8362.50;2;0.00
2024;33000290090;LOVAČKO DRUŠTVO PREPELICA;8300.00;1;0.00
2024;26900631235;LOVAČKO DRUŠTVO ŽUNA ZAGREB;8300.00;1;0.00
2024;38988695151;UMJETNIČKA ORGANIZACIJA T25;8300.00;3;0.00
2024;10125150281;LOVAČKA UDRUGA LUG;8300.00;1;0.00
2024;22840169081;LOVAČKO DRUŠTVO PRIRODA SESVETE;8300.00;1;0.00
2024;79538371339;HSLD VEPAR ČUČERJE;8299.32;1;0.00
2024;61126612614;LOVAČKO DRUŠTVO SOKOL STUPNIK;8289.42;1;0.00
2024;22926614320;IVAS GRUPA DOO;8262.38;1;0.00
2024;44880880632;LOVAČKA UDRUGA SRNDAČ DRAGONOŽEC;8250.80;1;0.00
2024;66600467059;NATILLUM DOO;8202.18;20;0.00
2024;52838275498;ZAJEDNICA SAVEZA OSOBA S INVALIDITETOM HRVATSKE SOIH;8200.00;2;0.00
2024;73656725926;KENTBANK D.D.;8190.89;13;0.00
2024;26093119930;SVEUČILIŠTE U RIJECI EKONOMSKI FAKULTET;8144.91;4;0.00
2024;42385477438;ODVJETNIČKO DRUŠTVO JURČIĆ I PRPIĆ JTD;8144.80;1;0.00
2024;43188926272;NOBIUM D.O.O. ZA SAVJETOVANJE I INŽ. INFORM. I KOM. SUSTAVA;8125.00;1;0.00
2024;90043639978;UDRUGA ZA SINDROM DOWN ZAGREB;8100.00;2;0.00
2024;11121447608;ARP DOO;8100.00;1;0.00
2024;87650990470;GIMNAZIJA MARUL;8079.15;11;0.00
2024;87489461440;GLAZBENA UDRUGA MIKROFON STAR;8000.00;1;0.00
2024;19433094750;UMJETNIČKA ORGANIZACIJA CANTA;8000.00;2;0.00
2024;91270048468;UMJETNIČKA ORGANIZACIJA ARKTIK - INSTITUT ZA BUDUĆNOST;8000.00;2;0.00
2024;72527226756;CEKAPE CENTAR ZA KREATIVNO PISANJE;8000.00;1;0.00
2024;33811646492;UMJETNIČKA ORGANIZACIJA KAZALIŠNA DRUŽINA MAŠINA IGRA;8000.00;4;0.00
2024;30149263324;GRETA CREATIVE NETWORK;8000.00;4;0.00
2024;50131367394;ORGANIZACIJA MLADIH GLAZBENIKA;8000.00;3;0.00
2024;86007567711;UDRUGA ZA PROMICANJE KVALITETE ŽIVLJENJA MOJ SVIJET;8000.00;2;0.00
2024;37542157991;GUDAČKI KVARTET RUCNER;8000.00;2;0.00
2024;52590057124;LUTKARSKA SCENA IVANA BRLIĆ MAŽURANIĆ D.O.O.;8000.00;2;0.00
2024;25979829037;DOBROVOLJNO VATROGASNO DRUŠTVO KAŠINA;8000.00;2;0.00
2024;40965066600;BOLD DOO;7995.94;7;0.00
2024;01740946437;ČISTEĆI MEDVJEDIĆI;7994.50;8;0.00
2024;33664274488;PITCH DOO;7993.75;1;0.00
2024;26138648876;UDRUGA ZA RAZVOJ CIRKUSKIH I IZVEDBENIH UMJ TRICYCLE TRAUMA;7980.00;7;0.00
2024;37166393069;DV DJEČJI GRAD;7963.32;11;0.00
2024;43340124580;SUPRA NET D.O.O. ZA TRGOVINU I INFORMATIČKE DJELATNOSTI;7957.03;2;0.00
2024;81103558092;E ON ENERGIJA D.O.O. ZA OPSKRBU ENERGIJOM;7943.63;17;0.00
2024;19212513210;EURO DAUS D.D.;7931.00;22;0.00
2024;71050182264;KULTURNO UMJETNIČKO DRUŠTVO VRAPČANCI;7900.00;4;0.00
2024;76506138139;ARS KOPIJA D.O.O.;7875.01;4;0.00
2024;06323248263;KEOPS - PROJEKT D.O.O.;7857.26;8;0.00
2024;03921225635;LINIGRA PRIVATNA ŠKOLA S PRAVOM JAVNOSTI;7824.43;5;0.00
2024;15010412564;BOĆARSKI KLUB ZRINJEVAC;7812.50;1;0.00
2024;54955325275;JAF ING PROJEKT DOO;7800.00;12;0.00
2024;68769975788;ZAGREBAČKI KOTURALJKAŠKI SAVEZ;7795.00;1;0.00
2024;20104420784;ZELENA AKCIJA;7775.23;2;0.00
2024;35635954759;UDRUGA STUDENATA POLITIČKIH ZBANOSTI - HRVATSKA;7751.24;1;0.00
2024;22294419048;TORUS INŽENJERING DOO;7720.27;6;0.00
2024;43192548848;PROFIL KNJIGA D.O.O.;7700.00;5;0.00
2024;91501710073;UDRUGA ODRED IZVIĐAČA MP;7692.91;1;0.00
2024;15370173467;GAP ELEMENT D.O.O.;7687.52;81;0.00
2024;92720346022;EPOHA PRIVATNA OSNOVNA ŠKOLA S PRAVOM JAVNOSTI;7634.69;12;0.00
2024;19904220725;DRUŠTVO ZA OBLIKOVANJE ODRŽIVOG RAZVOJA;7622.00;2;0.00
2024;34263970274;HRVATSKO TURSKA UDRUGA PRIJATELJSTVA;7610.00;5;0.00
2024;55881947276;SKIJAŠKI KLUB ZA OSOBE S INVALIDITETOM SLJEME;7600.00;2;0.00
2024;27813117925;NAKLADA OCEANMORE D.O.O. ZA IZDAVAŠTVO I USLUGE;7600.00;4;0.00
2024;34101579660;UDRUGA MALA OPERA;7500.00;2;0.00
2024;46079083717;UDRUGA OTOMPOTOM;7500.00;4;0.00
2024;80265403319;INSTITUT ZA MIGRACIJE I NARODNOSTI;7500.00;1;0.00
2024;77038662963;GLAZBENI KLUB LISINSKI;7500.00;4;0.00
2024;35359755966;ENVY DOO ZA USLUGE;7500.00;1;0.00
2024;28227230061;MJEŠOVITI PJEVAČKI ZBOR EMIL COSSETTO;7500.00;2;0.00
2024;70331410076;DESKON STUDIO JDOO;7498.73;5;0.00
2024;34986787710;SLOBODNA DOMENA ZADRUGA ZA OTVORENI KOD I DIZAJN;7416.99;1;0.00
2024;30987102177;GLAZBENA ŠKOLA LATIDO;7416.00;4;0.00
2024;07033057465;KULTURA FUTURA UDRUGA UMJETNIKA NOVOG DOBA;7400.00;2;0.00
2024;25583342364;NAKLADA SEMAFORA D.O.O.;7400.00;2;0.00
2024;86889002552;VOLONTERSKI CENTAR ZAGREB;7390.00;2;0.00
2024;36024866487;UDRUŽENJE ZA MEDIJSKU DEMOKRACIJU;7370.70;1;0.00
2024;33039197637;BANKA KOVANICA D.D.;7360.62;12;0.00
2024;80771247859;STRUCTURING DOO;7354.23;3;0.00
2024;86127487429;SUBNECTO D.O.O.;7350.00;3;0.00
2024;89698831318;GEO ROLO JDOO;7349.27;24;0.00
2024;83813422808;ALIANSA ASE DOO;7300.00;1;0.00
2024;32415362804;HRVATSKO DRUŠTVO PROFESIONALNIH BALETNIH UMJETNIKA;7300.00;5;0.00
2024;74494862058;HRŠAK & HRŠAK D.O.O.;7300.00;1;0.00
2024;24080133210;KEY PROJEKT DOO;7250.00;1;0.00
2024;90262715449;UDRUGA HRVATSKA KUĆA MATERINA PRIČA;7245.65;2;0.00
2024;36856583241;ADRIATIC ZAGREB FACTORING D.O.O.;7205.58;1;0.00
2024;19383246503;PALIR DOO;7200.00;2;0.00
2024;65208209102;UMJETN ORGANIZACIJA KAZALIŠNA  DRUŽINA TEATAR PUNA KUĆA;7200.00;3;0.00
2024;32286915975;BRUNATA D.O.O.;7197.65;47;0.00
2024;43385851664;JAVOROVIĆ IDŽOJTIĆ I PARTNERI J.T.D.;7192.70;13;0.00
2024;19659471851;SRPSKA PRAVOSLAVNA OPĆA GIMNAZIJA KANTAKUZINA-K.BRANKOVIĆ;7150.70;5;0.00
2024;90835965601;UDRUGA ZA ZAŠTITU I PROMICANJE PRAVA ŽIVOTINJA RINA;7150.00;2;0.00
2024;95770186528;OEL LAETUS D.O.O.;7150.00;3;0.00
2024;86666837622;GEMARK GGA JDOO ZA GEODETSKE USLUGE I SAVJETOVANJE;7149.44;2;0.00
2024;31989866591;STAJER - GRAF TISKARA I IZDAVAŠTVO D.O.O.;7100.00;2;0.00
2024;81764499494;KNJIGA U CENTRU;7100.00;4;0.00
2024;53015506680;UMJETNIČKA ORGANIZACIJA TEATRUM;7100.00;4;0.00
2024;42289481628;LAND MAPPING DOO;7064.40;2;0.00
2024;08465235935;SAVEZ DRUŠTAVA DISTROFIČARA HRVATSKE;7050.00;2;0.00
2024;62813807687;INSTITUT ZA STRUČNO USAVRŠAVANJE MLADIH;7027.00;2;0.00
2024;38923369367;PLES I DIJETE-DANCE AND THE CHILD INTERNAT. -DACI HRVATSKA;7000.00;7;0.00
2024;47135235754;LATINA ET GRAECA INSTITUT ZA KLASIČNE JEZIKE I ANTIČKU CIVI.;7000.00;4;0.00
2024;68408088216;ZELENA ALTERNATIVA ODRŽIVI RAZVOJ HRVATSKE;7000.00;4;0.00
2024;65414808749;ZELENA LISTA;7000.00;4;0.00
2024;80621111596;UDRUGA ZA UNAPREĐENJE KVALITETE ŽIVLJENJA LET;7000.00;2;0.00
2024;08692235081;HRVATSKA SOCIJALNO LIBERALNA STRANKA GO GRAD ZAGREB;7000.00;4;0.00
2024;26381019192;ZONA SOVA DOO ZA TRGOVINU I USLUGE;7000.00;1;0.00
2024;27566547682;HRVATSKA UDRUGA NASTAVNIKA POVIJESTI;7000.00;1;0.00
2024;77853441718;HRVATSKO FILOLOŠKO DRUŠTVO;7000.00;1;0.00
2024;85974816503;SABMARINE;7000.00;2;0.00
2024;94733545899;DNEVNI CENTAR ZA REHABILITACIJU I RADNU TERAPIJU EGIDA;7000.00;1;0.00
2024;14388151188;KULTURNO UMJETNIČKO DRUŠTVO MLADOST;7000.00;2;0.00
2024;06570355423;HRVATSKO DRUŠTVO DRAMSKIH UMJETNIKA;7000.00;4;0.00
2024;86743344470;HRVATSKO GRAFIČKO GLAZBENO DRUŠTVO SLOGA;7000.00;2;0.00
2024;23594185303;MJEŠOVITI PJEVAČKI ZBOR LIRA;7000.00;4;0.00
2024;30866756128;UMJETNIČKA ORGANIZACIJA AD GLORIAM BRASS;7000.00;1;0.00
2024;03189734311;HRVATSKA BRATOVŠTINA BOKELJSKA MORNARICA 809;7000.00;2;0.00
2024;76335880869;TRISTOTROJKA;7000.00;1;0.00
2024;39908510192;SAMOSTALNA DEMOKRATSKA SRPSKA STRANKA;7000.00;4;0.00
2024;84934386922;KERSCHOFFSET DOO;6992.50;6;0.00
2024;29656428299;CONOS DRUŠTVO DOO;6990.00;8;0.00
2024;25866867098;GEOFOCUS DOO;6971.12;21;0.00
2024;95767218364;UDRUGA KAMENSKO;6957.00;2;0.00
2024;48965552098;ITER PLAN D.O.O.;6912.86;8;0.00
2024;10073644499;CADCOM D.O.O.;6900.00;1;0.00
2024;50542907850;EKSPERT D.O.O.;6899.30;2;0.00
2024;48567510815;BRODIĆ PROMET D.O.O.;6892.40;28;0.00
2024;34305173217;ORGANIZACIJSKI SISTEMI D.O.O.;6875.00;1;0.00
2024;03944118832;OTVORENA RAČUNALNA RADIONICA SVI SMO PROTIV;6817.00;2;0.00
2024;93646862721;IVELSO PROJEKT DOO;6800.00;3;0.00
2024;44566761621;PLATFORMA ZA MEĐUNARODNU GRAĐANSKU SOLIDARNOST HRVATSKE;6800.00;1;0.00
2024;12091168733;HRVATSKA KNJIŽNICA ZA SLIJEPE;6792.00;3;0.00
2024;16601173483;PČELARSKO DRUŠTVO ZAGREB;6788.60;2;0.00
2024;17140959007;PASTOR TVA D.D.;6787.00;1;0.00
2024;30481274266;HRVATSKA UDRUGA ZA ALZHEIMEROVU BOLEST;6747.00;2;0.00
2024;45179435526;HRVATSKA STUDENTSKA ASOCIJACIJA;6745.65;3;0.00
2024;80885983918;TEMPORIS SAVJETOVANJE D.O.O.;6730.69;28;0.00
2024;46818705329;GALKO D.O.O.;6715.00;1;0.00
2024;24609562673;PRIVATNA KLASIČNA GIMNAZIJA;6674.21;5;0.00
2024;19780973350;ŠKOLSKI ŠPORTSKI SAVEZ GRADA ZAGREBA;6664.00;1;0.00
2024;71304602630;HIDRO LAB DOO;6623.75;1;0.00
2024;27906908289;ZELENA MREŽA AKTIVISTIČKIH GRUPA Z M A G;6620.00;4;0.00
2024;42143577388;4 UHA DOO ZA USLUGE;6600.00;2;0.00
2024;63693671750;ROST ŠPORT D.O.O.;6589.31;13;0.00
2024;14987768907;INSTO CENTAR D.O.O. ZA SAVJETOVANJE I USLUGE;6574.38;21;0.00
2024;77794968587;PROJEKTNI BIRO P45 D.O.O.;6540.50;2;0.00
2024;04466528331;CIGETIĆ DOO;6537.05;3;0.00
2024;26525403450;DRUŠTVO ZA KOMUNIKACIJSKU I MEDIJSKU KULTURU;6537.00;2;0.00
2024;60174672203;DUBROVNIK SUN D.O.O.;6531.35;18;0.00
2024;14273924910;ALMA CAREER CROATIA DOO;6531.25;4;0.00
2024;47785989863;ALFA SIGURNOST DOO;6523.81;10;0.00
2024;86170764380;GOSPODNETIĆ SINGERS;6500.00;4;0.00
2024;38627221736;UDRUGA ZA POPULARIZACIJU HRVATSKOG STRIPA ART 9;6500.00;4;0.00
2024;27095147322;UDRUGA HRVATSKIH BRANITELJA DOMOVINSKOG RATA 99 BRIGADE;6500.00;2;0.00
2024;49426998734;HRVATSKO DRUŠTVO FILMSKIH KRITIČARA;6500.00;4;0.00
2024;33916138782;HRVATSKO DRUŠTVO LIKOVNIH UMETNIKA ZAGREB;6500.00;3;0.00
2024;89028615099;BENUSSI THE FISH JDOO;6493.75;2;0.00
2024;32319202111;GEOKVADRAT DOO;6487.50;2;0.00
2024;87193551278;AUTORSKI STUDIO FOTOGRAFIJA FILM VIDEO;6477.79;7;0.00
2024;40281654915;HRVATSKA ŠKOLA OUTWARD BOUND;6431.82;2;0.00
2024;05587151358;VEDIS D.O.O.;6400.00;4;0.00
2024;50826171599;DRUŠTVO SPORTSKE REKREACIJE DJEČJI KUTAK;6397.00;1;0.00
2024;67120410838;GEO ALFA DOO;6370.00;2;0.00
2024;69022699714;POC D.O.O. ZA TRGOVINU I USLUGE;6309.00;2;0.00
2024;61696311437;HRVATSKA UDRUGA ZA RANU INTERVENCIJU U DJETINJSTVU;6300.00;2;0.00
2024;20825618312;ETHNO D.O.O. ZA PLESNO - GLAZBENU PODUKU;6300.00;5;0.00
2024;09312145457;VIACON D.O.O. ZA PROJEKTIRANJE I STR. NADZOR GRAĐENJA;6300.00;2;0.00
2024;71004700950;ZATO DIZAJN D.O.O.;6288.13;4;0.00
2024;18432368449;RECOM PROIZVODNJA  TRGOVINA I ZASTUPANJE DOO;6272.94;4;0.00
2024;99416792352;RAZMJER DOO;6265.40;4;0.00
2024;79472106149;GRADING PROJEKT DOO;6250.00;1;0.00
2024;86696312393;GEOEXPERT GTB DOO;6184.88;2;0.00
2024;21632404131;EURODIGITAL DOO;6174.21;6;0.00
2024;97119804777;CENTAR ZA KULTURU DIJALOGA CKD;6150.00;1;0.00
2024;50017293225;UDRUGA ZA PROMOCIJU KLAPA I KLAPSKE PJESME ARMORIN;6100.00;4;0.00
2024;98023806945;STUDENTSKI KATOLIČKI CENTAR PALMA;6080.99;2;0.00
2024;06546575548;PRIVATNA SPORTSKA I JEZIČNA GIMNAZIJA FRANJO BUČAR;6079.77;10;0.00
2024;12884984092;KADENCA UDRUGA ZABAVLJAČA ZAGREB;6000.00;2;0.00
2024;16730442168;BIAKOVA D.O.O. ZA TRGOVINU I IZDAVAŠTVO;6000.00;2;0.00
2024;80125497364;UMJETNIČKA ORGANIZACIJA HEFERER ZA ORGULJE I OST UMJ INSTRUM;6000.00;1;0.00
2024;48553989812;KULTIPRAKTIK -UDRUGA ZA KREAKCIJU;6000.00;4;0.00
2024;69936331413;PRIREDBA DOO ZA PRODUKCIJU I USLUGE;6000.00;2;0.00
2024;00976395926;UMJETNIČKA ORGANIZACIJA ANSAMBL OKTOS;6000.00;4;0.00
2024;61763011172;KAZALIŠTE ULYSSES;6000.00;2;0.00
2024;32665880846;AKADEMSKI ZBOR BAZILIKE SRCA ISUSOVA U ZAGREBU PALMA;6000.00;2;0.00
2024;40837433443;DJEČJI ZBOR MOZARTINE;6000.00;2;0.00
2024;26869189308;UDRUGA DARIVATELJA KRVI;6000.00;2;0.00
2024;86341348358;STILUS KNJIGA DOO;6000.00;5;0.00
2024;91842476134;UMJETNIČKA ORGANIZACIJA ODEON;6000.00;2;0.00
2024;68430249539;ZAGREBAČKA NAKLADA D O O ZA NAKLADNIČKU DJELATNOST I TRGOVIN;6000.00;2;0.00
2024;37700284220;JAKA PRODUKCIJA DOO;6000.00;2;0.00
2024;04050684032;ART MAGAZIN KONTURA D.O.O.;6000.00;2;0.00
2024;49389702900;UMJETNIČKA ORGANIZACIJA AKUSTIČNI PROJEKT;6000.00;2;0.00
2024;69027569767;HRVATSKA SEKCIJA AICA;6000.00;2;0.00
2024;45050126417;KONČAR - ELEKTROINDUSTRIJA D.D.;5985.30;18;0.00
2024;24113470894;PROJEKTI I EKSPERTI DOO;5977.00;11;0.00
2024;53916061811;HRVATSKA MREŽA ZA BESKUĆNIKE;5977.00;1;0.00
2024;84170114747;INŽENJERSKI BIRO D.D.;5970.90;12;0.00
2024;89590457169;HAMAPHARM DOO;5950.30;1;0.00
2024;35361878872;HRVATSKA UDRUGA ZA BORBU PROTIV HIV-A I VIRUSNOG HEPATITISA;5950.00;2;0.00
2024;56710900028;CEW INŽENJERING DOO;5928.13;12;0.00
2024;47955067411;UDRUGA ASOCIJATIVA;5904.56;1;0.00
2024;57654288475;POTROŠAČ DRUŠTVO ZA ZAŠTITU POTROŠAČA HRVATSKE;5865.00;2;0.00
2024;06406092393;PRIVATNA GIMNAZIJA I TURSTIČKO-UGOST ŠKOLA J KUPREŠAK;5824.82;9;0.00
2024;00642324168;UMJETNIČKA ORGANIZACIJA KATANA;5815.00;3;0.00
2024;60560597422;UDRUGA DRAGOVOLJACA HRVATSKIH OBRAMBENIH SNAGA GRADA ZAGREBA;5800.00;2;0.00
2024;45263394181;SAVEZ UDRUGA - HRVATSKI SABOR KULTURE;5800.00;10;0.00
2024;28303500883;HRVATSKI INSTITUT ZA FINANCIJSKU EDUKACIJU;5734.00;2;0.00
2024;12474257780;PRIVATNA GIMNAZIJA DR. ČASL;5728.55;5;0.00
2024;80627693538;ZNANJE D.O.O.;5700.00;4;0.00
2024;91712842608;PET PROJEKT D.O.O.;5700.00;4;0.00
2024;01493545031;LITTERIS D.O.O.;5700.00;3;0.00
2024;71873420106;PERSPEKTIVA;5673.34;1;0.00
2024;34911353826;"UDRUGA ZA KULTURU OSOBA OŠTEĆENA SLUHA HRV. ""SVIJET TIŠINE""";5630.00;10;0.00
2024;83146278913;TSE TRAFFIC PLANNING DOO;5625.00;1;0.00
2024;35912685868;EDICIJE BOŽIČEVIĆ D.O.O.;5600.00;1;0.00
2024;62908105506;BOOKGLOBE - STRANA KNJIŽARA D.O.O.;5600.00;3;0.00
2024;17371898479;INFO G DOO;5594.17;3;0.00
2024;74121470605;ZAVOD ZA ISPITIVANJE KVALITETE DOO;5593.75;9;0.00
2024;09575099931;PROJEKT JEDNAKO RAZVOJ D.O.O.;5573.50;6;0.00
2024;67106123722;OŠTRO CENTAR ZA ISTRAŽIVAČKO NOVINARSTVO U JADRANSKOJ REGIJI;5570.29;1;0.00
2024;63649739630;"MJEŠOVITI VOKALNI ANSAMBL I ""KOMIN"" SNJEŽANIN";5550.00;8;0.00
2024;17447691679;OPĆA PRIVATNA GIMNAZIJA;5549.09;5;0.00
2024;27143474150;ZAGREBAČKA MEDRESA DR.AHMET SMAILOVIĆ SREDNJA ŠKOLA;5502.26;5;0.00
2024;54812519357;F420 UDRUGA STUDENATA AKADEMIJE DRAMSKE UMJETNOSTI;5500.00;6;0.00
2024;14343226338;HRVATSKO KULTURNO DRUŠTVO BRAĆE RADIĆA;5500.00;2;0.00
2024;52667461002;DRUŠTVO ZA KULTURU I UMJETNOST I. K. SAKCINSKI;5500.00;4;0.00
2024;86121805051;UDRUGA HRVATSKI RATNI VETERANI ZAGREBA;5500.00;2;0.00
2024;46740140320;PJEVAČKA UDRUGA CANTUS ANTE OMNIA;5500.00;2;0.00
2024;45332924637;GAD PRODUKCIJA DOO;5500.00;2;0.00
2024;22586644992;UMJETNIČKA ORGANIZACIJA KUGLI & KUGLI;5500.00;5;0.00
2024;08810240600;UMJETNIČKA ORGANIZACIJA OMNIBUS;5480.00;6;0.00
2024;73216285877;AKSIJAL DOO;5450.79;3;0.00
2024;28825788085;SIDEAS DOO;5437.50;2;0.00
2024;49483564012;MUZEJI IVANA MEŠTROVIĆA;5430.00;4;0.00
2024;08955800596;CERANEO CENTAR ZA RAZVOJ NEPROFITNIH ORGANIZACIJA;5417.00;1;0.00
2024;44722882085;UMJETNIČKA ORGANIZACIJA FAKIN TEATAR;5400.00;2;0.00
2024;92364669796;GEODETIKA D.O.O.;5400.00;1;0.00
2024;00006522097;HRVATSKI FENIKS UDRUGA OBITELJI ZATOČ. I NEST. HRVAT. BRAN.;5400.00;2;0.00
2024;39901919995;HŽ INFRASTRUKTURA D.O.O.;5387.13;5;0.00
2024;44670908452;TISKARA ZELINA D.D.;5347.50;2;0.00
2024;62513325106;KOVNICA D.O.O.;5321.91;9;0.00
2024;36184065942;PLAVA STOLICA DOO;5308.91;1;0.00
2024;10235187780;RAPTOR FLEET DOO;5283.82;13;0.00
2024;32247795989;CROATIA BANKA ZAGREB;5274.24;36;0.00
2024;91453301285;ALPHA BAUMANAGEMENT DOO;5250.00;2;0.00
2024;99944170669;TEB POSLOVNO SAVJETOVANJE D.O.O.;5241.75;23;0.00
2024;42483025259;ZEGEPEDIA JDOO;5223.75;22;0.00
2024;47782921095;PLEŠIMEDO UDRUGA ZA POKRET SUVREMENI PLES I AUD. VIZ.KOM.;5200.00;2;0.00
2024;56566580479;TERME TUHELJ D.O.O.;5195.46;1;0.00
2024;06217712974;SALESIANA D.O.O.;5130.14;1;0.00
2024;98788918659;MOJO RENTAL SOUTHEAST EUROPE DOO;5125.00;1;0.00
2024;65029395487;UDRUGA SLOBODNI FILOZOFSKI;5120.00;1;0.00
2024;43627327416;MACHINERY WAY JDOO;5120.00;2;0.00
2024;06531687122;ANTE INŽENJERSTVO DOO;5115.00;1;0.00
2024;33824126854;PAGO COM D.O.O.;5080.40;5;0.00
2024;43491809203;INOX FRIGO DOO;5062.50;1;0.00
2024;11342631919;GEOFORMAT D.O.O. ZA USLUGE;5056.45;13;0.00
2024;35280334733;IMETRICO DOO;5032.80;22;0.00
2024;17655152955;UMJETNIČKA ORGANIZACIJA MULTIKULTI;5000.00;2;0.00
2024;32151512413;HILARION DRUŠTVO ZA PROMICANJE GLAZBE PLESA I GL-SC UMJET;5000.00;2;0.00
2024;08264522179;MODERNA VREMENA INFO D.O.O.¸;5000.00;2;0.00
2024;19675952210;VAKON ING DOO;5000.00;5;0.00
2024;26724775299;UDRUGA ZAŠTITU I PROMICANJE LJUDSKIH PRAVA SOFIJA;5000.00;1;0.00
2024;07321284009;UDRUGA HRVATSKIH BRANITELJA DRAGOVOLJACA DOMOVINSKOG RATA;5000.00;1;0.00
2024;17461980919;IMAGINATION UDRUGA ZA KREATIVNOST I DRUŠTVENI RAZVOJ;5000.00;2;0.00
2024;26225264592;SAVEZ UDRUGA OBITELJI ZATOČENIH I NESTALIH HRVATSKIH BRANIT.;5000.00;1;0.00
2024;84365203685;UMJETNIČKA ORGANIZACIJA JAVNI PROSTOR;5000.00;1;0.00
2024;49903072647;HRVATSKA GLAZBENA UNIJA;5000.00;2;0.00
2024;47851910669;UDRUGA ZA RAD S DJECOM ČAROBNJAK;5000.00;2;0.00
2024;47937571736;UDRUGA ART ŠKOLA;5000.00;1;0.00
2024;47976493474;ZAGREBAČKI BRIDŽ SAVEZ;5000.00;1;0.00
2024;10581884091;UDRUGA ZAGREBAČKI DRAGOVOLJCI BRANITELJI VUKOVARA;5000.00;1;0.00
2024;98079087430;SAMOBORSKI UDARALJKAŠI;5000.00;1;0.00
2024;51397634592;LEOPOLD MOZART UDRUGA RODITELJA UČENIKA GLAZBE I PLESA;5000.00;3;0.00
2024;51493768357;FANTASTIČNO DOBRA INSTITUCIJA FADE IN DOO;5000.00;2;0.00
2024;75226535695;MULTIMEDIJALNA UMJETNIČKA ORGANIZACIJA BACAČI SJENKI;5000.00;2;0.00
2024;74045418746;UMJETNIČKA ORGANIZACIJA TVORNICA ANTIHITOVA;5000.00;1;0.00
2024;73474352611;KULTURNO UMJETNIČKO DRUŠTVO RUŽA PRIGORJA;5000.00;6;0.00
2024;55965223160;LUTKARSKI EKSPERIMENTALNI TEATAR;5000.00;1;0.00
2024;22473413844;DOBRA KNJIGA D.O.O. KNJIŽARA LJEVAK;5000.00;2;0.00
2024;99064999336;PROFESIONALNI PLESNI ANSAMBL KELKOPE;5000.00;2;0.00
2024;79590804159;DJEVOJAČKI ZBOR MOZARTINE;5000.00;2;0.00
2024;68250100951;HRVATSKO NOVINARSKO DRUŠTVO;5000.00;2;0.00
2024;04693110183;UMJETNIČKA ORGANIZACIJA MOLD KOLEKTIV;5000.00;2;0.00
2024;86775670895;UMJETNIČKA ORGANIZACIJA DOMINANTA;5000.00;3;0.00
2024;05029212031;KLUB ZA EKSPEDICIONIZAM I KULTURU;5000.00;2;0.00
2024;90861994030;KOLEKTIRV I ZA PRAVA TRANS INTERSPOL I RODNO VARIJANTNIH OSB;5000.00;2;0.00
2024;88597255851;ZACAPAS JDOO;5000.00;1;0.00
2024;43817701790;VIVATIP D.O.O;4980.89;17;0.00
2024;52848403362;WIENER OSIGURANJE VIENNA INSURANCE GROUP DD;4961.52;13;0.00
2024;40135052654;UDRUGA CIVILNIH INVALIDA RATA GRADA ZAGREBA;4950.00;1;0.00
2024;17914258646;HRVATSKO DRUŠTVO ZA GAJENJE LOVA I RIBARSTVA;4936.82;1;0.00
2024;31749668239;PLANET GEODEZIJA JDOO;4923.35;24;0.00
2024;49562158135;SEKCIJA UHDDR ZA PROJEKTE I PROGRAME DJECE I MLADIH;4900.00;1;0.00
2024;72602155595;MGV D.O.O.;4900.00;1;0.00
2024;09104283167;UDRUGA PRISUTNOST ZAGREB;4867.00;1;0.00
2024;54926199502;HRVATSKA UDRUGA ZA RAVNOPRAVNO RODITELJSTVO;4867.00;1;0.00
2024;55993768232;CENTAR ZA PODRŠKU RODITELJSTVU RASTIMO ZAJEDNO;4867.00;1;0.00
2024;31746375245;DIGITALITY DOO;4860.00;1;0.00
2024;84077835296;HIDRO A DOO;4858.12;2;0.00
2024;46298762996;DJČJI VRTIĆ KORACI;4854.72;13;0.00
2024;43954444501;OSNOVNA GLAZBENA ŠKOLA SCHOLA MUSICA;4829.89;5;0.00
2024;31375495391;PENTA D.O.O.;4808.22;4;0.00
2024;81793146560;HRVATSKI TELEKOM D.D.;4797.95;49;0.00
2024;35985815579;AD CON DOO;4795.72;5;0.00
2024;34279353714;DOBROVOLJNO VATROGASNO DRUŠTVO LIPNICA;4778.04;12;0.00
2024;59277516449;DOBROVOLJNO VATROGASNO DRUŠTVO KUPINEČKI KRALJEVEC;4778.04;12;0.00
2024;75388340974;VISIA DOO;4778.00;1;0.00
2024;88502209643;ISTO DD U STEČAJU;4767.59;1;0.00
2024;92750937386;ODVJETNIČKO DRUŠTVO EĆIMOVIĆ I KALEB DOO;4765.92;1;0.00
2024;37196134947;TI-SAN D.O.O.;4764.04;14;0.00
2024;46108893754;SPAR HRVATSKA D.O.O. ZA TRGOVINU;4749.64;1;0.00
2024;08622180689;SVIJET MEDIJA DOO;4728.64;10;0.00
2024;99326633206;IMEX BANKA D.D. SPLIT, PODRUŽNICA ZAGREB;4708.98;12;0.00
2024;94443043935;UPI - 2M PLUS D.O.O.;4701.54;6;0.00
2024;84873085315;HRVATSKI SAVEZ ZA RIJETKE BOLESTI;4695.00;2;0.00
2024;29091031016;LEPTIR-BITI DOO;4673.00;4;0.00
2024;64896170875;UDŽBENIK HR D.O.O.;4665.56;4;0.00
2024;55178657512;BIOTEKA -UDRUGA ZA PROMICANJE BIOLOGIJE I SROD ZNANOSTI;4653.46;1;0.00
2024;72558124188;KULTURNO UMJETNIČKA UDRUGA PROMO-ART;4650.00;7;0.00
2024;64730235489;CENTAR ZA POSLOVNI TURIZAM DOO;4625.00;2;0.00
2024;72530753241;VASCOM D.O.O. ZA TRGOVINU, PROIZVODNJU I USLUGE;4600.00;3;0.00
2024;06558758965;KON-VIS D.O.O.;4600.00;1;0.00
2024;50123011901;MELIN DOO;4599.08;4;0.00
2024;76638884750;ZAVOD ZA FOTOGRAMETRIJU D.D.;4587.72;23;0.00
2024;90465650221;GEOAQUA D.O.O.;4512.58;4;0.00
2024;62886130846;UDRUGA BLABERON;4500.00;2;0.00
2024;22887218346;UDRUGA ZAŽELI;4500.00;1;0.00
2024;86224624633;UDRUGA ZA PROMOVIRANJE ŠPANJOLSKE UMJETNOSTI I KULTURE ALMA;4500.00;4;0.00
2024;07426507766;UMJETNIČKA ORGANIZACIJA THEARTE;4500.00;4;0.00
2024;41488522238;ETNO NOVA;4500.00;1;0.00
2024;40742241290;ALPHA CAPITALIS DOO;4500.00;1;0.00
2024;67390842610;MAŠINOPROJEKT D.O.O.;4499.31;2;0.00
2024;77141602140;DEKRA CROATIA DOO;4498.66;4;0.00
2024;46494500609;UDRUGA ŽIVOTNA LINIJA;4489.20;3;0.00
2024;08644280117;BRLIĆ D.O.O.;4485.09;8;0.00
2024;07481493104;MEDITERRANEO D.O.O. ZA TRGOVINU I USLUGE;4477.06;55;0.00
2024;54188444912;TAEKWONDO KLUB ČIGRA;4470.00;2;0.00
2024;95499898768;PRAVOKUTNIK DOO ZA ARHITEKTURU I VJEŠTAČENJA;4458.10;9;0.00
2024;57683978003;POTOMAC GRUPA DOO;4455.87;6;0.00
2024;29005509482;STYRIA MEDIJSKI SERVISI D.O.O.;4436.33;5;0.00
2024;08632898025;ŽENSKI VOKALNI ANSAMBL ZWIZDE-UD.ZA OČUV.I PR.ŠOK.BAŠ.ZAGREB;4400.00;3;0.00
2024;17504997569;PINOKIO KLUB ZA DJECU;4400.00;4;0.00
2024;12500690762;LIBRICON D.O.O. ZA NAKLADNIŠTVO TRGOVINU TURIZAM I USLGE;4400.00;4;0.00
2024;96425819797;UDRUGA ZA DAROVITOST DAR;4399.50;2;0.00
2024;29767011450;BELTRONIK DOO;4376.00;1;0.00
2024;36172669410;DARVEL DOO;4367.67;4;0.00
2024;09525804762;VUTA ING DOO;4353.12;10;0.00
2024;63786485524;DJEČJI VRTIĆ DJEČJI DVORI;4352.55;12;0.00
2024;25913868025;INSTEL PROMET D.O.O.;4333.75;1;0.00
2024;49337502853;REPUBLIKA HRVATSKA - DRŽAVNI ZAVOD ZA STATISTIKU;4332.25;5;0.00
2024;88567785567;EVENT SIGURNOST DOO ZA ZAŠTITU;4330.00;3;0.00
2024;76433565813;EPOHA PRIVATNA GIMNAZIJA S PRAVOM JAVNOSTI;4326.72;5;0.00
2024;30990748644;FACIT MAR DOO ZA USLUGE;4325.00;1;0.00
2024;08728770422;UDRUGA ŽELJEZNIČARA SLIKARA PLAVO SVJETLO ZAGREB;4300.00;2;0.00
2024;35225012863;UDRUGA ANTIFAŠISTIČKIH BORACA I ANTIFAŠISTA TREŠNJEVKA;4300.00;2;0.00
2024;07749254015;HRVATSKA MREŽA PROTIV SIROMAŠTVA;4297.00;1;0.00
2024;12543703761;GLAZBENA ŠKOLA MUZIČKI ATELJE;4288.00;4;0.00
2024;44004110923;ING CTRL DOO;4275.00;2;0.00
2024;01688741346;PRIJATELJI ŽIVOTINJA;4250.00;2;0.00
2024;53424695642;GREEN BUILDING DOO;4248.00;3;0.00
2024;92276133102;VEČERNJI LIST NOVINSKO NAKLADNIČKO D.O.O.;4241.13;6;0.00
2024;24849784947;KREATIVNI TISAK D.O.O. ZA TISKANJE I TRGOVINU;4215.84;8;0.00
2024;41689206789;MAKETARSKI I MODELARSKI KLUB SAVICA;4212.41;2;0.00
2024;10698571703;TEHNOMODELI DOO;4205.65;1;0.00
2024;88179867394;UDRUGA HRVATSKIH VOJNIH INVALIDA DOMOVINSKOG RATA DUBRAVA;4200.00;2;0.00
2024;60721095143;POSAVSKI ZAVIČAJNI KLUB DERVENTSKO KOLO;4200.00;3;0.00
2024;20194002984;HRVATSKA UDRUGA LIKOVNIH UMJETNIKA I LIKOVNIH KRITIČARA;4200.00;6;0.00
2024;48123137525;SMART BIZ DOO;4179.38;4;0.00
2024;74867487620;TOKIĆ DOO;4097.39;1;0.00
2024;27050468625;TEA ELEKTRONIK DOO;4080.54;6;0.00
2024;35913314365;ODVJETNIČKO DRUŠTVO LEKO I PARTNERI;4065.58;57;0.00
2024;44896955616;DJEČJI VRTIĆ OSMIJEH;4034.72;8;0.00
2024;13307517322;BOROS PROJEKT JDOO;4012.62;2;0.00
2024;56816133459;DRUŠTVO GORANIN;4000.00;2;0.00
2024;98088021372;HRVATSKI GLAZBENI CENTAR;4000.00;4;0.00
2024;02062417239;UDRUGA NIKOLA TESLA - GENIJ ZA BUDUĆNOST;4000.00;1;0.00
2024;49355429927;VERBUM NAKLADNIŠTVO I KNJIŽARSTVO D.O.O.;4000.00;3;0.00
2024;09720768884;BUYBOOK DOO;4000.00;2;0.00
2024;02952816979;GLAZBENI CENTAR PAPANDOPULINE;4000.00;2;0.00
2024;92738680199;UDRUGA DUGINE OBITELJI;4000.00;1;0.00
2024;03343232056;ZAVIČAJNO DRUŠTVO SINAC ZAGREB;4000.00;2;0.00
2024;49400554617;NEPRILAGOĐEN JDOO ZA USLUGE;4000.00;2;0.00
2024;12526979697;OKUD TREŠNJEVKA;4000.00;4;0.00
2024;76237150000;741 UDRUGA ZA PROMICANJE PLESA UMJETNOSTI I KVALIT ŽIVLJENJA;4000.00;2;0.00
2024;09648613435;ĆIRILO METODOV KOR;4000.00;2;0.00
2024;39538904049;DIVAN TEATAR;4000.00;2;0.00
2024;93966915493;HRVATSKI GLAZBENI ZAVOD;4000.00;2;0.00
2024;83023658143;TIHOMIR DOO;4000.00;1;0.00
2024;57393465091;UMJETNIČKA ORGANIZACIJA KAZALIŠNA DRUŽINA IZA ZAVJESE;4000.00;2;0.00
2024;35645536061;KULTURNO UMJETNIČKO DRUŠTVO VEDAR OSMIJEH;4000.00;2;0.00
2024;17270995529;UDRUGA DOKUMETAR;4000.00;4;0.00
2024;46603716550;SPORTSKO PLESNI KLUB KELKOPE;4000.00;2;0.00
2024;84512951373;UMJETNIČKA ORGANIZACIJA PARADOKS;4000.00;1;0.00
2024;93624578747;UMJETNIČKA ORGANIZACIJA EUTERPA;4000.00;1;0.00
2024;82633454316;KUD VALENTINOVO;4000.00;2;0.00
2024;75502271466;UDRUGA RODITELJA DJECE  S TEŠK U RAZV I OS S INV PUT U ŽIVOT;4000.00;1;0.00
2024;56503270284;UMJETNIČKA ORGANIZACIJA LAĐA OD VODE;4000.00;3;0.00
2024;20161637541;UDRUGA ZA PROMICANJE OBLIKOVANJA I UMJETNOSTI;4000.00;2;0.00
2024;44595119440;KULTURNO UMJETNIČKO DRUŠTVO RESNIK;4000.00;2;0.00
2024;35637496296;UMJETNIČKA ORGANIZACIJA ZELENI BALON;4000.00;2;0.00
2024;60337982979;KLUB VETERANA 148. BRIGADE HRVATSKE VOJSKE ZAGREB - TRNJE;4000.00;1;0.00
2024;93202998603;CS ZAGREB DOO ZA SERVIS MOTORNIH VOZILA;4000.00;1;0.00
2024;58597177555;HRVATSKA SVEUČILIŠNA NAKLADA D.O.O.;4000.00;3;0.00
2024;73886843668;HRVATSKI NACIONALNI ODBOR ZA POVIJESNE ZNANOSTI;4000.00;2;0.00
2024;49039915702;UMJETNIČKA ORGANIZACIJA FESTIVAL ŠANSONE CHANSONFEST;4000.00;2;0.00
2024;26584670375;DRUŠTVO SPORTSKE REKREAC.CENTAR ZA SPORT I REKREAC.ZAGREB;4000.00;1;0.00
2024;73698625430;UMJETNIČKA ORGANIZACIJA CADENZA;4000.00;2;0.00
2024;88507424442;BULJAN MILIČEVIĆ ARHITEKTI DOO;4000.00;4;0.00
2024;10092526969;UMJETNIČKA ORGANIZACIJA SPECIJALNI EFEKTI;4000.00;2;0.00
2024;08786810532;MUDRO ZBORI;4000.00;2;0.00
2024;73349324319;IVAGO PLAN DOO;4000.00;4;0.00
2024;59839501678;SIVA ZONA PROSTOR SUVREMENE MEDIJSKE UMJETNOSTI;4000.00;2;0.00
2024;12048053087;ELEKTRO JAKLIĆ DOO;4000.00;1;0.00
2024;23399211423;UMJETNIČKA ORGANIZACIJA TRANZICIJSKO FIKCIJSKO KAZALIŠTE;4000.00;2;0.00
2024;00800437421;UDR.ZA PR.MED.KUL.,UMJET.I TOL.LUPIGA-SVIJET KROZ OBIČNE OČI;3990.00;1;0.00
2024;20682358696;EKOLOŠKI CENTAR DOO ZA PROIZVODNJU I USLUGE;3981.68;1;0.00
2024;76080865307;OTIS DIZALA D.O.O.;3979.64;18;0.00
2024;64822592675;PALIGASI DOO;3955.00;4;0.00
2024;09991866976;LOVAČKO DR. ZA UZGOJ ZAŠTITU I LOV DIVLJAČI FAZAN ŠESTINE;3912.00;1;0.00
2024;51933368655;UDRUGA ZAMISLI;3900.00;1;0.00
2024;20301760309;PROSTOR EMANCIPACIJE;3887.00;1;0.00
2024;33725552892;OPUS OPERIS D.O.O. ZA UPRAVLJANJE NEKRETNINAMA;3863.40;37;0.00
2024;39672837472;SPEKTAR PUTOVANJA D.O.O.;3847.00;2;0.00
2024;77667447224;ZAGREBAČKA NADBISKUPIJA - PRVOSTOLNI KAPTOL ZAGREBAČKI;3838.90;3;0.00
2024;14478211640;ODVJETNIČKO DRUŠTVO KOŽUL I PETRINOVIĆ DOO;3822.81;10;0.00
2024;99063153817;UDRUGA GRAĐANA - TREĆA ŽIVOTNA DOB TREŠNJEVKA;3800.00;6;0.00
2024;15978402700;HRVATSKO DRUŠTVO KARIKATURISTA;3800.00;4;0.00
2024;67042118681;VANGELIS DOO;3790.00;2;0.00
2024;75319825140;CENTAR ZA PSIHOLOŠKU PODRŠKU I RAZVOJ PRIČAJ MI;3787.00;2;0.00
2024;90054874194;CANOSA INŽENJERING DOO;3753.98;1;0.00
2024;39447066877;UDRUGA ZA PROMICANJE KREATIVNOSTI  - VILIBALD;3735.75;1;0.00
2024;01394705384;VUKIĆ JELUŠIĆ ŠULINA STANKOVIĆ JURCAN I JABUKA ODVJET DOO;3732.82;1;0.00
2024;87035030616;TVORNICA UMJETNOSTI;3718.49;1;0.00
2024;43506169483;PRIVATNA OSNOVNA ŠKOLA LINEA;3706.78;5;0.00
2024;38972231293;PLANETOPIJA D.O.O.;3700.00;3;0.00
2024;96081354662;KAZALIŠTE PRIJATELJ;3700.00;3;0.00
2024;32111742300;ZAGREB PLAKAT DOO;3675.00;8;0.00
2024;93236267940;VITALMAX USLUGE DOO;3657.16;15;0.00
2024;43446234861;SREDNJA WALDORFSKA ŠKOLA U ZAGREBU;3632.00;4;0.00
2024;00785925350;KOJO DOO;3626.58;6;0.00
2024;35536574301;MAGIĆMARINAC DOO ZA PROMIDŽBU I DIZAJN;3603.90;1;0.00
2024;24402228894;UDD UDRUGA ZA DEMOKRATSKO DRUŠTVO;3595.00;1;0.00
2024;82550210527;ODVJETNIČKO DRUŠTVO MUSULIN I SURADNICI DOO;3590.06;3;0.00
2024;75508100288;HRVATSKA ZAJEDNICA RAČUNOVOĐA I FINANCIJSKIH DJELATNIKA;3581.75;11;0.00
2024;06554796488;UDRUGA RODITELJA I UČITELJA WALDROFSKE ŠKOLE U ZAGREBU;3577.00;1;0.00
2024;43369687715;LUXUS SPORT DOO ZA TRGOVINU I USLUGE;3561.13;4;0.00
2024;18912384036;HRVATSKI PRAVNI CENTAR;3550.00;2;0.00
2024;23702973336;AKING D.O.O.;3525.77;2;0.00
2024;37303149663;KULTURNO - UMJETNIČKO DRUŠTVO OPOROVEC;3500.00;2;0.00
2024;17095040599;KLAPA SAGENA;3500.00;2;0.00
2024;05422306827;ARTRESOR NAKLADA D.O.O. ZA IZDAVAČKU DJ.,GRAFIČKO I LIK. OB.;3500.00;4;0.00
2024;14405959093;KAOOOSSS;3500.00;2;0.00
2024;36234030127;UABA BRAĆA RIBAR ČRNOMEREC;3500.00;1;0.00
2024;23517009631;KULTURNO UMJETNIČKO DRUŠTVO STENJEVEC;3500.00;2;0.00
2024;31232012833;UDRUGA HRVATSKIH DRAGOVOLJACA DOMOVINSKOG RATA;3500.00;2;0.00
2024;24897252397;KLAPA ĆAKULONE;3500.00;2;0.00
2024;20192232840;UDRUGA MARANATHA;3500.00;2;0.00
2024;12707800437;HRVATSKI SAVEZ UDRUGA MLADIH I STUDENATA S INVALID. SUMSI;3500.00;1;0.00
2024;86332224735;DRUŠTVO HRVATSKA ŽENA - GRAD ZAGREB;3500.00;2;0.00
2024;64421336208;KULTURNO UMJETNIČKO DRUŠTVO VEDRA NOTA IZ ZAGREBA;3500.00;2;0.00
2024;26695166376;HOKUD SLOBODA;3500.00;2;0.00
2024;24970545992;UDRUGA ANTIFAŠISTA ZAGREB JUG;3500.00;2;0.00
2024;01710734686;IPSOS  DOO;3487.50;1;0.00
2024;62867668247;HUMANITARNA UDRUGA KOMPIĆI;3457.00;1;0.00
2024;05273836825;ZENZO DOO;3450.80;4;0.00
2024;54261731161;DESIGN OFFICE DOO;3400.00;2;0.00
2024;43529083211;ZAVIČAJNA UDRUGA KORDUNAŠA KORANA ZAGREB;3400.00;2;0.00
2024;14630097084;TT INCORE DOO ZA USLUGE I TRGOVINU;3350.13;2;0.00
2024;40872288073;MONDO EVENT DOO;3337.07;2;0.00
2024;88963057961;UDRUGA ZA RAZVOJ CIVILNOG DRUŠTVA ANGELUS CUSTOS;3337.00;1;0.00
2024;94335451436;K &K PROMOCIJA DOO;3318.10;1;0.00
2024;76454212077;HRT - ŠARIĆ D.O.O.;3307.50;1;0.00
2024;02837824881;VEEMEE DOO;3305.00;1;0.00
2024;86904330721;ALLEGRIAN DOO;3301.48;1;0.00
2024;56317035065;DARPRO JDOO;3300.00;1;0.00
2024;59907401668;ERGIN DOO;3300.00;1;0.00
2024;92923187236;ALL MARKET MEDIA DOO;3268.38;2;0.00
2024;29826029812;OPĆINA MOŠĆENIČKA DRAGA;3257.22;13;0.00
2024;20355462141;ACADEMIA TEMPORA DOO;3250.00;1;0.00
2024;25896806302;UMJETNIČKA ORGANIZACIJA TESLA TEATAR;3250.00;3;0.00
2024;57895779057;GRAFING A D.O.O.;3250.00;1;0.00
2024;85847626145;REZOLUCIJA DOO ZA PROIZVODNJU TRGOVINU I USLUGE;3250.00;2;0.00
2024;69402580185;DOM KULTURE ZAGREB;3240.00;1;0.00
2024;60445358686;CHEMACO DOO ZA TRGOVINU I ZASTUPANJE STRANIH TVRTKI;3221.23;9;0.00
2024;76236758381;GRAFO L.AN.D. D.O.O. ZA POSLOVNE USLUGE;3211.44;1;0.00
2024;31770065778;SBT D.O.O.;3211.07;10;0.00
2024;44940679869;KVADRAT PLUS D.O.O.;3205.69;8;0.00
2024;88080836195;KLAPA CESARICE;3200.00;2;0.00
2024;83411133656;EKSPERIMENTALNA SLOBODNA SCENA;3200.00;3;0.00
2024;15930059266;UDRUGA FUN DA MENTAL;3200.00;1;0.00
2024;27485418925;MAK TEATAR D.O.O. ZA USLUGE;3200.00;4;0.00
2024;49090687055;INSTALACIJE DENČIĆ DOO;3200.00;2;0.00
2024;42694751279;AUDIO PRO ARTIST D.O.O. ZA TRGOVINU I USLUGE;3187.08;4;0.00
2024;18777611506;DOBROVOLJNO VATROGASNO DRUŠTVO BRANOVEC;3185.28;13;0.00
2024;68205802695;SINDIKAT UMIROVLJENIKA HRVATSKE;3181.00;3;0.00
2024;50866393930;URBAN KONZALT DOO;3179.50;5;0.00
2024;24452310712;RO TERMO DOO;3177.77;1;0.00
2024;44406186792;FORGEBIT J.D.O.O.;3176.50;3;0.00
2024;19747397410;ALFA PRINT DOO;3158.75;1;0.00
2024;91094950285;ZAGREB ZGRADE D.O.O.;3157.40;45;0.00
2024;77002614699;ELEKTRO CECIĆ DOO ZA GRADITELJSTVO I USLUGE;3138.58;1;0.00
2024;14560509960;ZELENA VRIJEŽA D.O.O. ZA UZGOJ JAGODA;3135.12;1;0.00
2024;13653098314;ENERGONOVA D.O.O.;3125.00;1;0.00
2024;40081859293;IGLU ŠPORT D.O.O. ZA TRGOVINU, USLUGE I PROZVODNJU;3123.75;1;0.00
2024;87607151174;FORTIS LABOR DOO;3112.50;1;0.00
2024;75374786952;LIDER MEDIA DOO;3092.30;9;0.00
2024;56353967563;CONSILIUM ELECTRA DOO;3059.26;2;0.00
2024;84779717559;BDO INFOKORP DOO;3048.47;1;0.00
2024;12485381173;ZIV-TICA D.O.O. PROJEKTIRANJE, NADZOR I USLUGE;3028.41;7;0.00
2024;51002263141;DJEČJI VRTIĆ ZDENAC MALI;3026.04;3;0.00
2024;56898472976;BIRGON DOO;3020.61;1;0.00
2024;44622295635;HRVATSKA UDRUGA ARS ORGANI SISCIAE;3000.00;2;0.00
2024;89586651042;UDRUGA BOSANSKIH POSAVLJAKA IZVORNI OBIČAJI;3000.00;2;0.00
2024;76962519378;KULTURNO UMJETNIČKO DRUŠTVO ZORJA;3000.00;2;0.00
2024;64075568837;BUDIŠ MONT DOO;3000.00;2;0.00
2024;12430009417;CENTAR ZA TRADICIJSKA GLAZBALA HRVATSKE;3000.00;2;0.00
2024;23408153497;ZAGREBAČKO KNJIŽNIČARSKO DRUŠTVO;3000.00;2;0.00
2024;26730147815;UDRUGA PRIJATELJA HRVATSKIH BOŽIĆNIH JASLICA;3000.00;2;0.00
2024;78350077391;HRVATSKA LIGA PROTIV RAKA;3000.00;3;0.00
2024;28327387905;KRANJČAR DOO;3000.00;2;0.00
2024;41440899296;HRVATSKO DRUŠTVO ZA PREVENCIJU MOŽDANOG UDARA;3000.00;1;0.00
2024;89945274121;HANNAN REDŽEPAGIĆ JDOO;3000.00;1;0.00
2024;10434789303;KLUB HEO ZAGREB;3000.00;1;0.00
2024;45123367654;UMJETNIČKA ORGANIZACIJA MALI TEATAR PETIT TEATAR;3000.00;1;0.00
2024;97691085062;KULTURNO UMJETNIČKO DRUŠTVO VESELI POSAVLJACI, BIJELO BRDO;3000.00;2;0.00
2024;23929584932;BIBRA IZDAVAŠTVO D.O.O.;3000.00;2;0.00
2024;63464742923;SLOBODAN ULAZ;3000.00;2;0.00
2024;33180905151;KUD PRIGORSKI ZDENEC;3000.00;2;0.00
2024;47999611775;UMJETNIČKA ORGANIZACIJA KALAMOS KVINTET;3000.00;1;0.00
2024;99139573142;ZAJEDNICA PROTJERANIH HRVATA IZ SRIJEMA BAČKE I BANATA;3000.00;1;0.00
2024;71425913723;FOLKLORNA SKUPINA KOLO;3000.00;2;0.00
2024;70822295674;NOVI ZVUK DOO;3000.00;1;0.00
2024;95051732873;ARS SEPTIMA D.O.O. ZA PROIZVODNJU I PROMET FILMOVA;3000.00;2;0.00
2024;97140949818;KULTURNO UMJETNIČKO DRUŠTVO ŽUMBERČANI;3000.00;2;0.00
2024;40427782294;TEMPUS REGULA JDOO;3000.00;1;0.00
2024;67832608353;FOLKLORNA IZVORNA SKUPINA REMETE;3000.00;2;0.00
2024;56441689807;GOSPEL ZBOR SUNCE;3000.00;2;0.00
2024;71041225414;PJEVAČKI ZBOR ZAGREBAČKI DJEČACI;3000.00;2;0.00
2024;25886673903;PLAYBOX PRODUCTION UDRUGA ZA PROM FILMSKE I VIDEO UMJ;3000.00;1;0.00
2024;96640664464;UMJETNIČKA ORGANIZACIJA ISTOVREMENO;2998.26;2;0.00
2024;42117506310;SAVEZ PČELARSKIH UDRUGA GRADA ZAGREBA;2990.63;1;0.00
2024;57314858379;HRVATSKA UDRUGA PČELARA PČELINJAK;2990.63;1;0.00
2024;12122170606;UDRUGA  ZA ZAŠT ŽIVOTINJA PRIRODE I DRUŠTVA SRETNO DVORIŠTE;2990.63;1;0.00
2024;32596821960;VLAJER MONT DOO;2990.00;1;0.00
2024;32862218556;POLJOPRIVREDNA ZADRUGA OLEANDAR RUKAVAC;2980.00;1;0.00
2024;19218250569;UDRUGA STUDENATA VET MEDICINE EQUUS;2968.81;1;0.00
2024;71107073888;ORDINO PLUS DOO;2961.27;31;0.00
2024;35596498125;KLEMM SIGURNOST D.O.O. ZA TJELESNU I TEHNIČKU ZAŠTITU;2950.00;2;0.00
2024;85326711223;PUTEM OAZAE DOO;2948.17;2;0.00
2024;75164980044;HRVATSKA MLJEKARSKA UDRUGA;2940.00;1;0.00
2024;71507120769;GRAĐENJE I UPRAVLJANJE DOO;2933.76;9;0.00
2024;29981688032;KOMUNIKACIJE PLUS D.O.O.;2912.50;5;0.00
2024;22233467982;AIKI EN UDRUGA ZA PROMICANJE SKLADNOG ŽIVLJENJA;2897.00;1;0.00
2024;17741185288;GEOLEVEL DOO;2859.38;1;0.00
2024;50467974870;MAKROMIKRO GRUPA D.O.O.;2840.88;4;0.00
2024;06912741114;ZAGREBAČKO DIJABETIČKO DRUŠTVO;2800.00;1;0.00
2024;65730285466;JUTRO POEZIJE;2800.00;4;0.00
2024;80316929070;KULTURNO UMJETNIČKO DRUŠTVO NIKOLA TESLA;2800.00;3;0.00
2024;99297802584;DV ŠLAPICA;2773.87;11;0.00
2024;92580713730;FRANAK - UDRUGA ZA ZAŠT POTROŠAČA KORISNIKA FINANC USL;2767.00;1;0.00
2024;56388790507;ALLEGHENY FINANCIAL D.O.O.;2765.93;1;0.00
2024;36201212847;VALAMAR RIVIERA DD;2760.00;4;0.00
2024;45157513720;ECO MOBILE DOO;2754.45;1;0.00
2024;15122942130;A KAJ DOO;2750.00;1;0.00
2024;44968486612;GLJIVARSKO DRUŠTVO KAMILO BLAGAIĆ;2750.00;1;0.00
2024;99465182509;GRADILAN JDOO;2747.36;1;0.00
2024;86648038250;ILIRIC-EKO D.O.O. ZA USLUGE;2737.50;7;0.00
2024;74500888901;POSIFLEX DOO;2734.48;4;0.00
2024;25531283613;SELMET D O O;2730.00;13;0.00
2024;61390726555;MONEL UPRAVLJANJE DOO;2708.60;43;0.00
2024;67812141508;EMPORA DOO;2700.00;1;0.00
2024;29446181023;KUĆNI KOLEKTIV;2700.00;3;0.00
2024;10313267957;FUMARIUM DOO;2691.25;1;0.00
2024;07378869839;NOVI VAL D.O.O. ZA GRAFIČKU DJELATNOST I TRGOVINU;2675.00;2;0.00
2024;56606620926;PADOBRAN UDRUGA ZA FINANCIJSKU INKLUZIJU;2667.00;1;0.00
2024;15253285360;SRETNO SRCE JDDO ZA USLUGE;2666.50;4;0.00
2024;58479319734;HB FORMAT DOO;2654.46;1;0.00
2024;89521233299;AD DISCO DOO;2654.00;1;0.00
2024;57806149045;DRUŠTVO ŠPORTSKE REKREACIJE MALI ŠPORTAŠI;2650.00;1;0.00
2024;04983288258;LJUBAV NA DJELU UDRUGA RODITELJA DJECE OBOLJELE OD MAL.BOL.;2650.00;1;0.00
2024;74500066401;DRUŠTVO SPORTSKE REKREACIJE SWIMIGYM;2650.00;1;0.00
2024;60192951611;HRVATSKI LIJEČNIČKI ZBOR;2650.00;1;0.00
2024;98963841755;NAJSRETNIJA BEBA HRVATSKA;2650.00;1;0.00
2024;89066813380;HABILITACIJSKA UDRUGA ZA DJ  S TEŠKOĆAMA U RAZVOJU SILAB;2650.00;1;0.00
2024;18838398076;ŽELJEZNIČKO PROJEKTNO DRUŠTVO D.D.;2650.00;1;0.00
2024;39948918304;ENERGETSKA RJEŠENJA JDOO;2650.00;1;0.00
2024;00486716288;KRESTON CROATIA SAVJETOVANJE DOO;2650.00;1;0.00
2024;23980633852;VE RON DOO ZA IZRADU I KREIRANJE REKLAMA NATPISA I TISAK;2650.00;3;0.00
2024;17335217356;UDRUGA ZA POMOĆ I EDUKACIJU ŽRTAVA MOBBINGA;2650.00;1;0.00
2024;82787964007;UDRUGA ZA PSIHOSOCIJALNU POMOĆ SUSRET;2650.00;1;0.00
2024;18890872018;HRVATSKI SAVEZ UDRUGA INVALIDA RADA;2650.00;1;0.00
2024;79296527572;INSTITUT ZA GASTROENTEROLOŠKE TUMORE IGET;2650.00;1;0.00
2024;55738337644;TAEKWONDO KLUB  JASTREB;2650.00;1;0.00
2024;92616529231;DRUŠTVO ŠPORTSKE REKREACIJE AKTIVAN ŽIVOT;2650.00;1;0.00
2024;72821368092;CENTAR ZA ŽENE MAJKE I DJECU RETO;2650.00;1;0.00
2024;43805471123;HRVATSKO UDRUŽENJE ZA CHRONOVU BOLEST I ULCEROZNI KOLITIS;2650.00;1;0.00
2024;97436200814;UDRUGA ZA KREATIVNI SOCIJALNI RAD;2650.00;1;0.00
2024;89477585273;UDRUGA ZA ZAŠTITU I PROMICANJE MENTALNOG ZDRAVLJA SVITANJE;2650.00;1;0.00
2024;78563265065;LEYO PRODUCTION JDOO;2640.00;1;0.00
2024;25040735127;ITS-CONSULTING D.O.O.;2625.00;6;0.00
2024;33679708526;SECURITAS HRVATSKA DOO;2625.00;1;0.00
2024;92216472413;AUTOCENTAR MERKUR DD;2622.42;7;0.00
2024;58914751045;ELITE TRAVEL DOO;2612.00;1;0.00
2024;76848674009;TEHNOEKSPERT TIM D.O.O.;2608.75;3;0.00
2024;54894777718;UDRUGA Z APROMOCIJU, RAZVOJ I ORGANIZACIJU 3 X 3 KOŠARKE;2600.00;1;0.00
2024;01703143622;LUNA OČNA OPTIKA DOO ZA USLUGE I TRGOVINU;2600.00;1;0.00
2024;58541078487;NOVA - INVEST D.O.O.;2600.00;1;0.00
2024;95287744241;ARHITEKTONSKI STUDIO LULIĆ I PRUGOVEČKI DOO;2600.00;1;0.00
2024;17497489416;SPP DOO;2600.00;1;0.00
2024;40228024640;ENERGY BASKET D.O.O.;2600.00;1;0.00
2024;91613881793;MONT-RA D.O.O.;2591.26;1;0.00
2024;46118426168;HDO - HRVATSKO DRUŠTVO ODRŽAVATELJA;2575.00;2;0.00
2024;06333960811;SAFEGE DOO ZA SAVJETOVANJE;2570.00;1;0.00
2024;31234996315;ODVJETNIČKO DRUŠTVO PLANINIĆ, ŠOLJIĆ I PARTNERI;2540.98;1;0.00
2024;39147751117;ONTOS DOO;2520.00;6;0.00
2024;50403582161;CENTAR ZA PRIMJENU INTEGRIRANOG ZNANJA ANZIP;2510.00;3;0.00
2024;53938954798;ZUB ZBOR UMIROVLJENIKA BOTINEC;2500.00;2;0.00
2024;84350533608;ASPALATHOSOFT DOO;2500.00;1;0.00
2024;82381111852;PETIKAT-UMJETNIČKA RADIONICA;2500.00;1;0.00
2024;68777159447;UDRUGA MINIJATURISTA MAKETARA I IGRAČA AGRAM;2500.00;1;0.00
2024;60411767479;UDRUGA UDOVICA HRVATSKIH BRANITELJA IZ DOMOVINSKOG RATA;2500.00;1;0.00
2024;81889785066;HRVATSKO KNJIŽNIČARSKO DRUŠTVO;2500.00;2;0.00
2024;60536611486;ARMATUS PRUDENTIA DOO ZA USLUGE;2500.00;1;0.00
2024;40051035570;MREŽA ZNANJA DOO;2500.00;1;0.00
2024;74197399318;UDRUGA SPECIJALNE POLICIJE IZ DOMOVINSKOG RATA RH;2500.00;1;0.00
2024;79005741126;COOLTURA DOO;2500.00;1;0.00
2024;74192552063;UDRUGA RATNIH VETERANA 1. GARDIJSKE BRIGADE TIGROVI;2500.00;2;0.00
2024;84726298010;GEOEXPERT PROJEKT D.O.O.;2500.00;1;0.00
2024;75384851525;SCARDONA KONCERTI DOO ZA ORGANIZACIJU KONCERATA;2500.00;1;0.00
2024;94389034474;MORSKI LAV DOO;2498.91;1;0.00
2024;31608194500;CRESCAT DOO;2479.37;5;0.00
2024;79730915138;ŽIDOVSKA OPĆINA ZAGREB;2450.00;2;0.00
2024;42453405188;PRIMO TIM DOO;2450.00;1;0.00
2024;36974788949;TELEGRAM MEDIA GRUPA D.O.O.ZA IZDAVAŠTVO I PRUŽANJE INT.USL.;2417.33;3;0.00
2024;11577717101;FORUM ZA KVALITETNO UDOMITELJSTVO DJECE-UDOMITELJI ZA DJECU;2417.00;1;0.00
2024;12175908497;KUNST TEATAR;2400.00;2;0.00
2024;60219416826;PRAHIN INC DOO;2400.00;1;0.00
2024;97062980715;UMJETNIČKA ORGANIZACIJA NAE ANSAMBL;2400.00;2;0.00
2024;70856244868;BUDIŠ PROMET DOO ZA PROIZVODNJU TRGOVINU I USLUGE;2400.00;1;0.00
2024;39522365390;FOTO ART DOO ZA USLUGE;2400.00;1;0.00
2024;71594920196;ARGJEND D.O.O.;2400.00;1;0.00
2024;76504212218;FIT DESIGN DOO;2400.00;1;0.00
2024;73029254181;DIZAJN ET CETERA DOO;2387.35;1;0.00
2024;29457639796;VEMIS D.O.O.;2380.75;2;0.00
2024;56956156104;METAL- PROJEKT D.O.O.;2378.59;2;0.00
2024;52587485227;G2O DOO;2375.00;2;0.00
2024;72035282410;HSM INFORMATIKA D.O.O.;2375.00;1;0.00
2024;09832370191;SOLUM INŽENJERING DOO;2365.07;3;0.00
2024;48529724647;DRUŠTVO ZA ŠPORTSKU REKREACIJU MILAN;2339.32;1;0.00
2024;46029483587;DOMUS UPRAVLJANJE DOO;2339.16;34;0.00
2024;53605605523;PRINTSHOP DOO;2333.75;1;0.00
2024;40060138633;ODVJETNIČKO DRUŠTVO BARIŠIĆ I BARIŠIĆ DOO;2326.64;1;0.00
2024;73073299425;LAUF SPORT LAB DOO;2325.00;3;0.00
2024;33487743969;PROING D.O.O.;2322.65;1;0.00
2024;68580945674;TERRA TENT DOO;2315.00;2;0.00
2024;04285291719;UČILIŠTE APPA;2311.00;6;0.00
2024;13187224503;ALBO INTERIJERI JDOO;2307.00;1;0.00
2024;72931567836;OPĆINSKI SUD SESVETE;2303.67;41;0.00
2024;24676196426;PUT DO USPJEHA;2300.00;1;0.00
2024;05106850717;ŠKORO D.O.O. ZA INŽ. TRGOVINU VANJSKOTRGOVINSKO POSLOVANJE;2279.75;2;0.00
2024;52683063746;OŠ VELIKA MLAKA;2270.50;1;0.00
2024;65569406218;DV KAPLJICA;2269.53;7;0.00
2024;92464972448;STARI FIJAKER DOO;2268.90;3;0.00
2024;76572111427;ODVJETNIČKO DRUŠTVO VIDMAR I PARTNERI JTD;2265.29;3;0.00
2024;82487328170;ODVJETNIČK DRUŠTVO KRIŽANOVIĆ I PARTNERI;2264.37;1;0.00
2024;75831220081;PRIMIUM DOO;2230.00;2;0.00
2024;00513519279;SIGNALGRAD D.O.O.;2220.30;8;0.00
2024;95655503325;NOVUS GRAPHIC SOLUTIONS DOO;2218.75;2;0.00
2024;62044652408;UMJETNOST KRUHA JDOO ZA USLUGE;2200.00;1;0.00
2024;99358248190;FIJAKER - UDRUGA ZA PROMICANJE LIK.,DRAM. I GLAZ.AMATERIZMA;2200.00;4;0.00
2024;34380325084;GEO ZIK JDOO;2200.00;1;0.00
2024;99161327125;OKULAR DOO;2200.00;1;0.00
2024;15146313695;ALATI MATIĆ DOO;2193.00;1;0.00
2024;86709918716;ODVJETNIČKO DRUŠTVO KALLAY I PARTNERI DOO;2181.06;9;0.00
2024;00925470789;SALVE REGINA - MARIJA BISTRICA DOO;2177.97;1;0.00
2024;60853772547;DV ZVIREK;2150.10;9;0.00
2024;17755662567;PROMO RESPEKT DOO ZA USLUGE I TRGOVINU;2125.00;1;0.00
2024;96944760957;INSTALACIJE IPM DOO;2116.45;2;0.00
2024;42252496579;SLATINSKA BANKA DD;2106.62;12;0.00
2024;08747661196;ŠPICA SUSTAVI D.O.O.;2103.94;5;0.00
2024;07745405949;KULTURNO UMJETNIČKO DRUŠTVO KUPINEČKI KRALJEVEC;2100.00;1;0.00
2024;05457900630;COGITO;2100.00;1;0.00
2024;57942802146;DRUŠTVO UMJETNIKA SUVREMENOG CIRKUSA;2100.00;2;0.00
2024;10270967156;PRINTERA GRUPA DOO GRAFIČKA PROIZVODNJA I TRGOVINA;2091.25;1;0.00
2024;75665455333;UNIQA OSIGURANJE D.D.;2076.14;3;0.00
2024;77671806963;LIBUKOM JURDANI D.O.O.;2064.16;18;0.00
2024;12695233727;KLAPA BOŠKET;2050.00;4;0.00
2024;87297014856;OPĆINSKI SUD U NOVOM ZAGREBU;2031.26;28;0.00
2024;63851106916;FUČKAN DOO;2030.65;1;0.00
2024;26424834057;CORTO LITERARY DOO;2030.00;2;0.00
2024;08106331075;KARLOVAČKA BANKA KARLOVAC;2027.00;12;0.00
2024;65723536010;ISTARSKA KREDITNA BANKA UMAG D.D.;2025.94;12;0.00
2024;64942661827;GRAD JASTREBARSKO;2017.36;9;0.00
2024;12426897618;SENSUS GRUPA DOO;2006.09;1;0.00
2024;11614841693;KOŠARKAŠKI KLUB INVALIDA ZAGREB;2000.00;1;0.00
2024;47827021051;ISKRA - CENTAR ZA EDUKACIJU I SAVJETOVANJE;2000.00;1;0.00
2024;82683059627;SAVEZ DRUŠTAVA NAŠA DJECA HRVATSKE;2000.00;2;0.00
2024;78925487717;HRVATSKI AUTORSKI STRIP;2000.00;2;0.00
2024;87840830594;AUTOSERVIS MRZLJAK VL ANTONIO MRZLJAK;2000.00;1;0.00
2024;05602695082;ZAGREBAČKI VERGL;2000.00;2;0.00
2024;28773663149;HRVATSKI CENTAR ZA DRAMSKI ODGOJ;2000.00;2;0.00
2024;34822606742;CRAZY CAT ART OBRT ZA IZRADU SUVENIRA  VL DANIJELA ĐURIĆ;2000.00;1;0.00
2024;18642591253;KLESARSTVO BRLETIĆ DOO;2000.00;1;0.00
2024;75069568460;SPORTSKO DRUŠTVO INVALIDA HRABRI;2000.00;1;0.00
2024;16800903770;GO UDRUGE HRVATSKIH DRAGOVOLJACA DOM. RATA GRADA ZAGREBA;2000.00;1;0.00
2024;42257797103;CARLOS IGNACIO BELLANTE;2000.00;1;0.00
2024;92014037503;KLAPA DIŠPET;2000.00;2;0.00
2024;76262593640;INSTITUT ZA STEM EDUKACIJU I AFTERSCHOOL PROGRAME;2000.00;2;0.00
2024;06706441504;UDRUGA ŠPORTSKIH RIBOLOVACA DOMOVINSKOG RATA N. ZAGREB ODRA;2000.00;1;0.00
2024;15680087866;UMJETNIČKA ORGANIZACIJA ANIMA;2000.00;2;0.00
2024;65972242968;MAČKA USLUGE DOO;2000.00;1;0.00
2024;74210278662;KOLEKCIONARART DOO ZA TRGOVINU I USLUGE;2000.00;1;0.00
2024;23956650938;DENMAR PROM D.O.O.;2000.00;1;0.00
2024;22888831640;UDRUGA HRVATA BOSNE I HERCEGOVINE BOSANSKA POSAVINA ZAGREB;2000.00;2;0.00
2024;52923763846;SEKCIJA UDRUGE HR DRAGOVOLJACA DOMOVINSKOG RATA ZA EKOLOGIJU;2000.00;2;0.00
2024;98238892569;UMJETNIČKA ORGANIZACIJA DRAMI SI MAMI;2000.00;2;0.00
2024;20424332600;HRVATSKO DRUŠTVO KAZALIŠNIH KRITIČATA I TEATROLOGA;2000.00;2;0.00
2024;22814475372;UDRUGA POKRET;2000.00;2;0.00
2024;63765012512;UDRUGA JEDNA NOVA PORUKA;2000.00;2;0.00
2024;14783876265;UMJETNIČKA ORGANIZACIJA PLEH;2000.00;2;0.00
2024;34339873375;UDRUGA RATNIH VETERANA 2. GARDIJSKE BRIGADE GROMOVI;2000.00;1;0.00
2024;37878365823;HRVATSKI ČASNIČKI ZBOR GRADA ZAGREBA;2000.00;1;0.00
2024;07566023437;STUDIO TINA DOO;2000.00;1;0.00
2024;37936288471;SKD PROSVJETA;2000.00;2;0.00
2024;21659320513;OGNJIŠTE NAKLADNA ZADRUGA;2000.00;2;0.00
2024;95906405749;HRVATSKO MAKEDONSKO DRUŠTVO;2000.00;2;0.00
2024;38398002455;ZAJEDNICA UDRUGA ANTIFAŠ. BORACA I ANTIFAŠISTA ZAG.ŽUP.GZ;2000.00;1;0.00
2024;16191900112;BONITA OBRT ZA PROIZVODNJU I TRGOVINU VL BRANK SABOL;2000.00;1;0.00
2024;13930015582;COLLEGIUM HERGEŠIĆ ODEON ZAGREB TRIBINA ZA KULTURU I ZNANOST;2000.00;2;0.00
2024;12461574157;MARMOT - MALA AUTORSKA RADIONICA MEĐUODNOSA OBJEKTIVA I TIJE;2000.00;2;0.00
2024;17275154917;UDRUGA BOŠNJAKA BRANITELJA DOMOVINSKOG RATA HRVATSKE;2000.00;2;0.00
2024;61154890353;ZAGORJE VU SRCU;2000.00;2;0.00
2024;16063814746;AKI-D-VOD D.O.O.;2000.00;1;0.00
2024;44902049089;AUTOLIMARSKI OBRT TOMI VL TOMICA FERENČAK;2000.00;1;0.00
2024;77237541738;UMJETNIČKA ORGANIZACIJA KHAOS KOLEKTIV;2000.00;1;0.00
2024;16612037453;KONTO OBAD DOO;2000.00;1;0.00
2024;22942304760;PETROKOV SERVISI DOO;1992.13;2;0.00
2024;76844168802;HRVATSKI ZAVOD ZA NORME;1990.84;1;0.00
2024;58353015102;ALCA ZAGREB D.O.O.;1986.60;2;0.00
2024;95066869516;ARHITEKTURA SIGURNOSTI D.O.O.;1977.57;2;0.00
2024;76572513398;UDRUGA SINDIKAT BICIKLISTA;1968.00;1;0.00
2024;85987073424;TEAM PRINT DOO;1958.00;2;0.00
2024;27033952207;AUTOCENTAR VRBOVEC D.O.O.;1938.00;20;0.00
2024;85366073124;BAZINGA PROJEKT DOO ZA TRGOVINU I USLUGE;1910.00;1;0.00
2024;84210581427;TRGOCENTAR D.O.O.;1907.00;21;0.00
2024;62072419083;BEMING D.O.O. ZA PROJEKTIRANJE PROMET I USLUGE;1900.00;1;0.00
2024;90369181146;INTERNATIONAL DANCE OPEN JDOO;1900.00;1;0.00
2024;78796880101;MILENIJ HOTELI D.O.O.;1897.00;5;0.00
2024;63460640304;GARK KONZALTING D.O.O.;1891.30;1;0.00
2024;40611592848;HELIFOTO DOO ZA UNUTARNJU I VANJSKU TRGOVINU I USLUGE;1875.00;1;0.00
2024;33330763930;AB OVO PROJEKT D.O.O.;1850.00;2;0.00
2024;25237926971;VIA SOLIS DOO;1845.00;1;0.00
2024;17648596698;BURO DOO;1840.85;1;0.00
2024;23366802564;PROSVJETA D.O.O.;1836.90;2;0.00
2024;31581956726;PROMO VECTOR DOO;1832.79;2;0.00
2024;09032023114;VELEUČILIŠTE VELIKA GORICA;1830.76;4;0.00
2024;83718300522;TIM4PIN D.O.O. ZA SAVJETOVANJE;1818.00;5;0.00
2024;04944921195;ELEMENT JEDAN DOO;1812.50;1;0.00
2024;26731305854;ARHITEKTONSKI STUDIO PLATFORMA DOO ZA ARHITEKTURU;1800.00;1;0.00
2024;70775904615;PODOVI GRDIĆ DOO;1800.00;1;0.00
2024;59144355254;BRAGRAD D.O.O.;1800.00;1;0.00
2024;44486685875;IVA KOZMETIKA DOO;1800.00;1;0.00
2024;29319482970;FILMAR DOO ZA USLUGE;1800.00;1;0.00
2024;93840540521;KLUB SAMOGRADNJE ZRAKOPLOVA CROATIA;1800.00;1;0.00
2024;31791519734;ZIHER D.O.O.;1800.00;1;0.00
2024;18216165605;FRIZERSKI SALON TONI 1924 DOO;1800.00;1;0.00
2024;31453260788;AFRIKA U MOM SRCU;1800.00;2;0.00
2024;14895208600;GOURMET MEAT CO JDOO;1800.00;1;0.00
2024;58124794871;IVONA RAVLIĆ JDOO;1800.00;1;0.00
2024;30290222993;APELACIJA DOO;1800.00;1;0.00
2024;70322707983;KRIDO, OBRT ZA USLUGE VL. DOROTEJA BALAŠKO;1800.00;1;0.00
2024;83780313626;ELEKTRO JAKLIĆ  OBRT ZA USLUGE I TRGOVINU VL. SINIŠA JAKLIĆ;1800.00;1;0.00
2024;67472992848;TONUS ZAGREB DOO;1800.00;1;0.00
2024;70207864520;FOREL PROJEKT DOO ZA GRAĐENJE PROJEKTIRANJE  I NADZOR;1800.00;1;0.00
2024;58524492152;DAJ PET DOO ZA GRAĐENJE;1800.00;1;0.00
2024;38207097560;HIBIĆ GRADNJA DOO;1800.00;1;0.00
2024;27550044571;UDRUGA LIČANA I PRIJATELJA LIČKO PRELO ZAGREB;1800.00;2;0.00
2024;57467647644;FRIZER ZA MUŠKARCE FRANZ VL. JADRANKA PIPIĆ;1800.00;1;0.00
2024;96034163382;KSIVAS DOO;1800.00;1;0.00
2024;47916293380;BTA HRVATSKA DOO;1791.30;1;0.00
2024;76663423558;NACIONAL NEWS CORPORATION DOO;1766.97;4;0.00
2024;15011294281;ZAJEDNIČKI ODVJETNIČKI URED MARKO GRACIN I VATROSLAV ŠEGO;1764.32;1;0.00
2024;48396727398;CONNECT ENERGY JDOO;1762.50;1;0.00
2024;68088663052;DT SERVISNE RADIONICE JDOO ZA USLUGE;1752.77;1;0.00
2024;38442933576;EKONOMSKO TEHNIČKI PROJEKT DOO;1750.00;2;0.00
2024;50027210968;INVENTA IR2 DOO;1750.00;1;0.00
2024;99307623254;GEO WILD D.O.O.;1748.75;1;0.00
2024;46102786248;ORGANIZATOR D.O.O.;1744.02;7;0.00
2024;04150850819;SVEUČILIŠTE  J J STROSSMAYERA U OSIJEKU GRAĐ I ARHITEK FAKUL;1741.99;1;0.00
2024;48270876028;DUN & BRADSTREET DOO;1714.28;2;0.00
2024;70655549302;UDRUGA HR.VOJNIH INVALIDA DOM RATA SUSEDGRAD;1700.00;1;0.00
2024;22694857747;EUROHERC OSIGURANJE D.D.;1699.27;1;0.00
2024;81412172571;GALLO RESTAURANT D.O.O.;1698.00;2;0.00
2024;58223979983;IMEP JDOO;1692.22;1;0.00
2024;41361529329;ŠTIMRAD D.O.O.;1691.29;16;0.00
2024;39753545974;DOMINOVIĆ DOO ZA TRGOVINU I USLUGE;1687.26;3;0.00
2024;73213741570;DOLLY LINK JDOO;1675.00;2;0.00
2024;81830675564;ENTI ŠPORT DOO;1672.00;1;0.00
2024;70874114894;AUTOKLUB JASTREBARSKO;1671.00;15;0.00
2024;43767699965;PRAVNI FAKULTET RIJEKA;1662.50;3;0.00
2024;66859264899;HUP ZAGREB D.D.;1657.43;2;0.00
2024;78344221376;NARODNI TRGOVAČKI LANAC D.O.O.;1638.38;2;0.00
2024;31948370674;KOVA PODUZEĆE ZA PRERADU METALA I PLASTIKE IZVOZ I UVOZ DOO;1625.85;3;0.00
2024;38935991904;HELB DOO;1625.00;1;0.00
2024;01681646554;DRŽAVNA ŠKOLA ZA JAVNU UPRAVU;1612.00;1;0.00
2024;59508222673;HALOGRAF ART DOO;1608.00;2;0.00
2024;73735886955;CARTA MAGICA DOO ZA TRGOVINU I USLUGE;1604.75;3;0.00
2024;68029966827;A.K.  ASPECTO GRUPA;1600.00;1;0.00
2024;97702498034;METAL INSTAL DOO;1600.00;1;0.00
2024;88693331713;CENTAR LJEPOTE OBRT ZA USLUGE VL IVANA PETROVIĆ;1600.00;1;0.00
2024;57481448044;SVE ZA IZGLED D.O.O. ZA TRGOVINU I USLUGE;1600.00;1;0.00
2024;17271475372;STUDIO SMARAGD DOO ZA TRG I USL;1600.00;1;0.00
2024;41987059133;DEMETRA PROFESSIONAL JDOO ZA USLUGE;1600.00;1;0.00
2024;33610388947;ATOM TESLA ENERGY DOO;1600.00;1;0.00
2024;55832184633;ELENA OBRT ZA ULJEPŠAVANJE VL ELENA BUČIĆ;1600.00;1;0.00
2024;14031273025;AUTOELEKTRIKA VOKIĆ DOO;1600.00;1;0.00
2024;10276977622;IDEAL MEDICAL I BEAUTY GROUP JDOO;1600.00;1;0.00
2024;29296842135;IDEA OBRT ZA FRIZ UUSLUGE VL ANDREA DEKANIĆ;1600.00;1;0.00
2024;91816754750;FRIZERSKI SALON MARIJA RUKLJAČ JDOO;1600.00;1;0.00
2024;66294017091;TIBOR USLUGE DOO ZA TRGOVINU I USLUGE;1600.00;1;0.00
2024;60911720811;AUREUS ADDITAMENTUM DOO ZA USLUGE;1600.00;1;0.00
2024;31974419360;FRIZERSKI SALON IVANA VL ČORIĆ IVANA;1600.00;1;0.00
2024;16787128429;INSTALOPRESS OBRT VL KRISTIJAN REĐANOVIĆ;1600.00;1;0.00
2024;86488595055;GAMA ORDINO DOO;1600.00;1;0.00
2024;40920017107;PEDIKERSKI SALON GORDANA DOO ZA TRGOVINU I USLUGE;1600.00;1;0.00
2024;93075770066;AUTOKLUB RIJEKA;1599.00;24;0.00
2024;42474114531;MIRAKUL DOO;1593.75;1;0.00
2024;48810603519;INSTAN KONCEPT DOO;1592.67;1;0.00
2024;67349852816;ALING DOO;1592.15;3;0.00
2024;01007835162;BAR - ING D.O.O. ZA GRADITELJSTVO, PROMET ROBA I USLUGA;1589.77;3;0.00
2024;79612787745;AVR DOO;1572.50;1;0.00
2024;70303022709;DIDACTA ADVANCE DOO;1560.00;1;0.00
2024;29625629048;SAN BOX DOO ZA TRGOVINU I USLUGE;1560.00;4;0.00
2024;78790858154;MEDICINSKA NAKLADA D.O.O.;1514.23;3;0.00
2024;20991407102;ODVJETNIČKO DRUŠTVO GLETOVIĆ I GALETOVIĆ DOO;1502.09;1;0.00
2024;32532374809;IDF ODRŽAVANJE DOO;1500.96;37;0.00
2024;42721290987;UMJETNIČKA ORGANIZACIJA RIKŠAFILM;1500.00;2;0.00
2024;07814348786;FRIZERSKI STUDIO KISS VL SUZANA NOVAKOVIĆ;1500.00;1;0.00
2024;61115444147;KATARINA SALON JDOO;1500.00;1;0.00
2024;06437582099;MALI MEDO JDOO;1500.00;1;0.00
2024;19542807608;SALON TEREZA DOO;1500.00;1;0.00
2024;51316917671;BOYS AND GIRLS DOO ZA USLUGE;1500.00;1;0.00
2024;49026633125;POLET DOO;1500.00;1;0.00
2024;77372510603;GUBIĆ TUNING AUTOMEHANIČARSKI OBRT VL GORAN GUBIĆ;1500.00;1;0.00
2024;25160763272;UDRUGA SM  ART HRVATSKA;1500.00;2;0.00
2024;33752423694;BEAUTY SILVIJA VL SILVIJA BUJTAŠ OBRT ZA NJEGU TIJELA;1500.00;1;0.00
2024;53949642647;MONTAŽA VALJAK JDOO;1500.00;1;0.00
2024;33049143378;IN STRIA DOO;1500.00;1;0.00
2024;49809327358;SERVIS CAPEK DOO;1500.00;1;0.00
2024;14016635499;UMJETNIČKA ORGANIZACIJA BINOCULAR TEATAR;1500.00;2;0.00
2024;42568664343;FRIZERSKI SALON OBRT ZA USLUGE VL INGRID BOSAK;1500.00;1;0.00
2024;51232186443;INSTALACIJE ROBIMONT VL ROBERT KRIŠTOVIĆ;1500.00;1;0.00
2024;23462150193;DESEO PROJECT DOO;1500.00;1;0.00
2024;56798010427;UDRUGA ANTIFAŠISTIČKIH BORACA I ANTIFA. SUSEDGRAD-ZAGREB;1500.00;1;0.00
2024;57428164341;T&M CUT JDOO;1500.00;1;0.00
2024;68596604054;HRVATSKO DRUŠTVO ZA ROBOTIKU;1500.00;1;0.00
2024;01272942926;ŽENSKI VOKALNI SASTAV KORALDE;1500.00;2;0.00
2024;34934822398;DAMBEL OBRT ZA GRADITELJSTVO VL DAMIR BELOŠEVIĆ;1500.00;1;0.00
2024;24721599830;CENTAR CVIJET J.D.O.O. ZA USLUGE;1500.00;1;0.00
2024;67954838169;ADAKOPROJEKT DOO;1500.00;2;0.00
2024;50633676838;ŠPORTSKO REKRACIJSKO DRUŠTVO DRAG. HRV.OBR.SNAGA GZ;1500.00;1;0.00
2024;24334148801;UABA DUBRAVA SESVETE;1500.00;1;0.00
2024;10124580332;F BAEUTY CENTAR BY FABIJANA LAUS VL FABIJANA LAUS;1500.00;1;0.00
2024;40470984519;HRGOVIĆ GARAGE AUTOMEHNIČARSKI OBRT VL MATIJA HRGOVIĆ;1500.00;1;0.00
2024;46602631231;DESPOT INFINITUS DOO ZA NAKLADNIŠTVO I USLUGE;1500.00;2;0.00
2024;66423214182;AUTO SERVIS FALETAR JDOO;1500.00;1;0.00
2024;55141567365;UČILIŠTE EU PROJEKTI;1500.00;1;0.00
2024;30167630564;ANA KARLA DOO SALONA ZA NJEGU LICA I TIJELA;1500.00;1;0.00
2024;75531412273;UDRUGA FLAMINGO;1500.00;1;0.00
2024;58758237215;UDRUGA BOJNA FRANKOPAN;1500.00;1;0.00
2024;55608661782;FRIZERSKI SALON RUŽICA VL. RUŽICA JELAČIĆ;1500.00;1;0.00
2024;58324748237;HRVATSKO RINOLOŠKO DRUŠTVO HRD;1500.00;1;0.00
2024;34183635120;HELPING SOLUTIONS DOO;1500.00;1;0.00
2024;13713054548;FRIZERSKI SALON RITUAL BY ANITA , VL ANITA ĆORLUKA;1500.00;1;0.00
2024;89468470683;FFRIZERSKI STUDIO A STYLE VL ANDREJAKUREČIĆ;1500.00;1;0.00
2024;24150991113;INSTALOKAJ  OBRT ZA USLUGE VL STJEPAN KAJBA;1500.00;1;0.00
2024;97410484477;HRDAS OBRT ZA MONTAŽU I POPRAVAK NAMJEŠTAJA VL DAVOR HRDAS;1500.00;1;0.00
2024;84735647755;EFT USLUGE DOO;1493.10;1;0.00
2024;62969535840;BAČELIĆ DOO;1490.73;2;0.00
2024;87482973365;GEOALTUS DOOD;1490.00;1;0.00
2024;62964813010;SLAVONIJA DOO;1485.90;1;0.00
2024;44110106406;NOVI LIST D.D.;1485.60;2;0.00
2024;34076001142;UDRUGA MLADIH VELES;1485.00;3;0.00
2024;64308723629;INSTAR CENTER DOO;1477.23;2;0.00
2024;65191050926;KATAPULT PROMOCIJA D.O.O. ZA OGLAŠAVANJE I PROMIDŽBU;1470.00;5;0.00
2024;34425332342;ZAKLADA ZLATKO CRNIĆ;1459.95;1;0.00
2024;41910720462;LERA ROVINJ DOO;1452.00;1;0.00
2024;57236952892;MIVA D.O.O;1445.90;1;0.00
2024;68580128211;BILIĆ - ERIĆ D.O.O. ZA PRIVATNU ZAŠTITU;1443.75;13;0.00
2024;12515069057;ODVJETNIČKO DRUŠTVO VIDOVIĆ I PARTNERI DOO;1439.91;1;0.00
2024;71097298671;EOL GRUPA D.O.O. ZA ENERGETIKU;1437.56;1;0.00
2024;82752153530;ZAGREBINSPEKT D.O.O.;1437.50;3;0.00
2024;84375283263;BIROTEHNIKA CENTAR ZA DOPISNO OBRAZOVANJE;1436.33;6;0.00
2024;74012772861;DI PLAN DOO ZA PROJEKTIRANJE I NADZOR I USLUGE;1425.00;1;0.00
2024;44077947991;TURBO X DOO ZA GLAZBENE USLUGE;1424.85;4;0.00
2024;24609583524;INSPEKT DOO U STEČAJU;1410.18;1;0.00
2024;98809226009;PLESNA KOMPANIJA MASA;1400.00;2;0.00
2024;85969503819;VETERINARSKA STANICA SESVETE DOO;1400.00;1;0.00
2024;98202348041;KANU KLUB KONČAR;1400.00;1;0.00
2024;83937553129;CEROVSKI DOO;1392.50;1;0.00
2024;50216747086;KULTURNO UMJETNIČKO DRUŠTVO BIJELO BRDO;1390.00;2;0.00
2024;56193541961;KONFA MEDIA DOO;1384.25;5;0.00
2024;77667944125;MATICA UMIROVLJENIKA HRVATSKE;1375.00;2;0.00
2024;98470399801;FORMEL DOO;1375.00;1;0.00
2024;33104804103;DOBRO RJEŠENJE DOO;1371.56;4;0.00
2024;93801670545;MOGLO DOO;1368.75;1;0.00
2024;01384745725;GESCOM DOO;1360.41;1;0.00
2024;29035933600;MEĐIMURJE PLIN DOO;1356.76;79;0.00
2024;53656152979;MM BOBAN BOBAN DOO;1356.00;1;0.00
2024;37268254106;GRADSKA LJEKARNA ZAGREB;1352.83;1;0.00
2024;04727302481;PROCONVENTA DOO;1350.00;1;0.00
2024;74388635244;MLADEN BEBER DOO;1327.25;5;0.00
2024;21722797722;ZAKLADA IVAN APOSTOLOVSKI;1327.23;1;0.00
2024;67169815174;PELOTON D.O.O.;1320.25;3;0.00
2024;66269159384;TERINA DOO;1302.27;4;0.00
2024;01168533815;ISTRAŽIVAČKI CENTAR MLADIH;1300.00;1;0.00
2024;66764992314;UDRUGA PRIGORSKI DAN;1300.00;2;0.00
2024;95784618674;VETERINARSKA STANICA REMETINEC DOO;1300.00;1;0.00
2024;10698224903;ZU ZA LJEKARNIČKU DJELATNOST LJEKARNE VAŠE ZDRAVLJE;1299.69;1;0.00
2024;71642207963;BAUHAUS-ZAGREB K.D.;1293.75;2;0.00
2024;58839546584;HOTEL OSIJEK DOO ZA TURIZAM;1288.14;3;0.00
2024;04311886961;LP DESIGN MODNI STUDIO JDOO;1267.66;1;0.00
2024;85380500319;CVITANOVIĆ D.O.O.;1260.86;2;0.00
2024;69250183633;ZORKO ALEN;1260.00;1;0.00
2024;16046469377;RIVULUS DOO;1250.00;1;0.00
2024;54486275397;UMJETNIČKA ORGANIZACIJA SKOP;1250.00;2;0.00
2024;91778750999;INFOMEDIAOFFICE DOO;1248.75;1;0.00
2024;54142727441;NIXORT DOO;1234.38;2;0.00
2024;36998794856;LESNINA H DOO;1226.30;1;0.00
2024;97546343151;ODVJETNIČKO DRUŠTVO MILIČEVIĆ I ŠUPUKOVIĆ DOO;1218.78;1;0.00
2024;24919984448;ALGEBRA D.O.O.;1215.00;1;0.00
2024;73334529004;MARŠIĆ DOO;1210.00;1;0.00
2024;06855487087;MT MJERNA TEHNIKA D.O.O.;1206.25;3;0.00
2024;07506720556;TIM SEDAM JDOO ZA USLUGE;1200.00;1;0.00
2024;35786170284;FAST LANE JDOO;1200.00;1;0.00
2024;64419604897;SLAP UDRUGA ZA OČUVANJE HRVATSKIH VODA I MORA;1200.00;1;0.00
2024;53742294882;HRVATSKI GENERALSKI ZBOR;1200.00;1;0.00
2024;42943757512;ROTTER ING DOO ZA PROJEKTIRANJE GRAĐENJE I NADZOR;1194.50;1;0.00
2024;33584421998;KREŠO GEO JDOO;1194.50;1;0.00
2024;31134262074;FAVORY DOO ZA USLUGE I TURISTIČKA AGENCIJA;1194.36;1;0.00
2024;60559344916;LOGICO DOO ZA MARKETING I KOMUNIKACIJE;1187.50;1;0.00
2024;94275561661;ORONTIUS DOO ZA TRGOVINU I USLUGE;1175.00;1;0.00
2024;11986338639;INSTITUT ZA DRUŠTVENA ISTRAŽIVANJA SVEUČILIŠTA U ZAGREBU;1151.00;1;0.00
2024;68059540101;LAS DOO;1142.03;2;0.00
2024;51028550278;ZAVOD ZA INTEGRALNU KONTROLU D.O.O.;1137.50;1;0.00
2024;84126655712;POVJERENIŠTVO SINDIKATA UMIROVLJENIKA HRVATSKE ZAGREB;1137.00;1;0.00
2024;62750394385;AUTO - HRVATSKA D.O.O.- STANICA ZA TEH.PREGLED VOZILA RIJEKA;1130.00;24;0.00
2024;02095263263;ARHEO DOO;1128.15;1;0.00
2024;96788101798;BRAND AMBASADOR DOO;1125.00;1;0.00
2024;58933898865;BRIŠAR SERVIS D.O.O.;1107.78;3;0.00
2024;27140284479;ELEKTRO PIŽETA DOO;1107.50;1;0.00
2024;32787730056;UDRUGA POSLODAVACA U ZDRAVSTVU HRVATSKE;1105.00;2;0.00
2024;90263048519;ELZAS D.O.O.;1094.63;2;0.00
2024;55967593756;TPT EDUKACIJE;1090.00;3;0.00
2024;90439696130;VULKAL DOO;1080.05;1;0.00
2024;89243570715;DESIDIA D.O.O.;1068.33;2;0.00
2024;07928840919;PORIV JDOO;1065.25;2;0.00
2024;67843389837;FIDEL GASTRO DOO;1063.30;1;0.00
2024;45431278864;TOPIĆ USLUGE DOO;1061.40;1;0.00
2024;85988954169;PLODOVI KOVAČEVIĆ D.O.O. ZA TRGOVINU I USLUGE;1051.63;1;0.00
2024;26225359523;PJEVAČKO DRUŠTVO NOVI ZAGREB;1050.00;1;0.00
2024;54392975253;KVAM SISTEM DOO;1047.00;1;0.00
2024;26217708909;SOLARIS D.D.;1033.00;3;0.00
2024;25170721692;PRINT STUDIO D.O.O.;1025.00;2;0.00
2024;67619852476;O, NE RADIONA D.O.O. ZA TRGOVINU I USLUGE;1025.00;1;0.00
2024;21142433552;EURO DIJAMANT DOO;1025.00;1;0.00
2024;46032092967;ŠESTINSKI LAGVIĆ  DOO ZA USLUGE;1024.90;1;0.00
2024;89836623071;ACQUISITUM MAGNUM DOO;1021.97;2;0.00
2024;70960705947;STUDENTSKA UDRUGA ZA PROMICANJE ENERG UČINKOV I SAVJETOVANJA;1020.00;1;0.00
2024;42761894507;BOREA DOO;1014.71;2;0.00
2024;36138701442;REDOX DOO;1014.46;4;0.00
2024;94505281348;TK ELEVATOR EASTERN EUROPE GMBH PODRUŽNICA ZAGREB;1014.35;5;0.00
2024;74228338976;AVITEH DOO;1010.93;4;0.00
2024;03781787462;TC SESVETE D.O.O.;1009.27;1;0.00
2024;15573308024;LIBURNIA RIVIERA HOTELI D.D.;1009.00;2;0.00
2024;09914242179;UDRUGA UMIROVLJENIKA MINISTARSTVA  UNUTARNJIH POSLOVA;1000.00;1;0.00
2024;52561804834;LOVAČKA UDRUGA HRVATSKOG ČASNIČKOG ZBORA BAN JOSIP JELAČIĆ;1000.00;1;0.00
2024;16798057478;SEKCIJA UHDDR CENTAR ZA POTPORU I PODUZETNIČKO DJ BRANITELJA;1000.00;1;0.00
2024;44625462030;PJEVAČKI ZBOR ČEŽNJA;1000.00;2;0.00
2024;13278092880;ZELENA ENERGETSKA ZADRUGA ZA USLUGE;1000.00;1;0.00
2024;32556049576;UDRUGA ALBANACA BRANITELJA HRVATSKE U DOMOVINSKOM RATU;1000.00;1;0.00
2024;13973672648;CARPE VITA DOO;1000.00;1;0.00
2024;48978886870;UDRUGA MAKETARA HRVATSKIH BRANITELJA DOMOVINSKOG RATA;1000.00;1;0.00
2024;32257332437;SPORTSKO PENJAČKI KLUB DURANGO;1000.00;1;0.00
2024;26362187756;UDRUGA ZA ŠPORT I REKREACIJU VETERAN 91;1000.00;1;0.00
2024;65282539610;ZAVIČAJNO DRUŠTVO VIROVITIČANA U ZAGREBU;1000.00;2;0.00
2024;96312589061;UDRUGA ZA PREVENCIJU PREKOMJERNE TEŽINE HRVATSKA;1000.00;1;0.00
2024;54510417195;BASSI OBRT ZA USLUŽNE DJELATNOSTI VL LUKA BIŠĆAN;1000.00;1;0.00
2024;56010640293;JOCKEY KLUB HRVATSKE;1000.00;1;0.00
2024;46747118204;UDRUGA HRVATSKIH CIVILNIH STRADALNIKA DOMOVINSKOG RATA GRADA;1000.00;1;0.00
2024;18402305465;ERIKK BIRO DOO ZA USLUGEI TRGOVINU;999.00;1;0.00
2024;74100689179;ARRAKIS D.O.O.;992.90;3;0.00
2024;10773476590;PROMO PROSPERITUM DOO;990.00;1;0.00
2024;66486182714;MINISTARSTVO OBRANE RH;986.41;39;0.00
2024;80064107459;TFK UPRAVLJANJE DOO;981.12;42;0.00
2024;14659862131;GREGIĆ ADVISORY DOO;965.90;1;0.00
2024;27753323706;TOMTING 2010 DOO;962.20;2;0.00
2024;61436608168;BKS BANK D.D.;943.24;12;0.00
2024;90896496260;IMPERIAL RIVIERA D.D.;930.00;3;0.00
2024;96573444919;HRVATSKA MREŽA ZDRAVIH GRADOVA;929.06;1;0.00
2024;52984115392;PLANET ZABAVE JDOO;920.70;2;0.00
2024;89747280270;LUKIŠKI DOO ZA TRGOVINU I PRIJEVOZ;920.00;1;0.00
2024;40121715817;GASTRO LP D.O.O. ZA TRGOVINU, UGOSTITELJSTVO I TURIZAM;902.00;1;0.00
2024;84232034227;UDRUGA ERGO ARTIS;900.00;2;0.00
2024;09965477800;LAJTMANICA UDRUGA ZA KREATIVNI RAZVOJ;880.00;1;0.00
2024;03919089153;ODVJETNIČKO DRUŠTVO LOZO I PARTNERI DOO;875.22;1;0.00
2024;24146311117;BLITZ CINESTAR DRUŠTVO ZA KINOPRIKAZIVAČKE USLUGE DOO;866.60;1;0.00
2024;58633942475;ABAU DOO;866.36;2;0.00
2024;88261026661;CONSORTIUM DOO ZA PROIZVODNJU TRGOVINU I USLUGE;857.64;1;0.00
2024;57812223496;AUTOMAT CAFFE DOO;856.00;6;0.00
2024;72706804397;PAINTERS OF THE GALAXY JDOO ZA UREĐENJE INTERIJERA;852.00;1;0.00
2024;07699719217;SVEUČILIŠTE U ZAGREBU FAKULTET ŠUMARSTVA I DRVNE TEHNOLOGIJE;844.53;2;0.00
2024;81978173962;KAIROS IZDAVAŠTVO D.O.O.;843.68;4;0.00
2024;26566866925;OPĆINSKI SUD U ZLATARU;843.20;4;0.00
2024;68963092190;GARMIN HRVATSKA  D.O.O.;833.50;1;0.00
2024;75572393382;CONARVI LINE JDOO ZA TRGOVINU I USLUGE;830.00;3;0.00
2024;99144587644;ING EKSPERT D.O.O.;829.51;1;0.00
2024;39777918920;MEPA STAN DOO;818.57;43;0.00
2024;13321923957;GERO D.O.O.;817.60;2;0.00
2024;31775663619;POEZIJA SUBOTOM;800.00;2;0.00
2024;51165481090;PULLULO DOO;800.00;1;0.00
2024;68800865154;HRVATSKI CENTAR ZA ISTRAŽIVAČKO NOVINARSTVO I SLOBODU MEDIJA;800.00;1;0.00
2024;28817560444;HRVATSKI LOVAČKI SAVEZ;791.34;2;0.00
2024;79446233150;MEĐUNARODNA ZRAČNA LUKA ZAGREB DD;782.00;5;0.00
2024;16482985033;BAJLO - MIL D.O.O. ZA TRGOVINU I USLUGE;780.78;3;0.00
2024;37731280508;APPA 365 DOO;779.00;3;0.00
2024;55828087505;PROADRIA DOO;772.80;2;0.00
2024;69299170541;ŠTIMAC VJEŠTAČENJA DOO;769.50;1;0.00
2024;44162731570;INTERART GRAFIKA DOO ZA USLUGE I TRGOVINU;766.25;1;0.00
2024;71076455018;MM MODIO D.O.O. ZA USLUGE;761.84;3;0.00
2024;16756522442;JURKO USLUGE DOO ZA GRAĐENJE I TRGOVINU;759.70;1;0.00
2024;85790070273;SIGMA SAVJETOVANJE D.O.O.;756.53;1;0.00
2024;77305975826;BALTAZAR RESTORAN D.O.O.;755.50;1;0.00
2024;96605206988;KOPI AS DOO;750.00;1;0.00
2024;04678927848;ROBOTIC PROCESS AUTOMATION DOO ZA USLUGE;750.00;1;0.00
2024;42101660455;VAGUE FORMIDABLE DOO  ZA USLUGE;750.00;1;0.00
2024;35067158852;M B SEMINAR DOO;750.00;3;0.00
2024;75508711169;M.M.BOBAN VINODOL D.O.O.;735.60;1;0.00
2024;87728956905;PAMBI TABAK DOO;718.98;2;0.00
2024;00438631100;PIXEL STUDIO D.O.O.;710.75;1;0.00
2024;30513194761;ENTRIO TEHNOLOGIJE DOO;709.50;2;0.00
2024;22181167942;UMJETNIČKA ORGANIZACIJA PRODUKCIJA Z;700.00;1;0.00
2024;05821545022;VIVID ORIGINAL DOO;700.00;1;0.00
2024;69743889073;PING PONG DOO ZA TRGOVINU I USLUGE;700.00;1;0.00
2024;55680287313;SPORT EDUCA DOO;700.00;1;0.00
2024;02964137348;PUNTA SKALA DOO;699.00;1;0.00
2024;33197234413;DELLA COMUNITA RELIGIOSA SERBO ORTODOSSA DE TRIESTE;696.97;1;0.00
2024;65688097699;PLITVICE DOGAŠ DOO;688.00;1;0.00
2024;31256899660;FOTO STUDIO CENTAR DOO;687.00;1;0.00
2024;76221238110;PROMET D.O.O. ZA PRIJEVOZ PUTNIKA MAKARSKA;682.00;23;0.00
2024;99530279408;ULIKA D.O.O;680.00;1;0.00
2024;27208467122;SVEUČILIŠTE U ZAGREBU EKONOMSKI FAKULTET;680.00;17;0.00
2024;37239095357;IMPERIJA DOO;675.00;1;0.00
2024;07944610653;PARKO DOO;675.00;1;0.00
2024;51572924444;VIRTUAL D.O.O.;663.61;1;0.00
2024;93843279375;ODVJETNIČKO DRUŠTVO PALIĆ I PARTNERI JTD;652.56;2;0.00
2024;10604441351;AUTO MOTO KLUB KRIŽEVCI;650.00;25;0.00
2024;47457997719;CRYSTAL CONSULT DOO;648.00;1;0.00
2024;02156897147;PINO KONZALTING DOO;645.00;3;0.00
2024;85401974379;EKONOMSKO PROJEKTNI CENTAR DOO;641.25;1;0.00
2024;08575099734;AUGUSTINOVIĆ TGP DOO;632.13;1;0.00
2024;05576328168;DISTRIKT PLUS DOO;629.00;1;0.00
2024;31147921878;IKARPLAST D.D.;622.00;21;0.00
2024;60692931912;TT GRADNJA DOO;617.50;1;0.00
2024;62321382256;BIOM PRIRODA U DRUŠTVU DOO;605.75;2;0.00
2024;10489645447;GLINA PROMET DOO;605.63;1;0.00
2024;60523674656;PRO SLAP DIZAJN JDOO;605.00;1;0.00
2024;08857161134;CUBE STUDIO DOO;600.00;1;0.00
2024;89990890950;ALECTORIS BIRDING DOO;600.00;1;0.00
2024;69768765020;EPTA UDRUGA KLAVIRSKIH PEDAGOGA HRVATSKE;600.00;1;0.00
2024;06796478190;TEATAR BARAKUDA 2012;600.00;1;0.00
2024;62353792202;MODUL STATIKA JDOO;600.00;1;0.00
2024;74668827935;HRVATSKO BOTANIČKO DRUŠTVO;600.00;1;0.00
2024;57404705059;KS UPRAVITELJ NEKRETNINAMA DOO;588.00;4;0.00
2024;53306211023;CROMEDIC AMBULANCE;588.00;1;0.00
2024;87301734795;INTERSPORT H DOO ZA TRGOVINU PROIZVODNJU I USLUGE;586.87;1;0.00
2024;00169641424;JACQUARD DOO ZA TRGOVINE I USLUGE;576.00;1;0.00
2024;56930405488;SLAVONIJATRANS TEHNIČKI PREGLEDI D.O.O.;570.00;23;0.00
2024;26283740829;ADRIA SPORT DOO ZA TRGOVINU I USLUGE;570.00;1;0.00
2024;33903207730;ROBI GRAFIKO DIZAJN JDOO;567.50;1;0.00
2024;63701153601;ART MATERIJAL, D.O.O. ZA TRGOVINU;567.25;1;0.00
2024;00756356319;HM PROMOTION DOO ZA INFORMACIJSKE TEHNOLOGIJE;562.50;3;0.00
2024;86302144461;EUROGLOSSA DOO;562.50;1;0.00
2024;78021427188;F - B TOURS D.O.O. ZA TRGOVINU, USLUGE I PUTNIČKA AGENCIJA;562.50;1;0.00
2024;85339174260;HORIZONT PUTNIČKA AGENCIJA DOO;560.70;2;0.00
2024;53855410149;EXPERIENTIA DOO;560.26;2;0.00
2024;42927423078;LUKVEL DOO;557.50;1;0.00
2024;77599516175;KAUMA DOO;550.84;2;0.00
2024;70840886172;GEOANDA D.O.O.;550.00;1;0.00
2024;92795490907;MEDECINC DU MONDE ASBL-DOKTERS VAN DE WERELD VZW;550.00;1;0.00
2024;90633715804;SVEUČILIŠTE U ZAGREBU FILOZOFSKI FAKULTET;530.90;10;0.00
2024;89466642436;79 17 DOO ZA PROTUEKSPLOZIJSKU ZAŠTITU;530.63;1;0.00
2024;75549652269;KVADRATURA DOO;529.25;2;0.00
2024;53848806583;OSOR PROMET D.O.O.;527.03;1;0.00
2024;47007059561;TOWN SIGHT JDOO;520.00;4;0.00
2024;64499016017;ŠAHOVSKI KLUB IVAN DVORŽAK;520.00;1;0.00
2024;06779460007;EVENTS AND TRAVEL DOO;503.00;1;0.00
2024;16645975996;UDRUGA PROFESOR BALTAZAR;500.00;1;0.00
2024;72587248328;PROJEKTNI URED REVIKON DOO;500.00;1;0.00
2024;46897060061;BP -DIG DOO;500.00;1;0.00
2024;51639774260;KUD BREZOVICA;500.00;1;0.00
2024;11869822073;GRAD CRIKVENICA-GRADSKO POGLAVARSTVO;500.00;1;0.00
2024;74246504609;GRAPRO DOO;497.70;1;0.00
2024;85031837779;INOVINE D.D.;496.21;9;0.00
2024;41014132301;TRAVEL POINT CROATIA JDOO;492.85;1;0.00
2024;82415089066;TAMBOUR EAST DOO;490.75;1;0.00
2024;22347295971;CHOCO SLASTICE DOO;490.00;2;0.00
2024;07038712022;IRONING CLUB DOO;487.50;1;0.00
2024;85007697972;GALOP PRIJEVOZ DOO;480.00;1;0.00
2024;99904910808;TEHNIČAR PROMET DOO;478.44;8;0.00
2024;60256816339;REPRO GRAV DOO;475.00;1;0.00
2024;30541924581;AQUA EL-TEH D.O.O.;475.00;1;0.00
2024;77858612573;SPIRITOSO  D O O;474.20;2;0.00
2024;95009391308;KLEK COMMERCE D.O.O. ZA TRGOVINU I USLUGE;474.00;24;0.00
2024;54776266991;KIF PRO DOO;472.44;36;0.00
2024;85821188970;ARANEA MALOPRODAJA DOO ZA TRGOVINU I USLUGE;470.85;2;0.00
2024;61970000850;UDRUGA LASTIN REP;470.00;1;0.00
2024;00799310963;PROMING HCH DOO;469.98;1;0.00
2024;13806526186;SAMOBORSKA BANKA DD;468.48;12;0.00
2024;45670382229;LAG MEDITERANEO DOO;463.86;6;0.00
2024;61651285801;IV NAKLADNIŠTVO DOO;462.50;1;0.00
2024;69996420118;PLENORIA DOO;462.50;1;0.00
2024;08263388075;UDRUGA PRAVNIKA U ZDRAVSTVU;460.00;1;0.00
2024;36036279818;FLINK D.O.O.;458.89;1;0.00
2024;02156877076;FOND STJEPAN ŠULEK;450.00;1;0.00
2024;82274415076;AGRO MART DOO ZA INT VETERINARSKE DJEL I TRGOVINU;450.00;1;0.00
2024;56096703931;UDRUGA NAŠA PIKICA;450.00;1;0.00
2024;59964152545;MIKRONIS D O O;449.10;1;0.00
2024;09248242550;UDRUGA RAČUNOVOĐA  FINANCIJSKIH DJELATNIKA;445.00;1;0.00
2024;68581456127;HRVATSKI AUTOKLUB - TEMELJNI AUTOKLUB VARAŽDIN;439.00;24;0.00
2024;63682958051;VELINAC DOO ZA PROIZVODNJU I TRGOVINU;438.00;1;0.00
2024;96929757925;MARVID TRADE JDOO;437.50;1;0.00
2024;69857578031;ATALIAN GLOBAL SERVICES CROATIA DOO;437.50;1;0.00
2024;34559757098;FIVITO GRUPA DOO;427.50;1;0.00
2024;82899228489;MOJA IDEJA DOO ZA USLUGE;425.00;1;0.00
2024;66445126397;MATE D.O.O. ZA MARKETING TEHNOLOGIJA;423.50;2;0.00
2024;33109439257;USTANOVA ZA OBR ODRASLIH IZ PODRUČJA INOV LID BIZ AGIL ILBA;420.75;1;0.00
2024;26527782914;SVJEŽA HRANA DOO;420.36;1;0.00
2024;89288325208;ODVJETNIČKO DRUŠTVO HAID I ŠVALJEK KREŠIĆ JTD;414.76;1;0.00
2024;79014493590;DOMATO LD DOO;406.88;1;0.00
2024;89811416156;RADNO PRAVO ROSIP D.O.O.;404.44;2;0.00
2024;29904594015;CENTAR DO;400.00;1;0.00
2024;31890369785;SITOTIS TISKARA KARLUŠIĆ DOO ZA GRAFIČKU DJELATNOST;400.00;1;0.00
2024;72279574855;PROENTARIS DOO;400.00;1;0.00
2024;15116335069;PLATFORMA HR. ŽUP. I GRAD. ZA SMANJENJE RIZIKA OD KATASTROFA;400.00;1;0.00
2024;03541568700;PRAVNI FAKULTET U SPLITU;400.00;1;0.00
2024;28370392421;AK VINKOVCI;398.97;25;0.00
2024;42316757988;GERD D.O.O.;388.13;1;0.00
2024;34650596827;AKTA DOO;383.75;1;0.00
2024;97895722777;UDRUGA ENERGETIČARA ZAGREB;380.00;1;0.00
2024;86196084068;E RAČUNI DOO;378.94;1;0.00
2024;14928169691;MIHALJEVIĆ NIKOLINA;376.00;1;0.00
2024;67106365632;KOPKO DOO ZA USLUGE I TRGOVINU;371.00;1;0.00
2024;85293920018;HUM - HRVATSKA UDRUGA ZA MIRENJE;364.99;1;0.00
2024;54688366525;VENEFICUS DOO;364.80;2;0.00
2024;59624928052;SVEUČILIŠTE SJEVER;363.27;2;0.00
2024;14064365692;PROLUFT ISUŠIVANJE DOO;362.50;1;0.00
2024;95897471151;HUMANISEXTRA 01 JDOO ZA USLUGE;360.00;1;0.00
2024;02958272670;HRVATSKI ZAVOD ZA ZDRAVSTVENO OSIGURANJE;356.93;3;0.00
2024;32693155352;HRVATSKO STATISTIČKO DRUŠTVO;350.00;1;0.00
2024;54576376096;HERZ D.D.;347.00;23;0.00
2024;25190869349;MAISTRA DD ZA HOTELIJERSTVO I TURIZAM;345.00;1;0.00
2024;88826408293;AUTOSERVISNI CENTAR D.D.;345.00;24;0.00
2024;72852574105;PALADIUM PROJEKT DOO;337.80;1;0.00
2024;41048131537;GOSTRADE D.O.O. ZA TRG.,PROIZVODNJU I USLUGE;337.50;1;0.00
2024;00620826722;TENDERI D.O.O. OBRADA I DISTRIBUCIJA PODATAKA;337.35;1;0.00
2024;61420757013;AUTO KLUB NOVA GRADIŠKA;336.00;24;0.00
2024;85323749202;HUDEC PLAN D.O.O.;331.81;1;0.00
2024;55224819686;PROSPEKT D.O.O.;331.81;1;0.00
2024;38227622392;HARISSA DOO ZA USLUGE I TRGOVINU;325.40;1;0.00
2024;58247194538;ŠARENI KUTAK DOO;321.80;1;0.00
2024;15912171307;BOLJI UPRAVITELJ ZGRADA JDOO;319.40;4;0.00
2024;72908368249;OPĆINA OMIŠALJ;316.60;12;0.00
2024;20827899143;KRUHONJA VIŠNJICA;313.66;1;0.00
2024;28674400422;AUTOSLAVONIJA D.D. ZA TRG.,POPRAVAK I ODRŽ. MOTORNIH VOZILA;308.00;23;0.00
2024;82869431462;GAUDEAMUS OBRT ZA PRUŽANJE USL U TUR VL BORIS ŠUŠNJAR;300.00;1;0.00
2024;92548737288;UDRUGA AMAZONAS;300.00;1;0.00
2024;66255669661;UDRUGA KREATIVAN TRENING;300.00;1;0.00
2024;54597133705;KIT DOO ZA TRGOVINU I USLUGE;298.54;1;0.00
2024;72910430276;MINISTARSTVO PRAVOSUĐA, UPRAVE I DIGITALNE TRANSFORMACIJE;296.54;10;0.00
2024;37057843098;DVIJE PALME DOO ZA USLUGE;296.40;1;0.00
2024;10044285421;AUTO KLUB HVAR;296.00;22;0.00
2024;28893934485;BOŠNJAK VELAGIĆ LADA;294.00;1;0.00
2024;93830136269;VMD SERVIS DOO;291.20;12;0.00
2024;88645558956;MDM UPRAVLJANJE DOO;285.35;13;0.00
2024;46377257342;KLINIČKI BOLNIČKI CENTAR ZAGREB;283.48;11;0.00
2024;21720748086;RONIS DOO;279.00;1;0.00
2024;95562949871;CENTAR ZA RAČUNOVODSTVO I FINANCIJE D.O.O.;275.77;1;0.00
2024;37772539978;KAMENJAK DOO;271.56;12;0.00
2024;94139426897;USTANOVA ZA ZDRAVSTVENU SKRB PROFOZIĆ;270.00;2;0.00
2024;01288361479;ZŠEM POSLOVNA AKADEMIJA DOO;265.63;1;0.00
2024;28038034611;BB STRUCTURALIS DOO;265.45;1;0.00
2024;32874587842;DRAGER SAFETY D.O.O.;258.05;1;0.00
2024;95179755385;DJEČJI VRTIĆ TOČKICA;252.17;1;0.00
2024;88290854435;MAX DECO DOO;250.00;1;0.00
2024;09106224930;DIGIPUNKT D.O.O.;250.00;1;0.00
2024;10973302431;DISCO DOO ZA PROMIDŽBU I USLUGE TURISTIČKA AGNCIJA;250.00;1;0.00
2024;82513385036;NOGOMETNI KLUB BLATO;250.00;1;0.00
2024;40627607407;PUĆO D.O.O.;249.72;1;0.00
2024;12106598315;VE PRINT DOO;249.38;1;0.00
2024;27096844021;TAPIKER DOO;241.91;2;0.00
2024;03060693877;POLIMER DOO;240.33;1;0.00
2024;04269148903;PLAVI PROSTOR DOO;239.00;5;0.00
2024;91809340676;AGRO CASTUS DOO;236.25;1;0.00
2024;40699482950;HOTELI ZADAR DD;233.00;1;0.00
2024;18711058267;ODVJETNIČKO DRUŠTVO ĆURKOVIĆ I ŠANJUG DOO;232.67;2;0.00
2024;91653777677;INTERVEKTOR DOO;228.45;2;0.00
2024;64443113506;PROJEKTNA INTELIGENCIJA DOO;226.54;1;0.00
2024;21605140366;ARMANO LINTA DOO;225.00;1;0.00
2024;25339781941;ODVJETNIČKO DRUŠTVO TEREŠAK & PARTNERI;217.26;4;0.00
2024;89021876450;CONCOLOR DOO;215.20;1;0.00
2024;69139779463;LJEKARNE FILIPOVIĆ;215.10;1;0.00
2024;51390945090;TEHNIČAR-COPYSERVIS D.O.O.;212.50;1;0.00
2024;20927618113;DR PHARMA DOO;210.18;1;0.00
2024;96063013771;PLATFORMA ZA ODRAZOVAJE;210.00;1;0.00
2024;82618932537;KOSTANJEVEC DIMOVODNI SUSTAVI DOO;209.25;1;0.00
2024;49721702445;AUTOPRIJEVOZ D.D.;209.00;22;0.00
2024;61160611372;AGROSERVIS STP DOO;207.00;26;0.00
2024;25767144455;PLANET IX DOO;206.25;1;0.00
2024;35180497607;PIKAR D.O.O.;205.30;1;0.00
2024;32614011568;LINKS D.O.O.;204.97;1;0.00
2024;80307741154;NAJ-DOMUS D.O.O.;202.38;1;0.00
2024;21110311035;HIT KONFERENCIJA DOO;200.00;1;0.00
2024;89104907543;KOTURALJAŠKI KLUB MEDVEŠČAK;200.00;1;0.00
2024;77955797727;ZAGORJE DIGITAL DOO;200.00;1;0.00
2024;63470946586;SALON LJEPOTE SUNČICA JDOO ZA USLUGE;200.00;1;0.00
2024;30738860176;VEMI DOO;200.00;1;0.00
2024;32501868321;BOMBICA D.O.O. ZA USLUGE;200.00;1;0.00
2024;87950783661;HRVATSKA REGULATORNA AGENCIJA ZA MREŽNE DJELATNOSTI;195.06;3;0.00
2024;05873359168;PEKARA DUBRAVICA D.O.O.;194.81;1;0.00
2024;57560191883;LIMES PLUS D.O.O;188.41;1;0.00
2024;91090634935;AUTOKLUB SUPETAR;188.00;10;0.00
2024;29175243249;NAJAM OGRADA DOO ZA PROIZVODNJU TRGOVINU I USLUGE;187.50;1;0.00
2024;66830546104;FTG DISTRIBUCIJA DOO;180.20;1;0.00
2024;06880630974;DOBROVOLJNO VATROGASNO DRUŠTVO KOBILJAK;180.00;2;0.00
2024;48125365269;DVA KRILA DOO;180.00;1;0.00
2024;09873990909;TEKACOLOR DOO;174.88;1;0.00
2024;10383719392;FAGRON HRVATSKA DOO;173.29;1;0.00
2024;01409935901;POGREBNO LUČKO DOO;165.91;1;0.00
2024;27566638716;BONUS OPINIO DOO;165.90;1;0.00
2024;53560300360;DOMINO OPATIJA DOO;163.00;1;0.00
2024;85267957976;FARMACIA ZDRAVSTVENA USTANOVA ZA LJEKARNIČKU DJELATNOST;161.34;1;0.00
2024;56822948795;SAVEZ ENERGETIČARA HRVATSKE;161.25;1;0.00
2024;82376202251;EMARKER DOO;160.00;1;0.00
2024;81967066170;TOP PRINT DOO;156.25;1;0.00
2024;29400498330;STANICA ZA TEHNIČKI PREGLED VOZILA D.O.O. - PITOMAČA;154.00;24;0.00
2024;15893647219;INSTITUT ZA JAVNU UPRAVU;150.00;1;0.00
2024;04658509570;THOR GYMNASION JDOO;150.00;1;0.00
2024;79989039179;DURTECH GROUP DOO;148.70;3;0.00
2024;99964711951;ZAGORSKI LIST DOO ZA NAKLADNIČKU DJELATNOST;146.88;1;0.00
2024;24783614642;BONIĆ DRAŽEN;140.00;2;0.00
2024;22413472900;MINISTARSTVO GOSPODARSTVA I ODRŽIVOG RAZVOJA;139.35;1;0.00
2024;45237012600;SAVA OSIGURANJE DD PODRUŽNICA HRVATSKA;137.10;2;0.00
2024;25254683372;CELVITA -ŽIVOT S CELIJAKIJOM;136.07;1;0.00
2024;91025636357;BIJELI ČAROBNJAK D.O.O. ZA TRGOVINU I USLUGE;130.50;1;0.00
2024;59198424658;EKOESCO DOO;128.81;1;0.00
2024;38027917553;VD JAVNOG BILJEŽNIKA TOMISLAV GAROFULIĆ;125.00;10;0.00
2024;47681661111;ARTO DOO;125.00;1;0.00
2024;41123432328;START KONGRESI JDOO;123.75;1;0.00
2024;83794797443;SIGNOPLAST D.O.O.;123.50;1;0.00
2024;42718923078;AUTO KLUB NAŠICE;123.00;22;0.00
2024;60327383256;BONAVIA RIJEKA DOO;122.50;1;0.00
2024;64125437677;PONIKVE VODA D.O.O.;122.10;11;0.00
2024;58843087891;AGENCIJA ZA KOMERCIJALNU DJELATNOST PRO.,USL. I TRG. D.O.O.;119.51;5;0.00
2024;47432874968;KAUFLAND HRVATSKA KOMANDITNO DRUŠTVO ZA TRGOVINU;118.61;1;0.00
2024;99333100809;STANICA ZA TEHNIČKI PREGLED VOZILA BLATO DOO;117.00;20;0.00
2024;62462242629;VG VODOOPSKRBA D.O.O.;113.18;13;0.00
2024;66555217074;ODVJETNIČKO DRUŠTVO HONDL,KONIĆ,ŠIMUNOIVĆ,BATUR I PARTNERI;111.61;2;0.00
2024;09931144729;ODVJETNIČKO DRUŠTVO TODTLING I PARTNERI DOO;111.21;1;0.00
2024;76197627025;ODVJETNIČKO DRUŠTVO KRIŽANEC CAR PAVLIĆ I POPARIĆ;109.74;1;0.00
2024;72519049956;PČELARSTVO DARUVAR D.O.O.;107.75;1;0.00
2024;24796394086;ŠKOLSKE NOVINE D.O.O.;105.00;1;0.00
2024;00643859701;OFFERTISSIMA D.O.O. ZA TRGOVINU NA VELIKO I MALO, UG. I GRA.;104.44;1;0.00
2024;32603881196;AUTOPROMET D.D.;101.00;21;0.00
2024;77315050125;UMJETNIČKA ORGANIZACIJA DRAMSKA PRODUKCIJA KALEIDOSKOP;100.00;1;0.00
2024;91725363853;SUPER IGRA DOO;99.80;1;0.00
2024;47625859155;ODVJETNIČKO DRUŠTVO REŠETAR I PARTNERI DOO;96.62;1;0.00
2024;90240160025;LEONARDO MEDIA DOO;96.50;1;0.00
2024;36941458821;CENTAR KOVAČIĆ D.O.O.;95.00;21;0.00
2024;23197705042;ZU LJEKARNA PABLO;93.50;1;0.00
2024;24444413949;AT ITPS DOO;90.60;1;0.00
2024;70427199569;PP ORAHOVICA DOO;90.54;1;0.00
2024;31380789055;FILIPOVIĆ COMMERCE DOO;90.04;1;0.00
2024;55491452511;LOVAČKA UDRUGA ŠLJUKA BENA LUKINIĆ BRDO;90.00;1;0.00
2024;81700550832;REPUBLIKA HRVATSKA MINISTARSTVO UPRAVE;90.00;3;0.00
2024;86023224138;ISPIS DOO ZA GRAFIČKU DJELATNOST I USLUGE;87.68;1;0.00
2024;26416570803;SVEUČILIŠTE J J STROSSMAYERA U OSIJEKU - PRAVNI FAKULTET;81.00;3;0.00
2024;28221820465;AUTO KLUB PAZIN;73.00;19;0.00
2024;21688419865;CMC GROUP DOO;72.00;2;0.00
2024;32663870218;HRVATSKI INSTITUT INTERNIH REVIZORA;70.00;1;0.00
2024;56848357825;SRED.ZAJ.PRIČUVE STAMB.ZGRADA VILIMA KORAJCA 3;68.19;3;0.00
2024;52634238587;REPUBLIKA HRVATSKA MINISTARSTVO UNUTARNJIH POSLOVA;66.36;1;0.00
2024;46144176176;HRVATSKI DRŽAVNI ARHIV ZAGREB;66.36;1;0.00
2024;17231519023;KAZNIONICA U VALTURI ODJEL ZA RAD I STRUKOVNU IZOBRAZBU;60.00;13;0.00
2024;02788022793;BELA SPORT DOO ZA TRGOVINU I USLUGE;57.00;1;0.00
2024;67131617872;DS SMITH BELIŠĆE CROATIA DOO;55.00;18;0.00
2024;28011548575;SVEUČILIŠTE U ZAGREBU -  FAKULTET POLITIČKIH ZNANOSTI;50.00;1;0.00
2024;34476408800;MARSA D.O.O. ZA PROIZVODNJU I TRGOVINU;45.00;2;0.00
2024;47298210538;BICRO BIOCENTAR D.O.O. ZA TRANSFER I KOMERC. BIOTEHNOLOGIJE;44.92;1;0.00
2024;23584227029;VIDMAR ŠPORT DOO ZA TRG PROVOĐENJE ŠPORT AK USL I ZASTUP;44.54;1;0.00
2024;78226361004;FORSET D.O.O. ZA TRGOVINU I USLUGE;44.50;1;0.00
2024;82667270868;AUTOCESTA ZAGREB-MACELJ DOO;44.00;6;0.00
2024;78866932443;OPĆINSKI SUD U ZADRU;40.46;1;0.00
2024;29845096215;SVEUČILIŠTE U SPLITU;39.82;2;0.00
2024;29113541841;VODOOPSKRBA I ODVODNJA ZAPREŠIĆ D.O.O.;39.72;12;0.00
2024;65553879500;HGSPOT GRUPA DOO;39.50;1;0.00
2024;57362618039;OPĆINSKI SUD U BJELOVARU;37.87;2;0.00
2024;99459456097;KIMATEKS DOO;37.50;1;0.00
2024;18180861064;ZAHVALE I SJEĆANJA DOO;33.74;3;0.00
2024;38304616284;OPĆINSKI SUD U PULI POLA;33.18;1;0.00
2024;43600498596;KOMUNALNE USLUGE CRES LOŠINJ D.O.O.;33.00;9;0.00
2024;63336519951;YELLOW SUBMARINE DOO;31.80;1;0.00
2024;36162371878;RH MINISTARSTVO UNUTARNJIH POSLOVA;31.46;13;0.00
2024;77290534017;MANAS DOO;30.00;1;0.00
2024;53769098448;ALATI MILIĆ DOO;29.00;1;0.00
2024;78808975734;SVEUČILIŠTE JOSIPA JURJA STROSSMAYERA U OSIJEKU REKTORAT;27.00;1;0.00
2024;96371000697;SVEUČILIŠTE U OSIJEKU PREHRAMBENO TEHNOLOŠKI FAKULTET OSIJEK;27.00;1;0.00
2024;51172510950;JURČEC ALATI DOO;25.98;1;0.00
2024;55545787885;HRVATSKE CESTE D.O.O. ZA UPRAVLJANJE GR. I ODR. DRŽ. CESTA;24.89;1;0.00
2024;32284739479;OPĆINSKI SUD VELIKA GORICA;22.46;1;0.00
2024;84397956623;HRVATSKI ZAVOD ZA MIROVINSKO OSIGURANJE;21.20;8;0.00
2024;14794175682;CITY CAFE DOO;20.10;1;0.00
2024;99454315441;SVEUČILIŠTE U ZAGREBU FAKULTET HRVATSKIH STUDIJA;20.00;1;0.00
2024;77802735473;IMP TERMOTEHNIKA REGULACIJA D.O.O.;19.88;1;0.00
2024;94989605030;KRAŠ DD;19.75;1;0.00
2024;14049708426;INGRA D.D.;18.96;1;0.00
2024;81806367106;DOMUS SESVETE DOO ZA TRGOVINU I USLUGE;16.90;1;0.00
2024;72070979111;PROEN ENERGETIKA NEKRETNINA D.O.O.;16.60;1;0.00
2024;61980608934;OPĆINSKI SUD U SPLITU;15.46;1;0.00
2024;07397915111;TRGOVAČKI SUD U VARAŽDINU;15.21;1;0.00
2024;35639958412;SAGOVI ZAGREB DOO;13.40;1;0.00
2024;55832375299;ZGORIJAK DOO;13.25;1;0.00
2024;13439120211;BINA ISTRA DD;13.20;1;0.00
2024;87444676969;VD JAVNOG BILJEŽNIKA MARKO VITASOVIĆ;12.50;1;0.00
2024;75550985023;PETROL D.O.O.;11.50;1;0.00
2024;09665214153;OSMRTNICE DOO;11.03;1;0.00
2024;18623146104;SUĆUT DOO;11.03;1;0.00
2024;32497003047;TISAK PLUS DOO;10.60;1;0.00
2024;02024882310;SVEUČILIŠTE U ZAGREBU FAKULTET ORGANIZACIJE I INFORMATIKE;10.00;1;0.00
2024;01737843872;SPEKTRACOM D.O.O.;2.97;1;0.00
2024;29399232217;OPĆINSKI SUD U ŠIBENIKU;0.39;2;0.00
2024;41817103783;STP DOO;0.00;2;0.00
2024;71629027685;ECCOS INŽENJERING DOO;0.00;2;0.00
2024;22740118957;TED DOO;0.00;5;0.00
2024;36198195227;TIP ZAGREB D O O ZA TRGOVINU I PROIZVODNJU;0.00;2;0.00
2024;95243482140;SMIT - COMMERCE D.O.O. TRGOVINA, PROIZVODNJA I USLUGE;0.00;2;0.00
2024;53605452522;UMJETNIČKA ORGANIZACIJA ANSAMBL SUV.PLESA VEM-ED.-PL.-CENTAR;0.00;2;0.00
2024;53948590600;UDRUGA KONCERTNIH PROMOTORA;0.00;2;0.00
2024;31826907316;TEKNOXGROUP HRVATSKA D.O.O.;0.00;4;0.00
2024;18311048687;FRESCO DOO;-15.00;1;-0.00
2024;73777060562;TAHOGRAF DOO;-1542.20;3;-0.00
2024;65119154523;KLINIČKA BOLNICA SVETI DUH;-100641.21;7;-0.01
2025;82031999604;ZAGREBAČKI ELEKTRIČNI TRAMVAJ DOO;231590324.21;682;12.62
2025;85584865987;ZAGREBAČKI HOLDING D.O.O.;211473084.72;7075;11.52
2025;18683136487;MINISTARSTVO FINANCIJA;86715432.70;849;4.72
2025;59365213244;UPRAVLJANJE SPORTSKIM OBJEKTIMA;37006329.41;58;2.02
2025;73807462275;SPORTSKI SAVEZ GRADA ZAGREBA;30000000.00;12;1.63
2025;92963223473;ZAGREBAČKA BANKA  D.D. ZAGREB;27071945.98;294;1.47
2025;00000000010;POVREMENA NESAMOSTALNA I SAMOSTALNA DJELATNOST;26542653.28;1022;1.45
2025;92366589656;JAVNA VATROGASNA POSTROJBA GRADA ZAGREBA;23338846.77;76;1.27
2025;83416546499;VODOOPSKRBA I ODVODNJA D.O.O.;22401668.33;7154;1.22
2025;23057039320;ERSTE STEIERMARKISCHE BANK;21109647.93;87;1.15
2025;89931241548;KAMGRAD D.O.O.;20217871.28;12;1.10
2025;03744272526;GRADSKO STAMBENO KOMUNALNO GOSPODARSTVO D.O.O.;20090847.98;605;1.09
2025;74971361430;STRABAG DOO;20002388.42;26;1.09
2025;93571946376;KNJIŽNICE GRADA ZAGREBA;19966175.36;82;1.09
2025;40838744815;BBR ADRIA D.O.O.;18984766.03;21;1.03
2025;10852199405;HRVATSKO NARODNO KAZALIŠTE;12504287.18;60;0.68
2025;77931216562;URIHO USTANOVA ZA PROF.REHABILITACIJU I ZAP.OSOBA S INVAL.;12334115.91;96;0.67
2025;63073332379;HEP OPSKRBA D.O.O.;11172032.20;377;0.61
2025;02535697732;PRIVREDNA BANKA ZAGREB DD;11048723.19;69;0.60
2025;89436606278;MEKATRONIK URETIM TEKNOLOJI MUHENDISLIK ANONIM SIRKETI;10092428.28;10;0.55
2025;14482540987;IZGRADNJA FUTURA D.O.O.;9249142.07;36;0.50
2025;76370234816;ELICOM D.O.O.;8941105.83;49;0.49
2025;59569102212;ZAGREBAČKO GRADSKO KAZALIŠTE KOMEDIJA;8405712.74;109;0.46
2025;62485998118;HEDOM  D.O.O.;7946915.02;41;0.43
2025;38657725741;ZAGREBAČKA FILHARMONIJA;7350517.49;93;0.40
2025;07410147801;NILUFER YONETIM DANISMANLIGI INSAAT SANAYI TICARET ANONIM SI;7126392.60;13;0.39
2025;01471402891;ALU-KON DOO;6924000.00;1;0.38
2025;69262261098;USTANOVA ZOOLOŠKI VRT GRADA ZAGREBA;6725635.00;13;0.37
2025;70362197460;USTANOVA DOBRI DOM GRADA ZAGREBA;6670535.50;31;0.36
2025;81106567513;DV VRAPČE;6600417.24;110;0.36
2025;97345554668;DV BAJKA;6209042.61;98;0.34
2025;38262788673;GIP PIONIR D.O.O.;6141816.57;16;0.33
2025;31015599358;DV ŠEGRT HLAPIĆ;5913970.77;129;0.32
2025;13254939546;ZAGREBAČKO KAZALIŠTE MLADIH;5862365.80;131;0.32
2025;69476494959;DV GAJNICE;5526082.80;136;0.30
2025;31422239000;DV SESVETE;5445025.95;126;0.30
2025;88388890400;DV JARUN;5440367.43;94;0.30
2025;66494507454;DV SUNČANA;5401886.04;115;0.29
2025;20142998436;STORM COMPUTERS D.O.O.;5185673.00;43;0.28
2025;23901219315;GRADSKO DRAMSKO KAZALIŠTE GAVELLA;5175433.77;88;0.28
2025;78167252842;DV GRIGOR VITEZ;5163187.52;96;0.28
2025;95660678441;ZAGREBAČKI VELESAJAM DOO;5133919.70;445;0.28
2025;49823978318;DV TRNSKO;5020046.17;129;0.27
2025;42776586352;DV MARKUŠEVEC;4873792.50;123;0.27
2025;03864029789;DV ZAPRUĐE;4818714.21;136;0.26
2025;20169135633;DV TRATINČICA;4813673.02;126;0.26
2025;14774069475;DV EN TEN TINI;4807534.51;120;0.26
2025;61817894937;GRAD ZAGREB;4764821.53;1196;0.26
2025;22702558967;DV BUDUĆNOST;4729677.34;130;0.26
2025;16308837296;MEŠIĆ-COM D.O.O.;4710000.00;1;0.26
2025;13433301401;DV BUKOVAC;4700158.13;96;0.26
2025;81468897500;DV TRAVNO;4678902.83;129;0.25
2025;91678676896;COMBIS D.O.O.;4588625.94;64;0.25
2025;05850332623;DV MALEŠNICA;4581384.61;147;0.25
2025;14638236220;DV HRVATSKI LESKOVAC;4498791.59;133;0.25
2025;08505654578;DV VRBIK;4475518.65;96;0.24
2025;50467501180;DV RADOST;4389365.75;116;0.24
2025;33985054792;DV CVRČAK;4378398.41;122;0.24
2025;54493774760;KONCERTNA DVORANA VATROSLAVA LISINSKOG;4356486.92;66;0.24
2025;76109957666;DV UTRINA;4350380.30;123;0.24
2025;67939296499;DOM ZA STARIJE OSOBE TREŠNJEVKA ZAGREB;4347644.87;120;0.24
2025;02111947694;DV PREČKO;4344684.13;111;0.24
2025;78352024822;MUZEJ SUVREMENE UMJETNOSTI;4290786.12;71;0.23
2025;09462989768;DV ŠPANSKO;4153823.81;131;0.23
2025;58673709931;DV ŠUMSKA JAGODA;4130463.47;128;0.22
2025;08407195933;DV KUSTOŠIJA;4087859.16;105;0.22
2025;31128033678;DV PČELICA;4073371.28;107;0.22
2025;07292798848;HRVATSKI CRVENI KRIŽ GRADSKO DRUŠTVO CRVENOG KRIŽA ZAGREB;4062365.98;161;0.22
2025;03901084957;DV LEPTIR;4031431.08;134;0.22
2025;78118217052;DV JABUKA;4026988.07;123;0.22
2025;48490379132;PREDUZEĆE ZA PROIZVODNJU TRGOVINU I USLUGE MODULOR DOO;4003859.85;22;0.22
2025;36358816855;DV ZRNO;3934368.90;127;0.21
2025;63303576952;DV DUGA;3933755.84;125;0.21
2025;40201821835;DV VEDRI DANI;3851731.95;124;0.21
2025;45434922757;DV BOTINEC;3809400.47;133;0.21
2025;10295750223;DV SUNCE;3801672.62;114;0.21
2025;94870424008;DV VJEVERICA;3799788.49;111;0.21
2025;56654700279;DV SIGET;3790109.53;107;0.21
2025;87101832767;DV KOLIBRI;3787805.38;110;0.21
2025;31002922849;SPEGRA D.O.O.;3777333.42;23;0.21
2025;99506331443;DV TREŠNJEVKA;3770569.75;116;0.21
2025;69945190946;DV SAVICA;3733076.60;103;0.20
2025;46986958358;DV VLADIMIR NAZOR;3720225.34;123;0.20
2025;62112881951;DV REMETINEC;3680472.62;127;0.20
2025;41077368443;DV RAZLIČAK;3656536.05;100;0.20
2025;92781436923;DV POLETARAC;3549042.72;107;0.19
2025;41026360834;DV SOPOT;3535101.03;102;0.19
2025;71812732448;CENTAR ZA PRUŽANJE USLUGA U ZAJEDNICI MALI DOM;3517849.03;20;0.19
2025;52044657571;GRADITELJ SVRATIŠTA D.O.O.;3462503.72;780;0.19
2025;79532938998;DV IVANA BRLIĆ MAŽURANIĆ;3444746.29;108;0.19
2025;53150371536;HRVATSKI PRIRODOSLOVNI MUZEJ;3390762.63;83;0.18
2025;98656691838;JEDINSTVO KRAPINA DOO;3336223.80;11;0.18
2025;22987484862;ZAGREBAČKE OTPADNE VODE D.O.O.;3297824.14;2;0.18
2025;59596000383;DV MEDO BRUNDO;3296997.09;118;0.18
2025;46201053599;DV MALI PRINC;3290187.23;119;0.18
2025;91692114950;GKT GRADIN DOO ZA GRADITELJSTVO I TRGOVINU;3259976.88;16;0.18
2025;26804323093;GRADSKO KAZALIŠTE KEREMPUH;3244244.84;59;0.18
2025;05240563443;RESALTA DOO;3198659.10;4;0.17
2025;00000000001;EUROPEAN INVESTMENT BANK;3163914.92;3;0.17
2025;43821234370;DV MAKSIMIR;3162256.02;92;0.17
2025;02728849314;MUZEJ ZA UMJETNOST I OBRT;3155951.46;93;0.17
2025;91030829427;DV MILAN SACHS;3121741.60;110;0.17
2025;44879111575;NASTAVNI ZAVOD ZA HITNU MEDICINU GRADA ZAGREBA;3109353.97;47;0.17
2025;21520217808;SITOLOR DOO;3077666.52;16;0.17
2025;19262409274;DV POTOČNICA;3059726.73;114;0.17
2025;17353680710;DV PETAR PAN;3050996.48;127;0.17
2025;52822555432;DV ZVONČIĆ;3047608.50;112;0.17
2025;25683592460;DV TATJANA MARINIĆ;3042485.34;98;0.17
2025;53838475417;ZAGREBAČKO KAZALIŠTE LUTAKA;3018804.34;59;0.16
2025;64112328386;DV SREDNJACI;3015376.90;99;0.16
2025;34319349088;DOM ZA STARIJE OSOBE SVETA ANA ZAGREB;2982016.23;91;0.16
2025;23023589098;MODULOR CONSTRUCTIONS DOO;2978013.93;9;0.16
2025;49466263965;DV IZVOR;2937161.67;112;0.16
2025;36861051455;DV TRNORUŽICA;2932033.09;111;0.16
2025;13530191392;TEH - GRADNJA D.O.O.;2878590.26;14;0.16
2025;30881792156;DV MEDVEŠČAK;2848144.42;121;0.16
2025;85671777188;DOM ZA STARIJE OSOBE CENTAR;2841787.72;92;0.15
2025;86792006248;DOM ZA STARIJE OSOBE DUBRAVA - ZAGREB;2835611.42;79;0.15
2025;78356795960;JAVNA USTANOVA ZA UPRA PRIRODNIM VRIJEDNOSTIMA GRADA ZAGREBA;2831682.16;17;0.15
2025;02994650199;APIS IT D.O.O.;2775179.21;245;0.15
2025;12988772690;P.G.P. D.O.O.;2757407.92;26;0.15
2025;21384342053;DV MATIJA GUBEC;2749682.83;102;0.15
2025;33392005961;NASTAVNI ZAVOD ZA JAVNO ZDRAVSTVO DR. ANDRIJA ŠTAMPAR;2742708.22;339;0.15
2025;48299645518;KODEKS GRADITELJSTVO DOO;2735868.85;56;0.15
2025;28265486672;GRADSKO KAZALIŠTE TREŠNJA;2727504.01;60;0.15
2025;68441960124;CENT ZA PRUŽ USL U ZAJ ZAGREBAČKI CENT ZA NEOVISNO ŽIVLJENJE;2724873.38;21;0.15
2025;68127446342;MUZEJ GRADA ZAGREBA;2664165.30;70;0.15
2025;88026390655;DOM ZA STARIJE OSOBE MEDVEŠČAK ZAGREB;2663616.10;78;0.15
2025;56980862387;DV ISKRICA;2635967.80;92;0.14
2025;56787155320;DOM ZA STARIJE OSOBE TRNJE;2613904.90;77;0.14
2025;90093318654;DOM ZA STARIJE OSOBE MAKSIMIR;2594969.77;75;0.14
2025;99639891810;PROJEKTGRADNJA PLUS D.O.O;2575247.99;4;0.14
2025;30468132163;DOM ZA STARIJE I NEMOĆNE OSOBE PARK;2513169.62;15;0.14
2025;03430970424;MONTERRA DOO;2493892.80;11;0.14
2025;10970597007;DV KRIJESNICE;2493222.35;110;0.14
2025;46432791617;DOM ZA STARIJE OSOBE PEŠČENICA, ZAGREB;2407894.26;88;0.13
2025;74149875115;ZAGREBAČKI CENTAR ZA GOSPODARENJE OTPADOM;2400447.40;10;0.13
2025;33971755655;VESELČIĆ DOO;2374251.18;47;0.13
2025;53921712112;ZAGREBAČKI INOVACIJSKI CENTAR D.O.O.;2371050.00;10;0.13
2025;16890821011;DOM ZA STARIJE OSOBE SVETI JOSIP ZAGREB;2352134.73;97;0.13
2025;99544354954;ETNOGRAFSKI MUZEJ;2296030.23;90;0.13
2025;87939104217;HRVATSKA POŠTANSKA BANKA D.D.;2274597.59;76;0.12
2025;79157146686;ARHEOLOŠKI MUZEJ U ZAGREBU;2272725.56;88;0.12
2025;12127688152;VG5 DOO;2268540.81;6;0.12
2025;11909496026;VATROGASNA ZAJEDNICA GRADA ZAGREBA;2230200.00;12;0.12
2025;00053084642;DOM ZDRAVLJA ZAGREB CENTAR;2172501.84;273;0.12
2025;42602329951;DOM ZA STARIJE OSOBE KSAVER;2153040.88;90;0.12
2025;70200207247;ZAVOD ZA PROSTORNO UREĐENJE GRADA ZAGREBA;2144600.00;24;0.12
2025;03547184733;DJEČJA BOLNICA SREBRNJAK;1977530.58;26;0.11
2025;04280410389;CONCORDIA CONSULTING D.O.O.;1948469.75;20;0.11
2025;15589224990;KULTURNI CENTAR TRAVNO;1894630.50;82;0.10
2025;07777553720;ELEKTROKOVINA LIGHTING DOO;1875496.01;15;0.10
2025;79960056463;AGRAD PROJEKT DOO;1855173.30;16;0.10
2025;51439010603;CENTAR ZA REHABILITACIJU SILVER;1850066.41;20;0.10
2025;37198918530;"TEHNIČKI MUZEJ ""NIKOLA TESLA""";1780753.76;55;0.10
2025;88696689887;SUVAG POLIKLINIKA ZA REHABILITACIJU SLUŠANJA I GOVORA;1712654.16;208;0.09
2025;53056966535;RAIFFEISENBANK AUSTRIA DD;1711862.27;73;0.09
2025;86998320829;OŠ LOVRE PLEMENITOG MATAČIĆA;1659379.92;104;0.09
2025;52480497296;ŠUŠKOVIĆ GRAĐENJE D.O.O.;1640206.67;25;0.09
2025;36955576207;OŠ ŽUTI BRIJEG;1640147.54;131;0.09
2025;40102169932;OMEGA SOFTWARE D.O.O.;1603374.46;76;0.09
2025;46830600751;HEP - OPERATOR DISTRIBUCIJSKOG SUSTAVA D.O.O.;1591263.84;102;0.09
2025;29065880963;OŠ TRNSKO;1590361.37;152;0.09
2025;69693144506;HRVATSKE ŠUME D.O.O.;1571216.24;58;0.09
2025;37849898335;MAR DOO ZA GRADITLJSTVO I RADOVE U ENERGETICI;1567077.85;16;0.09
2025;64645054565;PRIMAT LOGISTIKA DOO;1554465.82;20;0.08
2025;66896155710;DOM ZDRAVLJA ZAGREB ZAPAD;1550490.63;93;0.08
2025;47521323377;NARODNO SVEUČILIŠTE DUBRAVA;1516867.17;112;0.08
2025;41389203676;PLANIGRAD PROJEKT D.O.O.;1503747.55;20;0.08
2025;33995559159;OŠ SAVSKI GAJ;1500961.53;134;0.08
2025;44900859510;OŠ KRALJA TOMISLAVA;1415739.41;127;0.08
2025;73051728774;OŠ DRAGUTINA TADIJANOVIĆA;1414500.20;130;0.08
2025;90357089001;OŠ LUKA;1410310.64;130;0.08
2025;69136218794;OŠ PREČKO;1383275.44;175;0.08
2025;47377939383;OŠ AUGUSTA ŠENOE;1379579.90;153;0.08
2025;84398178962;GRADSKO KAZALIŠTE ŽAR PTICA;1349447.78;62;0.07
2025;80239334973;LIPA L.P. D.O.O.;1338462.32;13;0.07
2025;99825614646;FOTON PROMET D O O;1328735.47;6;0.07
2025;93298204867;REGIONALNA ENERGETSKO KLIMATSKA AGENCIJA SZ HRVATSKE;1319900.00;13;0.07
2025;08466144831;OŠ IVANA MEŠTROVIĆA;1306768.37;146;0.07
2025;94948888880;XELEMENT DOO SARAJEVO PODRUŽNICA ZAGREB;1299921.63;3;0.07
2025;00432869176;HRVATSKA OSIGURAVAJUĆA KUĆA D.D.;1294058.59;32;0.07
2025;99118997944;OŠ KAJZERICA;1267712.59;138;0.07
2025;09149352137;OŠ DRAGUTINA DOMJANIĆA;1258478.65;150;0.07
2025;87311810356;HRVATSKA POŠTA D.D.;1252890.51;105;0.07
2025;04318334164;OŠ ANTE KOVAČIĆA;1251418.67;134;0.07
2025;18422925218;SVEUČILIŠTE U ZAGREBU MUZIČKA AKADEMIJA;1248580.45;12;0.07
2025;60669015692;OŠ GUSTAVA KRKLECA;1233029.13;151;0.07
2025;07628779327;OŠ TITUŠA BREZOVAČKOG;1202137.84;123;0.07
2025;91453301285;ALPHA BAUMANAGEMENT DOO;1201616.83;14;0.07
2025;43105237892;DOMINVEST DOO;1200798.06;40;0.07
2025;66184539220;OŠ BARTOLA KAŠIĆA;1187123.14;116;0.06
2025;40477323596;CENTAR ZA KULTURNO DRUŠTVENI RAZVOJ NOVI PROSTORI KULTURE;1178100.92;60;0.06
2025;50582521257;OŠ MALEŠNICA;1173874.34;133;0.06
2025;86962125052;ŽUPANIJSKE CESTE ZAGREBAČKE ŽUPANIJE;1155031.86;3;0.06
2025;85965934616;NERING D.O.O.;1151134.15;17;0.06
2025;00167285641;I GIMNAZIJA;1125885.39;119;0.06
2025;52960882634;OŠ MATE LOVRAKA;1124473.94;117;0.06
2025;76147034208;OŠ ANTUNA MIHANOVIĆA;1121565.07;139;0.06
2025;00733311237;OŠ ŽITNJAK;1121347.59;152;0.06
2025;85778249664;OŠ SVETA KLARA;1115984.08;133;0.06
2025;30730085385;OŠ DUGAVE I;1109175.26;154;0.06
2025;27854662356;OŠ JELKOVEC;1083286.16;100;0.06
2025;43566372258;GRADITELJSTVO I TRGOVINA PERIĆ D.O.O.;1081805.59;8;0.06
2025;82390971460;USTANOVA ZAGREB FILM;1080949.83;56;0.06
2025;24802180410;OŠ SESVETSKI KRALJEVEC;1064827.46;130;0.06
2025;24061503881;OŠ IVE ANDRIĆA;1063568.61;125;0.06
2025;38198952349;DOM ZA DJECU I ODRASLE-ŽRTVE OBITELJSKOG NASILJA DUGA-ZAGREB;1047492.27;25;0.06
2025;62432304595;KULTURNO INFORMATIVNI CENTAR;1044219.35;79;0.06
2025;40723003638;OŠ ALOJZIJA STEPINCA;1043532.30;155;0.06
2025;27893203755;OŠ JURE KAŠTELANA;1040143.50;117;0.06
2025;63467332374;CENTAR ZA AUTIZAM;1027595.23;159;0.06
2025;76253821370;HIDROSTRES D.O.O.;1024364.19;16;0.06
2025;64507525513;OŠ BREZOVICA;998978.98;147;0.05
2025;43748649227;OŠ VUGROVEC KAŠINA;996835.52;154;0.05
2025;47340618999;OŠ SESVETE;995823.64;136;0.05
2025;27354142833;CENOZA PROMET DOO ZA TRGOVINU I USLUGE;993629.12;6;0.05
2025;48787627264;OŠ ŠPANSKO ORANICE;991886.63;114;0.05
2025;95267786050;OŠ CVJETNO NASELJE;990164.13;120;0.05
2025;84283102588;OŠ IVANA GRANĐE;985707.91;159;0.05
2025;19780265434;OŠ JOSIPA RAČIĆA;976523.09;112;0.05
2025;97103671104;DOM ZDRAVLJA ZAGREB ISTOK;968297.74;79;0.05
2025;03287241147;CENTAR KULTURE NA PEŠĆENICI;967601.62;96;0.05
2025;97705154133;OŠ BUKOVAC;965408.04;135;0.05
2025;32542348836;OŠ NIKOLE TESLE;962733.03;129;0.05
2025;47193049641;OŠ LUČKO;958013.75;135;0.05
2025;02848440254;OŠ VOLTINO;957911.42;120;0.05
2025;85286272245;OŠ PAVLEKA MIŠKINE;955862.02;114;0.05
2025;60550309153;ABYSALTO DOO;954826.13;39;0.05
2025;75982310877;SPECIJALNA BOLNICA ZA PLUĆNE BOLESTI;954539.79;41;0.05
2025;32430086141;OŠ RETKOVEC;938394.29;144;0.05
2025;34214604603;OLM INFRA JDOO;936406.60;11;0.05
2025;60990397054;OŠ GRANEŠINA;935873.78;113;0.05
2025;95032181708;GDI DOO;922790.57;33;0.05
2025;54303952361;OŠ GRIGORA VITEZA;921927.51;150;0.05
2025;14557584577;TEHNET DOO;920135.00;9;0.05
2025;08579918418;OŠ GROFA JANKA DRAŠKOVIĆA;913447.95;140;0.05
2025;39584056263;OŠ PETRA ZRINSKOG;902646.80;113;0.05
2025;81002091960;OŠ IVANA CANKARA;900551.62;129;0.05
2025;67787842481;OŠ SILVIJA STRAHIMIRA KRANJČEVIĆA;897917.61;144;0.05
2025;86895308451;OŠ BRESTJE;896991.34;134;0.05
2025;05668973495;OŠ JORDANOVAC;893869.75;114;0.05
2025;84079651663;CITY ISLAND DOO;882500.00;1;0.05
2025;62873946841;OŠ MARKUŠEVEC;874366.99;127;0.05
2025;48896313673;BRIMUS D.O.O.;866348.76;24;0.05
2025;09253797076;AKD - ZAŠTITA D.O.O. ZA ZAŠTITU OSOBA I IMOVINE;862224.64;125;0.05
2025;37394657906;DV DJEČJA IGRA;862007.78;23;0.05
2025;15907062900;HEP TOPLINARSTVO D.O.O;856612.84;2983;0.05
2025;27060811148;LIPA PROMET D.O.O.;856380.44;32;0.05
2025;81088614312;OŠ VEĆESLAVA HOLJEVCA;852970.54;142;0.05
2025;71087160585;OŠ VUKOMEREC;845665.59;110;0.05
2025;68971787775;OŠ ANTUNA GUSTAVA MATOŠA;844675.78;108;0.05
2025;67001695549;KING ICT D.O.O.;843272.14;16;0.05
2025;55295688261;OŠ SESVETSKA SELA;839785.80;140;0.05
2025;45058007791;CENTAR MLADIH RIBNJAK;838855.78;69;0.05
2025;76594422243;PALAM DOO;833774.40;10;0.05
2025;48482170643;OŠ STENJEVEC;831915.54;143;0.05
2025;92120285716;OŠ MATIJE GUPCA;830101.97;107;0.05
2025;78390068967;DV DJEČJI KORACI;829499.97;23;0.05
2025;44813808316;OŠ MEDVEDGRAD;827979.36;148;0.05
2025;20874782919;IS GRIJANJE D.O.O.;824918.63;13;0.04
2025;34020671941;OŠ VJENCESLAVA NOVAKA;822190.18;127;0.04
2025;08844695446;OŠ IVANA MAŽURANIĆA;818291.07;129;0.04
2025;85867734506;OŠ GRAČANI;816261.32;113;0.04
2025;97699903366;OŠ FRANA GALOVIĆA;816062.36;125;0.04
2025;89692114282;OŠ MARIJE JURIĆ ZAGORKE;801587.62;166;0.04
2025;31137271482;OŠ SREDIŠĆE;801136.98;126;0.04
2025;82593285099;STOMATOLOŠKA POLIKLINIKA ZAGREB;796369.92;46;0.04
2025;54702581236;OŠ REMETE;796058.34;112;0.04
2025;28957082165;OŠ DR. ANTE STARČEVIĆA;788698.64;102;0.04
2025;34291434133;OŠ OTOK;787125.67;94;0.04
2025;68487984198;OŠ KUSTOŠIJA;772445.03;104;0.04
2025;63702214100;ŠKOLA ZA MEDICINSKE SESTRE MLINARSKA ZAGREB;771963.16;162;0.04
2025;26702280390;HRVATSKA BANKA ZA OBNOVU I RAZVITAK;769185.29;265;0.04
2025;71458287521;FIMAK NEKRETNINE D.O.O.;765960.92;15;0.04
2025;55860335630;VODOPRIVREDA ZAGREB D.D.;765572.50;11;0.04
2025;50159258035;RAZVOJNA AGENCIJA ZAGREB ZA KOORD  I POTICANJE REG RAZVOJA;763463.31;24;0.04
2025;31407932125;CENTAR ZA KULTURU I INFORMACIJE MAKSIMIR;761838.44;73;0.04
2025;34583734418;EBC SISTEMI D.O.O.;752141.87;17;0.04
2025;51680110311;CENTAR ZA KULTURU TREŠNJEVKA;749142.24;46;0.04
2025;78027759648;GALERIJA KLOVIĆEVI DVORI;746668.74;37;0.04
2025;89479352022;CENTAR ZA KULTURU I FILM AUGUSTA CESARCA;746446.77;57;0.04
2025;23414282056;STROJARSKA TEHNIČKA ŠKOLA FAUSTA VRANČIĆA;746349.40;125;0.04
2025;87873316089;OŠ DR. IVAN MERZ;744550.84;153;0.04
2025;98427196102;OŠ VRBANI;741144.20;119;0.04
2025;94111301877;RAO D.O.O.;740512.50;5;0.04
2025;54281445057;OŠ BANA JOSIPA JELAČIĆA;736800.98;146;0.04
2025;51196068839;PSIHIJATRIJSKA BOLNICA ZA DJECU I MLADEŽ;732858.53;34;0.04
2025;00659823560;DV KOCKICA;730048.69;23;0.04
2025;01390776709;OŠ PETRA PRERADOVIĆA;727630.07;133;0.04
2025;33610682592;POGON - ZAGREBAČKI CENTAR ZA NEZAVISNU KULTURU I MLADE;725866.98;70;0.04
2025;77278617749;OŠ IVER;720501.39;159;0.04
2025;07508446885;OŠ MATKA LAGINJE;720321.13;134;0.04
2025;23485687544;HRVATSKI ŠKOLSKI MUZEJ;718691.91;67;0.04
2025;38401467477;MUZEJ PRIGORJA;717951.04;65;0.04
2025;18493858124;HRVATSKI RUKOMENI SAVEZ;713659.89;3;0.04
2025;09951635001;OŠ RAPSKA;708733.53;106;0.04
2025;49811265576;TEHNIČKA ŠKOLA RUĐER BOŠKOVIĆ;707759.27;112;0.04
2025;73063070814;PEDOM ASFALTI D.O.O. ZA GRAĐEVINARSTVO I TRGOVINU;704338.35;6;0.04
2025;65319410688;SAVA - SPORT D.O.O. ZA TRGOVINU I USLUGE;699424.60;25;0.04
2025;87153754672;OŠ PANTOVČAK;698929.67;109;0.04
2025;91895220644;OŠ JABUKOVAC - ZAGREB;698250.79;112;0.04
2025;12595351308;MONTEL D.O.O.;693715.87;37;0.04
2025;55883379580;OŠ RUDEŠ;693397.42;126;0.04
2025;93376857458;GRAĐANSKI NOGOMETNI KLUB DINAMO;689300.00;2;0.04
2025;26713979601;OŠ MLADOST;687856.80;123;0.04
2025;35903326209;OŠ JULIJA KLOVIĆA;686900.00;94;0.04
2025;78539372462;OŠ IVANA GORANA KOVAČIĆA;681958.56;87;0.04
2025;39554538107;OŠ IZIDORA KRŠNJAVOGA;681776.06;106;0.04
2025;43965974818;HEP ELEKTRA DOO;681772.72;5661;0.04
2025;94402740800;RUKOMETNI KLUB ZAGREB;676200.00;2;0.04
2025;36118056137;DELTRON D.O.O. ZA TRGOVINU I USLUGE;675109.88;8;0.04
2025;76139667535;ELEZ DOO;672411.79;28;0.04
2025;74364571096;GRADSKA PLINARA ZAGREB - OPSKRBA D.O.O.;672209.59;3777;0.04
2025;61456000823;OŠ ZAPRUĐE;663797.98;98;0.04
2025;79939132551;MODIFIKACIJA ING DOO;660434.67;10;0.04
2025;76234985768;OŠ OTONA IVEKOVIĆA;660333.77;131;0.04
2025;37919840816;ŠKRINJICA D.O.O.;658433.50;8;0.04
2025;64546066176;NARODNE NOVINE  D.D.;658198.42;1238;0.04
2025;02082287342;OŠ NAD LIPOM;656056.59;141;0.04
2025;72166604204;PRIRODOSLOVNA ŠKOLA VLADIMIRA PRELOGA;652642.67;111;0.04
2025;58233020759;HRVATSKI HRVAČKI SAVEZ;650000.00;2;0.04
2025;62850482681;TEMPORIUM GRADNJA DOO;648941.38;10;0.04
2025;98039404134;OKI  MONT D.O.O.;646462.69;26;0.04
2025;05657566669;POLIKLINIKA ZAGREB;645985.62;12;0.04
2025;81287227818;POLIKLINIKA ZA REUM.BOLESTI, FIZIK. MED.I REH., DR.DRAGO ČOP;645058.34;117;0.04
2025;57791451773;CAMPUS INTERNATIONALIS  DOO;640798.64;2;0.03
2025;92430141987;DV ČIGRA;629734.19;23;0.03
2025;12387694545;HRVATSKI AKADEMSKI ODBOJAŠKI KLUB MLADOST;628000.00;2;0.03
2025;48737778965;TERMORAD DOO;627017.68;86;0.03
2025;59975062998;OŠ KSAVERA ŠANDORA GJALSKOG;625916.63;131;0.03
2025;16648329652;POLIKLINIKA ZA PREVENCIJU KARDIOVASKULARNIH BOLESTI I REHAB.;625037.92;81;0.03
2025;67871736571;DV BLAŽENA HOZANA;621627.90;23;0.03
2025;55191916939;KONČAR DIGITAL DOO;621164.58;19;0.03
2025;96107776452;ČAZMATRANS PROMET D.O.O.;621141.05;17;0.03
2025;50789580026;OŠ IVANA GUNDULIĆA;620657.24;147;0.03
2025;47019050170;CENTAR ZA PRUŽANJE USL. U ZAJEDNICI SAVJETOVALIŠTE LUKA RITZ;619880.00;13;0.03
2025;64192076379;USTANOVA ZA ZDRAVSTVENU NJEGU U KUĆI;616035.61;96;0.03
2025;50296913346;USTANOVA ZA SVEOBUHV. SKRB O PR. 1. GARD. BR. TIGROVI I JED.;615389.88;17;0.03
2025;13465678686;OŠ ODRA;614698.33;127;0.03
2025;90515285700;OŠ BOROVJE;610629.93;108;0.03
2025;04467652234;OŠ ANTUNA BRANKA ŠIMIĆA;609993.11;121;0.03
2025;59767287298;OŠ DOBRIŠE CESARIĆA;591278.22;114;0.03
2025;80497496808;DV LETEĆI MEDVJEDIĆI;590927.46;23;0.03
2025;76430833591;OŠ HORVATI;590647.42;132;0.03
2025;11536369823;OŠ DR. VINKA ŽGANCA;590054.46;113;0.03
2025;44408806616;VIBRO LIMES D.O.O.;590000.00;3;0.03
2025;97795935846;SUSTAV JAVNIH BICIKALA DOO ZA USLUGE;588913.53;4;0.03
2025;17631431320;VODOTEHNIKA  D.D.;588082.01;22;0.03
2025;06555189043;DV PANDA;579290.06;23;0.03
2025;97039950668;OŠ ŠESTINE;576978.70;126;0.03
2025;28877650160;OŠ TINA UJEVIĆA;573288.32;121;0.03
2025;86073451624;OŠ MARINA DRŽIĆA;571813.08;104;0.03
2025;01292735134;OŠ DAVORINA TRSTENJAKA;563890.09;106;0.03
2025;67024074106;OŠ BRAĆE RADIĆ;562623.56;129;0.03
2025;10068907077;R4 NEKRETNINE DOO;561235.90;34;0.03
2025;79421023865;SWARCO CROATIA DOO;559565.77;20;0.03
2025;80724491536;GET NEKRETNINE DOO;559537.00;1;0.03
2025;02907920674;CENTAR ZA KULTURU SESVETE;558074.66;73;0.03
2025;82578349629;V GIMNAZIJA;552500.90;95;0.03
2025;71120174296;GRADNJAPROJEKT-ZAGREB D.O.O.;551162.82;3;0.03
2025;30065892494;HAVK MLADOST;550000.00;2;0.03
2025;44858403060;OŠ AUGUSTA CESARCA;548845.62;141;0.03
2025;60316076304;FRIGOOPREMA D.O.O.;543205.51;4;0.03
2025;24154741411;AGRONOMSKA ŠKOLA ZAGREB;542851.06;116;0.03
2025;79826172348;DV PINGVIN;541494.78;23;0.03
2025;45001686598;SVEUČILIŠTE U ZAGREBU MEDICINSKI FAKULTET;541331.85;33;0.03
2025;23964796710;DV LIMAČ;538164.46;23;0.03
2025;23929404756;TEKTON CONSTRUCTION DOO;535920.39;6;0.03
2025;98407642834;OŠ SESVETSKA SOPNICA;535767.98;133;0.03
2025;74794965060;CENTAR ZA KULTURU NOVI ZAGREB;535450.38;58;0.03
2025;75232125990;DV JORDANOVAC;534366.80;23;0.03
2025;85828625994;FOND ZA ZAŠTITU OKOLIŠA I ENERGETSKU UČINKOVITOST;534190.49;1;0.03
2025;35839536339;DV DOBRI;532315.73;23;0.03
2025;01896750020;X GIMNAZIJA IVAN SUPEK;532034.18;111;0.03
2025;95728434073;KOŠARKAŠKI KLUB CIBONA;530000.00;2;0.03
2025;59587665075;DV LEPTIRIĆ LU;526601.72;23;0.03
2025;77886974479;INFOMARE DOO;526230.94;7;0.03
2025;46501469845;OŠ VLADIMIRA NAZORA;525748.03;107;0.03
2025;38449471041;I. TEHNIČKA ŠKOLA TESLA;525249.61;103;0.03
2025;83456348759;UGOSTITELJSKO TURISTIČKO UČILIŠTE;523321.36;109;0.03
2025;81725888904;POLIKLINIKA ZA ZAŠTITU DJECE GRADA ZAGREBA;522913.00;38;0.03
2025;85859103929;OŠ TRNJANSKA;522000.05;137;0.03
2025;61842387905;OŠ AUGUSTA HARAMBAŠIĆA;516496.86;124;0.03
2025;99716905839;ŠKOLA PRIMJENJENE UMJETNOSTI I DIZAJNA;512951.83;140;0.03
2025;96262119913;AUTO BENUSSI DOO;512252.92;17;0.03
2025;92559974262;SPEC. BOLNICA ZA ZAŠTITU DJECE S NEURORAZV. I MOT. SMETNJAMA;510453.48;145;0.03
2025;24843164721;UMJETNIČKI PAVILJON ZAGREB;506145.02;47;0.03
2025;28307286006;OŠ IVANJA REKA;505298.27;121;0.03
2025;98748037928;DV MALI ISTRAŽIVAČ;503376.13;23;0.03
2025;75965702679;OŠ ČUČERJE;501546.24;119;0.03
2025;39884669514;ŠKOLA ZA GRAFIKU DIZAJN I MEDIJSKU PRODUKCIJU;498040.91;112;0.03
2025;11943741285;OŠ DRAGUTINA KUŠLANA;497685.44;111;0.03
2025;23046541950;OŠ MIROSLAVA KRLEŽE;494244.69;127;0.03
2025;52098670500;BOLČEVIĆ GRADNJA D.O.O.;493997.41;12;0.03
2025;24290321185;GRADIMONT D.O.O.;492897.75;10;0.03
2025;70989676533;NEVING D.O.O.;491706.81;8;0.03
2025;76712040113;OŠ LJUBLJANICA;491635.76;98;0.03
2025;06530150163;OŠ JOSIPA JURJA STROSSMAYERA;486935.29;100;0.03
2025;52347109218;OŠ IVANA FILIPOVIĆA;481861.72;122;0.03
2025;38411868043;ELEKTROKEM D.O.O.;481376.67;24;0.03
2025;30285469659;INSTITUT ZA MEDICINSKA ISTRAŽIVANJA I MEDICINU RADA;472580.82;15;0.03
2025;59411273443;OŠ HRVATSKI LESKOVAC;471114.32;110;0.03
2025;77018181695;NEOS DOO;467500.00;6;0.03
2025;70718680584;TA GRAD D.O.O. ZA GRADITELJSTVO TRGOVINU I USLUGE;461245.17;7;0.03
2025;22254684890;TREĆA EKONOMSKA ŠKOLA;461008.75;115;0.03
2025;29788970628;CENTAR ZA KULTURU I OBRAZOVANJE SUSEDGRAD;460351.17;73;0.03
2025;60113438833;ATLETSKI KLUB DINAMO - ZRINJEVAC;457700.00;2;0.02
2025;00403762661;RUKOMETNI KLUB LOKOMOTIVA;457000.00;2;0.02
2025;13022141582;ŠKOLA ZA MEDICINSKE SESTRE VINOGRADSKA;456811.70;79;0.02
2025;90976015219;DV  KOŠNICA;455656.23;23;0.02
2025;43941485589;INDUSTRIJSKA STROJARSKA ŠKOLA;451542.00;116;0.02
2025;10511204199;OLD BRICK DOO;449451.41;7;0.02
2025;52427516025;CENTAR ZA LIKOVNI ODGOJ GRADA ZAGREBA;448184.19;65;0.02
2025;89462181048;EXPORTDRVO D.D.;439526.93;46;0.02
2025;43930583296;DV SVETE MALE TEREZIJE;436584.73;23;0.02
2025;83439900916;E. G. S. - ELEKTROGRADITELJSTVO D.O.O.;434545.30;14;0.02
2025;66687839353;SREDNJA ŠKOLA-CENTAR ZA ODGOJ I OBRAZOVANJE;434221.87;158;0.02
2025;93567138561;ŠKOLA DRVNE TEHNOLOGIJE I ŠUMARSTVA;431972.92;97;0.02
2025;56494929657;OŠ LOTRŠČAK;427327.08;40;0.02
2025;17480760019;PUČKO OTVORENO UČILIŠTE ZAGREB;426964.89;33;0.02
2025;49756748234;GEORAD D.O.O.;424523.92;16;0.02
2025;62226620908;KONZUM PLUS DOO;424431.23;244;0.02
2025;08120081759;DV BALTAZAR;417729.60;23;0.02
2025;73294314024;CENTAR ZA VOZILA HRVATSKE D.D.;417230.22;63;0.02
2025;52508873833;OTP BANKA HRVATSKA;415367.14;55;0.02
2025;39696562783;KLINIKA ZA PSIHIJATRIJU SVETI IVAN;411377.01;48;0.02
2025;79669409638;GLAZBENA ŠKOLA VATROSLAVA LISINSKOG;410745.92;74;0.02
2025;34428172652;OŠ FRANA KRSTE FRANKOPANA;409600.29;105;0.02
2025;94389034474;MORSKI LAV DOO;408400.40;6;0.02
2025;98824141990;DV FRFI;407494.35;23;0.02
2025;47515095633;KULTURA PROSTORA D.O.O.;403377.71;40;0.02
2025;89215234762;DV DOBRO DRVO;403095.17;21;0.02
2025;29048076579;OŠ GORNJE VRAPČE;401829.85;134;0.02
2025;76937815443;PROKLIMA-TIM D.O.O.;400558.13;2;0.02
2025;76774452265;XI GIMNAZIJA;398960.92;90;0.02
2025;24358183010;XV GIMNAZIJA;398866.76;83;0.02
2025;19164975676;HOTELIJERSKO TURISTIČKA ŠKOLA U ZAGREBU;396571.39;106;0.02
2025;56064164023;TRGOVAČKA ŠKOLA;392137.07;133;0.02
2025;54231441957;DV RIBICA;391053.89;23;0.02
2025;98396379894;DV SVETOG JOSIPA;389316.21;23;0.02
2025;19181278015;SODA ARHITEKTI DOO;387850.00;2;0.02
2025;63019353660;PREHRAMBENO TEHNOLOŠKA ŠKOLA;385195.10;109;0.02
2025;08846644074;DV MALENI TALENTI;381679.76;23;0.02
2025;85167032587;HRVATSKA GOSPODARSKA KOMORA;381165.00;1;0.02
2025;63422210966;ŠKOLA ZA CESTOVNI PROMET;379559.13;113;0.02
2025;22597784145;STUDENTSKI CENTAR U ZAGREBU;373656.37;39;0.02
2025;00444672753;DV VRAPČIĆ;372443.50;23;0.02
2025;16687620362;TGT ADRIATIK DOO;365452.05;3;0.02
2025;86710080759;ŠPANSKO CESTE DOO;364707.61;1;0.02
2025;57464039766;SEMAFOR D.O.O.;363634.54;13;0.02
2025;96726537623;ELEKTROTEHNIČKA ŠKOLA;359372.29;88;0.02
2025;84489930389;DV MONTESSORI;358125.98;23;0.02
2025;68776176875;UČENIČKI DOM NOVI ZAGREB;356630.29;47;0.02
2025;90264326923;TEHNIČKA ŠKOLA ZAGREB;356431.20;110;0.02
2025;29524210204;A 1 HRVATSKA DOO;356175.55;6;0.02
2025;25508126198;ELIPSA - S.Z. D.O.O PROJEKTIRANJE I TRŽIŠNE USLUGE;355117.62;30;0.02
2025;30743642985;SREDNJA ŠKOLA JELKOVEC;354216.86;93;0.02
2025;88954268310;DV VESELA KUĆICA;353530.68;23;0.02
2025;08044398886;ŠKOLA ZA MODU I DIZAJN;347361.73;91;0.02
2025;51881986457;PRVA EKONOMSKA ŠKOLA;346750.29;82;0.02
2025;24590198805;ZAGORJE GRADNJA D.O.O.;345197.48;1;0.02
2025;27621784474;DV KUĆICA;344181.41;24;0.02
2025;64266572916;OBRTNIČKA ŠKOLA ZA OSOBNE USLUGE;341584.54;99;0.02
2025;94810978461;INŽENJERSKI PROJEKTNI ZAVOD, DIONIČKO DRUŠTVO;341128.13;30;0.02
2025;75791595076;INFOMONT DOO ZA TRGOVINU I USLUGE;340616.13;3;0.02
2025;35502604947;DV SUNČEV  SJAJ NAZARET;335517.54;23;0.02
2025;38048486286;MAZARS CINOTTI CONSULTING DOO;333512.50;1;0.02
2025;85518420089;AUTO KLUB CRO DAKAR TEAM;330000.00;2;0.02
2025;29830060230;TIGRA ZA GRAĐEVINARSTVO I TRGOVINU D.O.O.;329338.46;2;0.02
2025;03437554125;DV MAČAK U ČIZMAMA;327396.87;23;0.02
2025;85817630867;ODVJETNIČKO DRUŠTVO MIHOČEVIĆ I BAJS;325169.90;68;0.02
2025;35917269505;DV SUNČEKO;324589.46;23;0.02
2025;73473510614;MUDRE GLAVICE DOO;322805.63;1;0.02
2025;44397455824;HIDROING DOO;321402.22;5;0.02
2025;95485292543;AUTOTURIST SAMOBOR D.O.O.;317254.55;11;0.02
2025;76711174886;MAKINJA DOO;310979.33;12;0.02
2025;69909107858;GIMNAZIJA SESVETE;310414.84;92;0.02
2025;36407819375;OBRTNIČKA I INDUSTRIJSKA GRADITELJSKA ŠKOLA;309552.87;93;0.02
2025;06637660960;ADRIA GRUPA D.O.O.;307756.70;50;0.02
2025;89594809853;GORNJOGRADSKA GIMNAZIJA;306080.12;99;0.02
2025;08936934524;ZDRAVSTVENO UČILIŠTE ZAGREB;304113.43;85;0.02
2025;52803322656;A R ING DOO;302863.37;6;0.02
2025;69613429051;NUGRAD D.O.O.;301747.78;12;0.02
2025;98460310812;DV SVETOG VINKA;301502.31;23;0.02
2025;56908453917;MOŽEMO POLITIČKA PLATFORMA;298713.54;6;0.02
2025;60398160789;SRČEKO PRIVATNI MONTESSORI DJEČJI VRTIĆ;291634.49;23;0.02
2025;71692128259;INSTITUT ZA RAZVOJ TRŽIŠTA RADA;290078.90;6;0.02
2025;59266417432;ŠPORTSKA GIMNAZIJA;289415.74;110;0.02
2025;20404548678;INDUCOM SISTEMI D.O.O. ZA TRGOVINU I USLUGE;289289.75;15;0.02
2025;48544291322;ELEKTROSTROJARSKA OBRTNIČKA ŠKOLA;289012.99;68;0.02
2025;14848609512;KLASIČNA GIMNAZIJA;279476.04;87;0.02
2025;36275587141;OŠ STJEPANA BENCEKOVIĆA;279290.81;116;0.02
2025;79152455639;GRADITELJSKA TEHNIČKA ŠKOLA;278282.54;71;0.02
2025;56094081215;ARBITAR D.O.O;275616.04;17;0.02
2025;61137936557;DV NEMO;273433.30;23;0.01
2025;75715390821;RETEL D.O.O.;271672.50;33;0.01
2025;44838895379;KAPITEL D.O.O.;270722.23;1;0.01
2025;97130235751;DV PIPI DUGA ČARAPA;266781.85;23;0.01
2025;15619072576;DV ZVONČICA;265914.70;23;0.01
2025;23948173055;GLAZBENA ŠKOLA PAVLA MARKOVCA;264955.61;77;0.01
2025;29543354042;ALU PLANET DOO;263924.94;2;0.01
2025;82396638218;DV SVEMIRKO;262936.76;23;0.01
2025;99681708224;AGRAM TIS D.O.O.;262017.52;38;0.01
2025;58766168603;KAMENARKA NEKRETNINE DOO;258809.52;12;0.01
2025;86937855002;KLINIKA ZA PSIHIJATRIJU VRAPČE;258664.20;16;0.01
2025;85462920934;DV KOKO;258397.29;23;0.01
2025;20985255037;GRADSKA PLINARA ZAGREB D.O.O.;258265.84;61;0.01
2025;32706039647;DV DIDI;257963.06;12;0.01
2025;10077695689;OGANJ D.O.O.;257007.41;18;0.01
2025;21900794567;ANTRA STORE DOO;256279.91;2;0.01
2025;77621027482;TEHNIČKA ŠKOLA ZA RAČUNALSTVO I MREŽNE DJELATNOSTI;255326.12;69;0.01
2025;23868927677;III GIMNAZIJA;254272.15;79;0.01
2025;05060579018;UČENIČKI DOM MARIJE JAMBRIŠAK;253662.15;66;0.01
2025;90604644832;KUSTOŠIJA GRAĐENJE D.O.O.;253374.71;2;0.01
2025;28163265527;SVEUČILIŠTE U ZAGREBU PRIRODOSLOVNO-MATEMATIČKI FAKULTET;252710.46;13;0.01
2025;69780757045;GIMNAZIJA LUCIJANA VRANJANINA;252267.21;75;0.01
2025;87541970646;SCUDERIA D.O.O.;252232.00;3;0.01
2025;20584558862;DV ČAROBNA ŠUMA;250731.44;34;0.01
2025;94266637361;ZAGREBAČKI ATLETSKI SAVEZ;250000.00;4;0.01
2025;94395426370;SMART SENSE DOO;249400.00;1;0.01
2025;74522063646;POGREBNA AGENCIJA POKOP D.O.O.;247616.89;38;0.01
2025;38967655335;ŠKOLSKA KNJIGA D.D.;246979.81;24;0.01
2025;12874101773;GEOTEHNIKA DOO;246948.06;3;0.01
2025;28712783384;RENCON D.O.O. ZA PROJEKTIRANJE I NADZOR U GRAĐEVINARSTVU;246756.44;15;0.01
2025;67952242107;IX GIMNAZIJA;244231.05;72;0.01
2025;57970181621;POLIKLINIKA MEDIKOL;243663.50;106;0.01
2025;51171189901;DV SVETOG FRANJE;243126.57;23;0.01
2025;19714226068;OŠ RUŽIČNJAK;243023.95;44;0.01
2025;00153516610;DV ČAROBNA KUĆICA;242898.00;23;0.01
2025;14506572540;LIBUSOFT CICOM D.O.O.;242796.25;30;0.01
2025;54257114231;VIJEĆE SRPSKE NACIONALNE MANJINE;238975.20;20;0.01
2025;88831481655;ŠTED INVEST DOO;238000.00;1;0.01
2025;74953134666;DV HARFA;236652.37;23;0.01
2025;12540942959;MALONOGOMETNI KLUB FUTSAL DINAMO;236000.00;2;0.01
2025;19629838079;UPRAVNA ŠKOLA ZAGREB;235003.75;96;0.01
2025;21229144792;GRADITELJSTVO PAVE VUKELIĆ D.O.O;234098.23;44;0.01
2025;92518824224;ŠKOLSKI SERVIS D.O.O.;233451.13;6;0.01
2025;49893852167;DV KREATIVNI DANI;232230.04;23;0.01
2025;60451213350;ZAGREBAČKA ZAJEDNICA TEHNIČKE KULTURE;231319.20;18;0.01
2025;86748053139;XII GIMNAZIJA;231113.39;90;0.01
2025;90083259367;DV MALI SVIJET;230507.68;23;0.01
2025;44145943931;DV CVJETNJAK;230041.20;23;0.01
2025;06497759145;UČENIČKI DOM HRVATSKI UČITELJSKI KONVIKT;228597.19;51;0.01
2025;68195665956;IN 2 D.O.O.INFORMACIJSKI INŽENJERING;228195.50;12;0.01
2025;14036333877;ADDIKO BANK D.D.;227101.63;59;0.01
2025;71690188016;EKONERG INSTITUT ZA ENERGETIKU I ZAŠTITU OKOLIŠA D.O.O.;224925.00;9;0.01
2025;32414769528;LJEVAONICA UMJETNINA ALU D.O.O.;224848.41;18;0.01
2025;02989447013;IMOGRAF DOO;223948.03;20;0.01
2025;58399348588;DRUGA EKONOMSKA ŠKOLA;222558.67;83;0.01
2025;87497677022;PROARH MATEKOVIĆ DOO;222352.49;18;0.01
2025;37014564778;DV MARIJA PETKOVIĆ;221128.56;23;0.01
2025;20392031242;GLAZBENO UČILIŠTE ELLY BAŠIĆ;220043.75;70;0.01
2025;85305939367;UMJETNIČKA ORGANIZACIJA ZAGREB FILM FESTIVAL;219812.50;10;0.01
2025;15804783376;DOMINO;217750.00;33;0.01
2025;26189340470;POLJO PROM DOO;217025.75;7;0.01
2025;36897616904;STROJARSKA TEHNIČKA ŠKOLA FRANA BOŠNJAKOVIĆA;216381.15;94;0.01
2025;62707927904;AUDIO VIDEO CONSULTING DOO;215867.50;18;0.01
2025;15991704958;PLAYBOX DOO;210000.00;2;0.01
2025;24771132599;IV GIMNAZIJA;209626.74;79;0.01
2025;04285607938;RAZVITAK CENTAR D.O.O.;205658.14;28;0.01
2025;42164809513;II GIMNAZIJA;205353.28;77;0.01
2025;97256733714;CENTAR ZA KULTURU HISTRIONSKI DOM;205008.55;19;0.01
2025;30649206553;SAVEZ HRVAČKIH ŠPORTOVA GRADA ZAGREBA;205000.00;4;0.01
2025;05448449641;HIDROELEKTRA ČIKARA DOO;204723.95;5;0.01
2025;23688186092;DV ACUTO;203257.28;23;0.01
2025;85068601099;LEO GRAD DOO;202538.32;7;0.01
2025;01500403553;GLAZBENA ŠKOLA BLAGOJA BERSE;202260.60;64;0.01
2025;79273112873;BMD D.O.O.;201301.46;1327;0.01
2025;54194651959;ŠKOLA ZA MEDICINSKE SESTRE VRAPČE ZAGREB;200006.29;93;0.01
2025;69521492758;AUTOPRIJEVOZ SMOLKOVIĆ DOO;199324.83;2;0.01
2025;40458377517;GEODETSKA  ŠKOLA;197752.44;70;0.01
2025;33260306505;PISMORAD D.D.;197383.46;24;0.01
2025;49939020917;DV ČAROBNI DVORAC;196041.94;23;0.01
2025;79766124714;INSTITUT IGH D.D. ZA ISTRAŽIVANJE I RAZVOJ U GRADITELJSTVU;195901.36;46;0.01
2025;56401841340;HRVATSKA GORSKA SLUŽBA SPAŠAVANJA STANICA ZAGREB;195000.00;12;0.01
2025;23029712876;ŠKOLA ZA MONTAŽU INSTALACIJA I METALNIH KONSTRUKCIJA;193136.62;90;0.01
2025;91194993418;VII GIMNAZIJA;191425.41;87;0.01
2025;15996784558;CON FORMO DOO;191169.05;2;0.01
2025;05994801707;PRVA KATOLIČKA OSNOVNA ŠKOLA U GRADU ZAGREBU;189993.07;41;0.01
2025;96928432593;UČENIČKI DOM TINA UJEVIĆA;189284.45;45;0.01
2025;76416954953;ZAGREBAČKI SOLISTI;189000.00;6;0.01
2025;24775315361;ODVJETNIČKO DRUŠTVO KREŠIMIR ŠKARICA I PARTNERI D.O.O.;188746.78;2;0.01
2025;89246742324;HRVATSKO DRUŠTVO LIKOVNIH UMJETNIKA;187000.00;15;0.01
2025;70482234704;PROMET I PROSTOR D.O.O.;186517.21;3;0.01
2025;78641299718;ZAPAD STAN DOO;186032.24;548;0.01
2025;44933468186;KONTEJNER BIRO SUVREMENE UMJETNIČKE PRAKSE;185800.00;16;0.01
2025;33737942604;KAPOV D.O.O.;185780.00;10;0.01
2025;85843181422;PRESEČKI GRUPA D.O.O.;185674.80;38;0.01
2025;69095062745;ŠKOLA ZA PRIMALJE;184494.91;111;0.01
2025;31204942993;UČENIČKI DOM FRANJE BUČARA;183065.46;51;0.01
2025;69297051363;DV ČAROBNI SVIJET;182875.81;23;0.01
2025;53353155732;PERUČA D.O.O.;182450.00;130;0.01
2025;44926257293;VIJEĆE BOŠNJAČKE NACIONALNE MANJINE;182099.08;20;0.01
2025;35484380586;MARINO-LUČKO D.O.O.;181846.83;301;0.01
2025;05774769538;TRINAS INŽENJERING DOO;180000.00;6;0.01
2025;29355825482;HRVATSKI FILMSKI SAVEZ;179500.00;21;0.01
2025;35479553908;VENDO PET DOO ZA TRGOVINU I USLUGE;178415.89;2;0.01
2025;56213063980;DV BRAT SUNCE;177650.97;23;0.01
2025;00595398836;HULAHOP D.O.O.;176500.00;6;0.01
2025;95093210687;MINISTARSTVO PROSTORNOG  UREĐ GRADITELJSTVA I DRŽ IMOVINE;175128.49;45;0.01
2025;71367203326;UDRUŽENJE ZA RAZVOJ KULTURE;174250.00;30;0.01
2025;66308266046;XVI GIMNAZIJA;173489.86;75;0.01
2025;56069275015;DV MAČAK PAŠKO;173421.58;23;0.01
2025;02183520215;RADIONICA ARHITEKTURE D.O.O.;172805.10;1;0.01
2025;10544913321;ŠKOLA ZA KLASIČNI BALET;172588.47;63;0.01
2025;09177957072;SEDRA CONSULTING D.O.O.;172327.77;56;0.01
2025;07790832005;DV CICA MACA;171781.06;23;0.01
2025;27946605963;CENTAR ZA PROMICANJE TOLERANCIJE I OČUVANJE SJ NA HOLOKAUST;170836.84;17;0.01
2025;93973093488;UČENIČKI DOM DORA PEJAČEVIĆ;169583.32;60;0.01
2025;51798668071;XIII GIMNAZIJA;168719.87;86;0.01
2025;68540752075;XVIII GIMNAZIJA;168030.08;78;0.01
2025;39851720584;INSAKO D.O.O.;167262.05;152;0.01
2025;21660899838;MULTIMEDIJALNI INSTITUT;167000.00;17;0.01
2025;10698571703;TEHNOMODELI DOO;166899.59;10;0.01
2025;61756839220;EKONERG KONZALTING DOO ZA DIGITALNE USLUGE;166700.00;5;0.01
2025;61600467614;GEOKON - ZAGREB D.D.;166387.11;24;0.01
2025;33695365562;ODVJETNIČKO DRUŠTVO MATIJEVIĆ JAKIRČEVIĆ I MALKOČ DOO;166062.49;1;0.01
2025;80804655206;HRVATSKO DRUŠTVO PISACA;165725.00;40;0.01
2025;99410889025;SANAC DOO ZA GRADITELJSTVO TRGOVINU I USLUGE;165555.08;5;0.01
2025;83264047143;PUGAR  D.O.O.;165360.19;10;0.01
2025;33143360337;BODROŽIĆ RALIŠ I PRIJATELJI DOO;164800.91;3;0.01
2025;89621078419;GRADNJAMONT DOO;164588.05;10;0.01
2025;22752946114;ING - PAL D.O.O.;164244.48;12;0.01
2025;11405440075;HRVATSKO ŠUMARSKO DRUŠTVO;164244.48;1;0.01
2025;67813285523;ID90 DOO ZA DEZINFEKCIJU, DEZINSEKCIJU, DERATIZACIJU...;164129.58;17;0.01
2025;38641136541;MICRO LINK DOO;163162.50;2;0.01
2025;56668956985;HRVATSKO DRUŠTVO SKLADATELJA;162637.80;14;0.01
2025;47794513055;BIRODOM D.O.O.;162329.02;38;0.01
2025;22902741182;UČENIČKI DOM MAKSIMIR;161953.78;53;0.01
2025;91979503335;ZAGREBAČKI SKIJAŠKI SAVEZ;161887.00;3;0.01
2025;95803232921;PROFIL KLETT D.O.O.;161517.91;26;0.01
2025;75261823939;MODEL EDUCA DOO;161145.69;3;0.01
2025;65690492826;GIMNAZIJA TITUŠA BREZOVAČKOG;160083.98;79;0.01
2025;44222163120;DV PIKULICA;157741.67;23;0.01
2025;55474899192;IPZ UNIPROJEKT TERRA D.O.O.;157730.00;7;0.01
2025;28921383001;HRVATSKE VODE;157558.11;27;0.01
2025;90134499793;OSNOVNA ŠKOLA DOMINIK SAVIO;156926.94;41;0.01
2025;81603361175;FACTUM;151500.00;4;0.01
2025;71840467417;SKUD IVAN GORAN KOVAČIĆ;149855.00;25;0.01
2025;78055843019;TEHMAR D.O.O. ZA PROIZVODNJU, UNUTARNJU I VANJSKU TRGOVINU;149831.30;24;0.01
2025;43118119983;STAMBENI ZG DOO;149226.60;422;0.01
2025;02633150087;MH PROJEKTIRANJE DOO ZA USLUGE;148425.00;25;0.01
2025;65550102767;KULTURTREGER UDRUGA ZA PROMICANJE KULTURE;147970.00;23;0.01
2025;23739786972;OSNOVNA GLAZBENA ŠKOLA IVANA ZAJCA;147798.97;53;0.01
2025;47560697455;PARON DOO;146574.25;23;0.01
2025;63689894666;VIJEĆE ALBANSKE NACIONALNE MANJINE;146520.71;20;0.01
2025;25627314080;GLOBALDIZAJN D.O.O.;145972.50;15;0.01
2025;59440939193;DV VESELA PANDICA;145497.91;23;0.01
2025;68915646131;GRB DOO;145286.42;2;0.01
2025;27759560625;INA INDUSTRIJA NAFTE D.D.;141935.02;35;0.01
2025;62567356530;DOM UČENIKA SREDNJIH ŠKOLA ANTUN GUSTAV MATOŠ;140300.91;51;0.01
2025;61292647913;UMJETNIČKA ORGANIZACIJA NOVO KAZALIŠTE;140000.00;2;0.01
2025;06056638153;DV ŠARENA LOPTICA;138419.01;23;0.01
2025;37671426914;POLIKLINIKA ZA BOLESTI DIŠNOG SUSTAVA;138380.82;61;0.01
2025;15976876305;DV ŽABAC;137758.04;23;0.01
2025;05088199813;INTER AGRAR MEHANIZACIJA DOO;137625.00;1;0.01
2025;54566509173;OSNOVNA GLAZBENA ŠKOLA ZLATKA GRGOŠEVIĆA;136830.04;53;0.01
2025;98899925613;CORE DOO;135681.60;11;0.01
2025;77581043464;KUPOLE - BOLJE OD ŠATORA D.O.O. ZA PROIZV. I TRGOVINU;135640.19;1;0.01
2025;68085752153;GLAZBENA ŠKOLA ZLATKA BALOKOVIĆA;135470.68;65;0.01
2025;82141480548;UDRUGA ŠTO KAKO I ZA KOGA;134550.00;13;0.01
2025;05954000808;IGEA  D.O.O.;133113.44;23;0.01
2025;37520681602;SPACE DOO;133094.95;4;0.01
2025;60057939266;ZAGREBAČKI ASTRONOMSKI SAVEZ;131875.68;13;0.01
2025;26130999654;ENERGOINSTAL DOO;131696.65;6;0.01
2025;53290192492;VESLAČKI SAVEZ ZAGREBA;131490.00;5;0.01
2025;96725652983;MEDIA DOO;131202.50;1;0.01
2025;04150008463;HRVATSKA DEMOKRATSKA ZAJEDNICA;130877.14;8;0.01
2025;76023745044;SVEUČILIŠTE U ZAGREBU AGRONOMSKI FAKULTET;130742.78;12;0.01
2025;83116512353;ĐAKOVIĆ MONTAŽA DOO;130428.60;3;0.01
2025;29880496238;DVOKUT - ECRO PROIZVODNJA I ISTRAŽIVANJE D.O.O.;130031.25;11;0.01
2025;67894852113;HRVATSKI JUDO SAVEZ;130000.00;2;0.01
2025;84249580637;BICIKLISTIČKI KLUB BIKE EVENT;130000.00;2;0.01
2025;55034160084;EKO - PLAN D.O.O.;129232.56;29;0.01
2025;07116190816;DV BAMBI;128482.17;44;0.01
2025;67236319316;UNIKOMERC AUTOMOBILI DOO;126247.78;3;0.01
2025;21741449778;BLOK LOKALNA BAZA ZA OSVJEŽAVANJE KULTURE;126168.19;13;0.01
2025;84526969754;EUROADRIA D.O.O.;126024.78;13;0.01
2025;68314794212;CENTAR ZA ODGOJ I OBRAZOVANJE GOLJAK;125830.53;78;0.01
2025;56845816039;VIJEĆE ROMSKE NACIONALNE MANJINE;125724.94;20;0.01
2025;03710921437;BUILDING DOO;125257.50;4;0.01
2025;37095667254;STUDIO ZA SUVREMENI PLES;125150.00;17;0.01
2025;56792211413;VETERINARSKA ŠKOLA;124497.26;71;0.01
2025;65917862963;UDRUGA RESTART;124410.00;25;0.01
2025;77106299286;OSNOVNA MONTESSORI ŠKOLA BARUNICE DEDEE VRANYCZANY;124127.32;28;0.01
2025;97894610362;DRAMSKI STUDIO SLIJEPIH I SLABOVIDNIH NOVI ŽIVOT;124050.00;13;0.01
2025;30457432092;HRVATSKA GLAZBENA MLADEŽ;123700.00;8;0.01
2025;31331246615;VIJEĆE ČEŠKE NACIONALNE MANJINE;123013.88;20;0.01
2025;57796976164;UČENIČKI DOM IVANA MAŽURANIĆA;122863.94;53;0.01
2025;13965292158;DIVERTO DOO;122687.50;6;0.01
2025;80330655819;UMJETNIČKA PLESNA ŠKOLA SILVIJE HERCIGONJE;122555.58;55;0.01
2025;90772018493;AUTONOMNI KULTURNI CENTAR;122000.00;25;0.01
2025;30757807547;PROMETIS;120875.00;10;0.01
2025;24370544445;VIJEĆE CRNOGORSKE NACIONALNE MANJINE;120739.36;20;0.01
2025;61494985197;NOBISCUM D.O.O. ZA GRADITELJSTVO I USLUGE;120148.29;66;0.01
2025;64146328841;TENISKI KLUB TOP SPIN;120000.00;2;0.01
2025;71767935067;HRVATSKA OBRTNIČKA KOMORA - OBRTNIČKA KOMORA ZAGREB;120000.00;1;0.01
2025;36146231053;VIJEĆE MAKEDONSKE NACIONALNE MANJINE;119737.32;21;0.01
2025;84193976847;BIJELI VAL;119500.00;19;0.01
2025;44816778493;MI STAR DOO;118800.00;1;0.01
2025;65883053647;UČENIČKI DOM ANTE BRUNE BUŠIĆA;118781.91;55;0.01
2025;81530401884;LIND GRAD D.O.O.;118670.00;456;0.01
2025;31792033223;SAVEZ INOVATORA ZAGREBA;117454.28;19;0.01
2025;55377057545;ZAG VET DOO;117208.84;14;0.01
2025;82157223509;VIJEĆE SLOVENSKE NACIONALNE MANJINE;116951.23;20;0.01
2025;85347478604;TRASA ADRIA DOO ZA USLUGE;116413.41;77;0.01
2025;25904655993;AUTONOMNA ŽENSKA KUĆA ZAGREB-ŽENE PROTIV NASILJA NAD ŽENAMA;115200.00;3;0.01
2025;30532290707;ALARM AUTOMATIKA ZAŠTITNI, MULTIMED. I KOM. SUSTAVI D.O.O.;114181.80;4;0.01
2025;30094396634;PROMPT PROJEKTIRANJE D.O.O. ZA USLUGE PROJEKTIRANJA;112715.58;63;0.01
2025;37946763892;VIJEĆE MAĐARSKE NACIONALNE MANJINE;112711.08;20;0.01
2025;92102489713;TEATAR EXIT UMJETNIČKA ORGANIZACIJA;112400.00;10;0.01
2025;53702792469;DV VITICA;112268.46;17;0.01
2025;10519789204;CIRKORAMA - UDRUGA ZA PROM. KUL. I UMJ. U SVAKODNEVOM ŽIVOTU;111710.00;21;0.01
2025;84214771175;ERICSSON NIKOLA TESLA DD;111363.75;2;0.01
2025;63361546752;ŽENSKA OPĆA GIMNAZIJA DRUŽBE SESTARA MILOSRDNICA;110865.06;50;0.01
2025;49145205842;3MI  LAB DOO;110821.06;18;0.01
2025;99526399105;VEDRA INŽENJERING D.O.O.;110266.19;38;0.01
2025;81000099000;UMJETNIČKA ORGANIZACIJA GLUMAČKA DRUŽINA HISTRION;110000.00;14;0.01
2025;98999514351;KOORDINACIJA VIJEĆA I PREDSTAVNIKA NAC.MANJINA GRADA ZAGREBA;108702.90;21;0.01
2025;34106997956;GRAĐEVINARSTVO SUHALJ DOO ZA GRAĐEVINARSTVO I USLUGE;108395.84;4;0.01
2025;77833801009;DV MALA KUĆA;108035.51;23;0.01
2025;17491977848;ELEKTROCENTAR PETEK D.O.O.;107462.92;4;0.01
2025;58633897145;CARITAS ZAGREBAČKE NADBISKUPIJE;105413.36;7;0.01
2025;85987734468;SANITACIJA D.O.O.;105101.95;7;0.01
2025;31865324772;DJECA SUSREĆU UMJETNOST;105000.00;10;0.01
2025;36026070644;DV SVETA ANĐELA MERICI;104907.25;23;0.01
2025;76508719897;BLUE MOUNTAIN DOO;104855.92;13;0.01
2025;81881137964;GEO - RAD D.O.O. ZA GEODETSKE USLUGE;104683.34;29;0.01
2025;45155207079;LOVAČKI SAVEZ GRADA ZAGREBA;104527.12;9;0.01
2025;97586475497;ABSOLUTE D.O.O.;104293.83;73;0.01
2025;98788918659;MOJO RENTAL SOUTHEAST EUROPE DOO;103727.38;1;0.01
2025;91425492678;ZAGREBAČKI RAČUNALNI SAVEZ CENTAR MLADIH PROGR HR;102177.04;14;0.01
2025;26131447134;ZAGREBAČKI ZRAKOPLOVNO TEHNIČKI SAVEZ RUDOLFA PEREŠINA;101764.40;14;0.01
2025;22494487542;ZAGREBAČKI PLESNI ANSAMBL;100100.00;15;0.01
2025;69713516544;HRVATSKO DIZAJNERSKO DRUŠTVO;100026.25;16;0.01
2025;46915266971;TENISKI KLUB MEDVEŠČAK;100000.00;2;0.01
2025;16526802381;UMJETNIČKA ORGANIZACIJA RADIO TEATAR BAJSIĆ I PRIJATELJI;99100.00;16;0.01
2025;49217286584;ARIES DOO;95300.00;2;0.01
2025;21782292807;GEORAD-STOLARIJA D.O.O. ZA PROIZVODNJU GRAĐEVINSKE STOLARIJE;94745.00;2;0.01
2025;05364995085;GRA - PO D.O.O. ZA TRGOVINU I USLUGE;94687.50;1;0.01
2025;38867321879;ZEM NADZOR D.O.O.;94364.34;26;0.01
2025;29582160591;TEATAR POCO LOCO;93950.00;23;0.01
2025;56831241098;SPERANZA D.O.O.;93869.25;100;0.01
2025;70594891186;NADBISKUPIJA ZAGREB. RKT. ŽUPA SV. ANTUNA PADOVANSKOG;93750.00;2;0.01
2025;56710177871;HVAR D.O.O.;93432.67;2;0.01
2025;28158057823;SUBMAP D.O.O. ZA PROJEKTIRANJE I SAVJETOVANJE;93400.00;9;0.01
2025;36523652967;DV ČUPKO;93226.83;23;0.01
2025;88059473763;ŠKOLA SUVREMENOG PLESA ANE MALETIĆ;92886.00;73;0.01
2025;90735878191;EUROKAZ;92840.00;9;0.01
2025;07189160632;ALFA D.D. ZA IZDAVAČKE, GRAFIČKE I TRGOVAČKE POSLOVE;92107.48;11;0.01
2025;56623222633;BRIDGE AND ANCHOR DOO;91900.00;1;0.01
2025;25657852436;KOŠARKAŠKI KLUB TREŠNJEVKA 2009.;91000.00;2;0.00
2025;38971074887;DV MUDRE GLAVICE;90819.48;15;0.00
2025;13582015490;UPRAVITELJ GRADNJA D.O.O.;90705.85;729;0.00
2025;61883395124;BRAMINI D.O.O. INŽENJERING PROJEKTIRANJE ZASTUPANJE;90400.00;20;0.00
2025;70516740360;OSNOVNA GLAZBENA ŠKOLA RUDOLFA MATZA;90029.28;55;0.00
2025;41020334831;ZAGREBAČKI TAEKWONDO SAVEZ;89700.40;4;0.00
2025;96153048099;M PLAN DOO;89454.99;4;0.00
2025;54730193110;UPRAVITELJ STAN DOO;88785.43;221;0.00
2025;85066981659;STOLNOTENISKI SAVEZ;88635.00;5;0.00
2025;58067086966;MBS GRADNJA DOO;88224.48;2;0.00
2025;02891598840;HRVATSKI BAROKNI ANSAMBL;88000.00;5;0.00
2025;84566292432;LED ELEKTRONIKA DOO;87944.94;1;0.00
2025;68563760676;YAMMAT D.O.O. ZA USLUGE;87900.00;1;0.00
2025;14201148621;ZAGREBAČKI FOTO KINO SAVEZ;87746.40;12;0.00
2025;99291112037;25 FPS UDRUGA ZA AUDIO VIZUALNA ISTRAŽIVANJA;87000.00;9;0.00
2025;68178969783;ODVJETNIČKO DRUŠTVO ŠKURLA DURMIŠ I SPAJIĆ DOO;85787.50;4;0.00
2025;67042118681;VANGELIS DOO;85300.00;57;0.00
2025;37240093113;LEVITAS DOO ZA TRGOVINU I PROIZVODNJU;85193.01;6;0.00
2025;78320035320;PAROLA TRANS DOO;85017.29;33;0.00
2025;35048997850;HRVATSKI INSTITUT ZA POKRET I PLES;85000.00;7;0.00
2025;01669597821;RC PROING DOO;84500.00;2;0.00
2025;23141220773;INTERKONZALTING D.O.O.;84000.00;12;0.00
2025;52683063746;OŠ VELIKA MLAKA;83901.00;5;0.00
2025;73497369534;TOI TOI D.O.O.;83360.81;120;0.00
2025;30829497972;PLESNI CENTAR TALA;83000.00;7;0.00
2025;92877953493;LJEČILIŠTE TOPUSKO;82948.00;33;0.00
2025;58093202066;DLG NOVE TEHNOLOGIJE DOO;82327.62;6;0.00
2025;37811664798;SAVICA GRADNJA DOO;81651.48;2;0.00
2025;88335054293;INTEGRIRANI PROMET ZAGREBAČKOG PODRUČJA D.O.O.;81395.00;4;0.00
2025;52850905017;NADBISKUPSKA KLASIČNA GIMNAZIJA;81006.24;36;0.00
2025;70133616033;TELEMACH HRVATSKA DOO;80830.58;153;0.00
2025;15091666738;DV OBZORI;80797.73;23;0.00
2025;67060688663;PROCESNA INTELIGENCIJA  D.O.O.;80460.00;3;0.00
2025;58421021869;EURO ROSA IP DOO;80053.98;22;0.00
2025;14097940897;HRVATSKI STOLNOTENISKI SAVEZ;80000.00;2;0.00
2025;61427233201;REGOČ DOO;78559.70;1;0.00
2025;01717189665;UMJETNIČKA ORGANIZACIJA GRUPA KUGLA;77750.00;15;0.00
2025;81460524884;ZAGREBAČKI PARASPORTSKI SAVEZ;77712.95;3;0.00
2025;03334333643;K INDEX DOO;77396.24;235;0.00
2025;18216105743;PROJEKTNI BIRO NAGLIĆ D.O.O.;77205.70;45;0.00
2025;04123051557;OWENS HOUŠKA I PARTNERI ODVJETNIČKO DRUŠTVO DOO;76799.68;61;0.00
2025;36444182418;ATMOSFERA DOO;76773.80;6;0.00
2025;04971949268;ŽENSKI AKADEMSKI VATERPOLSKI KLUB MLADOST;76500.00;2;0.00
2025;54896636454;GRADITELJ JULIUS DOO;76269.40;1;0.00
2025;37471824981;UDRUGA BLANK;75846.20;24;0.00
2025;05987458732;POP PROM DOO;75735.95;4;0.00
2025;47517534341;EXTURBO D.O.O.;74869.41;38;0.00
2025;47536670280;DV MIRJAM WEILLER;74464.24;23;0.00
2025;19407280555;OVERSEAS TRADE CO.LTD. D.O.O.;73500.00;1;0.00
2025;18225653081;PARATUS PRIMUS DOO;72691.24;6;0.00
2025;77037521421;TEHINSPEKT D.O.O.;72646.57;5;0.00
2025;84963670423;K - ZONA PROSTOR RODNE I MEDIJSKE KULTURE;72510.00;12;0.00
2025;90441473502;EUROPAN HRVATSKA;72000.00;3;0.00
2025;85106651596;MET CROATIA ENERGY TRADE;71740.85;51;0.00
2025;07853602203;FORUM ZA SLOBODU ODGOJA;71700.00;6;0.00
2025;01152649489;UDRUŽENJE HRVATSKIH ARHITEKATA;71000.00;9;0.00
2025;14928074436;DRUŠTVO HRVATSKIH KNJIŽEVNIKA;70400.00;10;0.00
2025;77808965838;TOMISLAV VITKOVIĆ D.O.O.;69336.94;188;0.00
2025;61989185242;HRVATSKA AKADEMIJA ZNANOSTI I UMJETNOSTI;69300.00;12;0.00
2025;50205057740;STUDIO ZA ARHITEKTURU DOO ZA ARHITEKTURU I GRADITELJSTVO;69200.00;1;0.00
2025;33733702301;UMJETNIČKA ORGANIZACIJA TRIKO CIRKUS TEATAR;69150.00;14;0.00
2025;00721493603;SAEPTUM DOO;68730.00;5;0.00
2025;33136580055;CENTAR ZA DRAMSKU UMJETNOST;68590.00;20;0.00
2025;45754112160;ZAGREBAČKI ŠPORTSKI SAVEZ GLUHIH;68000.00;2;0.00
2025;87983659027;UMJETNIČKA ORGANIZACIJA TEATAR TIRENA;67950.00;11;0.00
2025;37744271801;KURZIV - PLATFORMA ZA PITANJA KULTURE, MEDIJA I DRUŠTVA;67800.00;10;0.00
2025;64509160041;DV PALČIĆ;67758.90;23;0.00
2025;32142719262;CENTAR ZA ŽENSKE STUDIJE;67500.00;11;0.00
2025;87490332083;DRUŠTVO ARHITEKATA  ZAGREBA;67247.10;9;0.00
2025;85821130368;FINA;67178.55;241;0.00
2025;75454185661;OPĆINA BISTRA;67159.85;5;0.00
2025;42280412184;UDRUGA BACAČI SJENKI;66500.00;13;0.00
2025;02954231309;HRVATSKA ZAJEDNICA ŽUPANIJA;66361.40;2;0.00
2025;65845322221;VIZIBIT DOO;66250.00;1;0.00
2025;13759281212;PGT ŠKUNCA D.O.O.;66249.34;38;0.00
2025;79893058381;MATICA HRVATSKA;66200.00;13;0.00
2025;17497489416;SPP DOO;66146.00;1;0.00
2025;42421479444;MARIJA SELAK RASPUDIĆ NEZAVISNA LISTA;66103.90;5;0.00
2025;28111148974;PROMETNICE ZAGREB;66003.73;14;0.00
2025;32133934323;ŽENSKI NOGOMETNI KLUB AGRAM;66000.00;2;0.00
2025;33215002801;ULUPUH;65800.00;3;0.00
2025;27579710805;TEDING D.O.O.;65558.70;1;0.00
2025;59928780182;MULTISOFT D.O.O;65500.00;4;0.00
2025;24690129373;METUS DOO;64687.50;3;0.00
2025;31415900819;RADIONICA ARHITEKTURE FRANIĆ DOO;64000.00;2;0.00
2025;52233171260;AUTOMEHANIKA D.D.;63893.00;25;0.00
2025;55345087244;JURCON PROJEKT D.O.O.;63769.90;8;0.00
2025;99534693762;SVEUČILIŠTE U ZAGREBU RUDARSKO-GEOLOŠKO-NAFTNI FAKULTET;63750.00;2;0.00
2025;86127487429;SUBNECTO D.O.O.;63575.00;15;0.00
2025;63075963195;CITARA DOO;63100.00;12;0.00
2025;12970416959;INVESTIGO D.O.O.;62819.19;1;0.00
2025;10379310214;OTVORENA TELEVIZIJA ZAGREB D.D.;62548.90;1;0.00
2025;41417657157;OPERACIJA GRAD;62000.00;9;0.00
2025;45665314032;KATALPA PRODUKCIJA JDOO ZA USLUGE;61513.63;2;0.00
2025;86639105205;LUCART USLUGE JDOO;60834.69;4;0.00
2025;24702201334;UMJETNIČKA ORGANIZACIJA TEATAR POEZIJE;60200.00;6;0.00
2025;80364394364;NAKLADA LJEVAK D.O.O.;60059.09;47;0.00
2025;91862828797;AUTO KLUB DELTA;60000.00;2;0.00
2025;58768156055;PRIJATELJ GRADNJA DOO ZA USLUGE I TRGOVINU;59836.46;2;0.00
2025;66035413157;KREATIVNI KRAJOBRAZI DOO;59300.00;3;0.00
2025;43340124580;SUPRA NET D.O.O. ZA TRGOVINU I INFORMATIČKE DJELATNOSTI;59181.71;2;0.00
2025;64248857700;DOMEL DOO;59008.45;1;0.00
2025;10821387499;UMJETNIČKA ORGANIZACIJA 21:21;59000.00;10;0.00
2025;12957540186;UMJETNIČKA ORGANIZACIJA OBJEKT PLESA;58950.00;13;0.00
2025;30176496729;GRAND AUTO DOO;58752.89;1;0.00
2025;30522286914;UDRUGA ZA PROMICANJE STVARALAŠTVA I JEDN MOGUĆ ALTERNATOR;58550.00;4;0.00
2025;52783076996;MLASING DOO;58411.84;44;0.00
2025;88238407622;CETINA DIZALA DOO;58020.00;1;0.00
2025;24611744274;AQUATERM DOO;57859.48;1;0.00
2025;75926310092;CAPITAL ING D.O.O.;57760.00;24;0.00
2025;21246000051;PARTNER ELEKTRIC D.O.O.;57479.96;8;0.00
2025;59841066496;ADA MAR DOO;57278.19;4;0.00
2025;25623466485;GEOPROJEKT D.D. ZA GOEDTESKE POSL.GRAĐ.PROJEKT. I NADZOR;57235.00;2;0.00
2025;07770380976;ZAGREBAČKI KVARTET;57000.00;5;0.00
2025;44420360728;DV MALI KAJ;56831.48;34;0.00
2025;24702975835;DOM NADE UDRUGA ZA PODRŠKU BESKUĆN I OST SOC UGROŽ SKUPINAMA;56800.00;3;0.00
2025;86000717278;HRVATSKO DRUŠTVO GLAZBENIH UMJETNIKA;56500.00;11;0.00
2025;12000190551;UDRUGA VESTIGIUM;56090.00;11;0.00
2025;78904416556;INVESTINŽENJERING D.O.O. ZA PROJEKTIRANJE,GRAĐ. I NADZOR;56070.00;11;0.00
2025;61647196354;ATELIERI ŽITNJAK;55800.00;11;0.00
2025;19841995263;SIGET DIZALA D.O.O.;55407.44;2;0.00
2025;43944055293;ING4STUDIO DOO;55000.00;1;0.00
2025;76945423688;CELERITAS USLUGE JDOO;54906.76;4;0.00
2025;29580000267;OŠ LAUDER  HUGO KON S PRAVOM JAVNOSTI;54900.41;48;0.00
2025;33487743969;PROING D.O.O.;54890.00;3;0.00
2025;87431717711;UMJETNIČKA ORGANIZACIJA FILM - PROTUFILM;54700.00;10;0.00
2025;31826778222;CENTAR ZA KAZALIŠTE POTLAČENIH POKAZ;54530.00;12;0.00
2025;31922838619;BARES DOO;54219.18;2;0.00
2025;14590133971;HRVATSKI CENTAR INTERNACIONALNOG TEATARSKOG INSTITUTA;54100.00;20;0.00
2025;51744209467;CALLIDUS USTANOVA ZA OBRAZOVANJE ODRASLIH;54075.00;2;0.00
2025;99537953083;HYSTERIA DOO;54022.75;8;0.00
2025;70273797250;DOMUS GRUPA DOO ZA POSLOVNE USLUGE;53694.94;4;0.00
2025;91071817708;MAXMAR GRUPA DOO;53405.79;3;0.00
2025;30716520726;AUTOKLUB SIGET;53235.00;24;0.00
2025;02010978731;SOCIJALDEMOKRATSKA PARTIJA HRVATSKE;53100.02;4;0.00
2025;64500625635;BIM PROJEKT DOO;53000.00;10;0.00
2025;43511228502;NAFTALAN SPEC.BOLNICA ZA MED.REHABILITACIJU IVANIĆ GRAD;52920.00;21;0.00
2025;36022528125;SPEKTAR GRADNJA D.O.O.;52804.74;1;0.00
2025;27512198316;PLAN PLUS D.O.O.;52773.86;10;0.00
2025;31134262074;FAVORY DOO ZA USLUGE I TURISTIČKA AGENCIJA;52698.00;21;0.00
2025;54082733015;GENERATOR MULTIDISCIPLINARNIH KOPRODUKCIJA;52550.00;19;0.00
2025;68119083236;TPZ DOO;52509.62;1;0.00
2025;92350127540;KINO KLUB ZAGREB;52400.00;13;0.00
2025;34463635930;UDRUGA HRVATSKIH BRANITELJA LIJEČENIH OD PTSP POREMEĆAJA;52218.00;13;0.00
2025;88960810798;MDK GRAĐEVINAR DOO;52027.34;1;0.00
2025;89465265383;FRAKTURA D.O.O. ZA NAKLADNIŠTVO I USLUGE;52000.00;8;0.00
2025;84985028632;ZAGREBAČKI GIMNASTIČKI SAVEZ;52000.00;2;0.00
2025;20002192021;PRIVATNA KLASIČNA OSNOVNA ŠKOLA S PRAVOM JAVNOSTI;51909.71;19;0.00
2025;54656708838;ODRAZ - ODRŽIVI RAZVOJ ZAJEDNICE;51900.00;3;0.00
2025;85272447703;KAZALIŠTE MALA SCENA;51800.00;10;0.00
2025;63496160999;ZAGREBAČKI AUTOMODELARSKI SAVEZ;51739.20;14;0.00
2025;34967762426;SVEUČILIŠTE U ZAGREBU EDUKACIJSKO-REHABILITACIJSKI FAKULTET;51720.00;4;0.00
2025;60165462665;GRUDOM DOO;51616.90;1;0.00
2025;40770493974;GE EL PROING DOO;51551.04;7;0.00
2025;42061107444;SVEUČILIŠTE U ZAGREBU ARHITEKTONSKI FAKULTET;51124.00;18;0.00
2025;65289262084;HRVATSKI P.E.N. CENTAR UDRUGA PISACA PREVODILACA I PUBLICIST;51000.00;10;0.00
2025;48197173493;ELEKTROPROJEKT DD;51000.00;2;0.00
2025;39982939568;CESTODOM DOO;50938.75;4;0.00
2025;62737904112;ARHITEKTURA BOLANČA DOO;50918.36;22;0.00
2025;82181984047;REGALERIJA DOO;50867.55;1;0.00
2025;77583789735;TRINDUS EKSPERT DOO;50531.28;183;0.00
2025;61839748667;NOTUS IT DOO;50526.66;13;0.00
2025;44618061908;DIVERT INKLUZIVNI PLESNI KOLEKTIV;50200.00;11;0.00
2025;93691731093;ZAKLADA ČUJEM, VJERUJEM, VIDIM;50200.00;4;0.00
2025;86768378957;FHR D.O.O.;50000.00;3;0.00
2025;57675698526;UDRUŽENJE OBRTNIKA GRADA ZAGREBA;50000.00;1;0.00
2025;79414426924;HRVATSKI BOKSAČKI SAVEZ;50000.00;2;0.00
2025;27157012635;FRAGARIA DOO ZA PROIZVODNJU I PRERADI VOĆA I POVRĆA;50000.00;1;0.00
2025;85641052042;HRVATSKI KLIZAČKI SAVEZ;50000.00;2;0.00
2025;35134680162;DV POTOČIĆ;49935.57;13;0.00
2025;34963795933;M V M ZVON DOO;49459.08;36;0.00
2025;41087785736;ZAGREBAČKI SAVEZ TEHNIČKIH DJELATNOSTI NA VODI;49317.64;12;0.00
2025;60424552301;PLANETARIS D.O.O;49103.25;9;0.00
2025;15713274984;STUDIO PANGOLIN;49050.00;26;0.00
2025;27355904472;ODVJETNIČKO DRUŠTVO MAĐARIĆ & LUI;49046.57;36;0.00
2025;25414985167;UDRUGA PET PLUS;48900.00;2;0.00
2025;55347561606;NJIRIĆ PLUS ARHITEKTI D.O.O.;48884.48;17;0.00
2025;17372105601;KREATIVNA MREŽA;48600.00;13;0.00
2025;39777918920;MEPA STAN DOO;48049.39;83;0.00
2025;42547882422;STAMBENI SERVIS - POSLOVNI CENTAR D.O.O.;47699.16;164;0.00
2025;19240285746;ARHINGTRADE D.O.O.;47423.30;16;0.00
2025;66037779887;UPI - 2M D.O.O. ZA PROJEKTIRANJE, TRGOVINU I USLUGE;47382.19;2;0.00
2025;12448394088;ODVJETNIČKO DRUŠTVO KUTLEŠA I ŽAKULA JTD;47374.86;125;0.00
2025;87280494141;UDRUGA ZA INTERDISCIPLINARNA I INTERKULTURALNA ISTRAŽIVANJA;47100.00;11;0.00
2025;86709918716;ODVJETNIČKO DRUŠTVO KALLAY I PARTNERI DOO;47043.39;135;0.00
2025;88615915161;KAJAKAŠKI SAVEZ ZAGREBA;47000.00;2;0.00
2025;01013177444;UMJETNIČKA ORGANIZACIJA KAZALIŠTE MORUZGVA;47000.00;7;0.00
2025;29212890252;GEOEKSPERT D.O.O.;46798.00;5;0.00
2025;38890689962;BALLON OBRT ZA ČUVANJE DJECE VL KRISTINA LEGIN;46509.98;12;0.00
2025;92751331860;ZAGREBAČKI PLIVAČKI SAVEZ;46000.00;2;0.00
2025;32532374809;IDF ODRŽAVANJE DOO;45999.15;59;0.00
2025;64453957424;BAOTIĆ D.D.;45883.00;23;0.00
2025;71959900435;VJEŠTAK BAN DOO;45656.98;19;0.00
2025;53916061811;HRVATSKA MREŽA ZA BESKUĆNIKE;45500.00;2;0.00
2025;10061338895;DRUŠTVO HRVATSKIH KNJIŽEVNIH PREVODILACA;45500.00;6;0.00
2025;03785720358;AUTOCENTAR AGRAM DD;45391.00;24;0.00
2025;89984971143;LOST D.O.O.;45233.73;1;0.00
2025;82238395536;AG PLANUM DOO ZA GRAĐENJE PROJEKT I NADZOR NAD GRAĐ;45090.00;5;0.00
2025;73523167917;MANDIGO GRAD DOO ZA GRAĐENJE;45075.00;5;0.00
2025;16529207670;TEKSTILPROMET D.D.;45000.00;1;0.00
2025;92486618284;ZAGREBAČKI AKADEMSKI SPORTSKI SAVEZ;45000.00;2;0.00
2025;27876338953;UDRUGA ZA NEZAVISNU MEDIJSKU KULTURU;44950.00;6;0.00
2025;14026813657;BETONICA DOO;44731.09;6;0.00
2025;34672089688;PRESSCUT D.O.O.;44417.56;12;0.00
2025;00513519279;SIGNALGRAD D.O.O.;44363.76;8;0.00
2025;67192095003;AUDIO STORE TRANSONICA JDOO;44300.00;6;0.00
2025;34456781211;ZAGREBAČKI RADIOAMATERSKI SAVEZ;44140.76;14;0.00
2025;08644280117;BRLIĆ D.O.O.;44112.69;75;0.00
2025;01254445043;DIMNJAČARSKA OBRTNIČKA ZADRUGA;44060.74;225;0.00
2025;79817586565;ORGANIZACIJA ZA PLANIRANJE I ARHITEKTURU D.O.O.;43927.33;3;0.00
2025;79526992554;UMJETNIČKA ORGANIZACIJA PUNCTUM;43500.00;9;0.00
2025;71309264402;DE FACTO KAZALIŠNA GRUPA;43420.00;9;0.00
2025;80926707416;UDRUGA ZA RAZVOJ MEDIJSKE I GRAĐ KULTURE RADIO STUDENT;43371.20;7;0.00
2025;11657560751;TEHNO ELEKTRO DOO;43291.25;2;0.00
2025;52201457254;URBANE TEHNIKE D.O.O.;43250.00;2;0.00
2025;86541007665;LUTKARSKA ORGANIZACIJA KOJU FAKAT TREBAMO;43250.00;13;0.00
2025;92276133102;VEČERNJI LIST NOVINSKO NAKLADNIČKO D.O.O.;43051.51;7;0.00
2025;44251478653;ZAGREBAČKI JUDO SAVEZ;43000.00;2;0.00
2025;80888915470;ZAGREB PRIDE;42979.53;6;0.00
2025;98095915259;IVNE GRAĐEVINA D.O.O.;42965.88;28;0.00
2025;45026196523;HRVATSKI POSLOVNI CENTAR-STAMBENO POS. GOSPOD. D.O.O.;42952.45;245;0.00
2025;46314418222;UDRUGA CRTANI ROMANI ŠOU;42841.44;10;0.00
2025;63913169041;NOVA VES PROJEKT DOO;42129.06;1;0.00
2025;22822699415;ODVJETNIČKO DRUŠTVO METELKO KNEŽEVIĆ I PARTNERI DOO;42089.36;66;0.00
2025;12933687795;AUTO - REMETINEC D.D.;42056.00;24;0.00
2025;23941254478;UMJETNIČKA ORGANIZACIJA OAZA;42010.00;17;0.00
2025;09506893120;ZAGREBAČKI KARATE SAVEZ;42000.00;2;0.00
2025;93157965255;FORMA DOO;41716.25;1;0.00
2025;15425371026;FOLKLORNI ANSAMBL ZAGREB-MARKOVAC;41685.00;4;0.00
2025;37388188772;TRGOVAČKI SUD U ZAGREBU;41684.07;20;0.00
2025;02217925295;UDRUGA IGRA;41531.91;4;0.00
2025;46448657157;ZAGREBAČKI FOLKLORNI ANSAMBL DR. IVANA IVANČANA;41500.00;6;0.00
2025;53663436790;TRSTENIK-ELEKTRONIKA D.O.O.;41497.91;5;0.00
2025;89610149986;TEMEX D.O.O.;41478.81;6;0.00
2025;33665211672;BORNFIGHT STUDIO D.O.O.;41093.75;7;0.00
2025;29878213790;ZAGREBAČKI BOKSAČKI SAVEZ;41000.00;2;0.00
2025;17834732750;KULTURNI KLUB;41000.00;11;0.00
2025;76669487635;GEOPROJEKT D.D.;40841.15;3;0.00
2025;68899485354;KRUGOVI, CENTAR ZA EDUKACIJU, SAVJETOVANJE I HUMAN. DJELOV.;40600.00;6;0.00
2025;32176348568;ZAJEDNICA FOLKORNOG AMATERIZMA GRADA ZAGREBA;40500.00;6;0.00
2025;14504100762;SAVEZ STUDENATA FAKULTETA ELEKTROTEHNIKE I RAČUNARSTVA;40500.00;7;0.00
2025;68419124305;HRVATSKA RADIOTELEVIZIJA;40481.12;42;0.00
2025;14514989418;ZAGREB JE NAŠ;40444.46;2;0.00
2025;16523061708;UDRUGA GLUHOSLIJEPIH OSOBA GRADA ZAGREBA;40113.90;9;0.00
2025;75224474023;IDEMO DALJE;40000.00;1;0.00
2025;41514796269;PAULATIM 365 DOO;40000.00;2;0.00
2025;72396032469;HRVATSKI BOCCIA SAVEZ;40000.00;2;0.00
2025;24934076574;ZAJEDNICA KLUBOVA LIJEČENIH ALKOHOLIČARA ZAGREB;39750.00;6;0.00
2025;56924649846;ISUSOVAČKA SLUŽBA ZA IZBJEGLICE;39425.00;3;0.00
2025;05311656188;UMJETNIČKA ORGANIZACIJA METROPOLIS;39400.00;13;0.00
2025;91715167661;CONTECH DOO;39383.75;5;0.00
2025;70452429639;AMBIDEKSTER KLUB;39343.82;4;0.00
2025;40935660435;PRIVATNA GIMNAZIJA I EKONOMSKA ŠKOLA KATARINA ZRINSKI;39317.89;19;0.00
2025;46126976851;URED ZA FOTOGRAFIJU;39300.00;9;0.00
2025;76901428643;APZ HIDRIA D.O.O.;39215.68;11;0.00
2025;74360083856;KLING DOO;39196.55;18;0.00
2025;36754161329;HKO DOO;39177.15;1;0.00
2025;98530718208;GLAZBENI INSTITUT MLADIH;39000.00;6;0.00
2025;79513253561;RUMAT DOO;38668.52;598;0.00
2025;47614296387;SINTEGRAS DOO;38363.70;14;0.00
2025;79506290597;LEXPERA DOO;38324.55;29;0.00
2025;47481627827;REHABILITACIJSKI CENTAR ZA STRES I TRAUMU;38300.00;7;0.00
2025;05099173092;LEMAX D.O.O.;38027.56;41;0.00
2025;91407011517;UDRUGA SCENA AMADEO;38000.00;4;0.00
2025;64616149246;UMJETNIČKA ORGANIZACIJA FORMAT C;38000.00;11;0.00
2025;21913596812;UNISON HRVATSKI GLAZBENI SAVEZ;38000.00;7;0.00
2025;61765726217;LIPAR OPREMA DOO ZA IZNAJMLJIVANJE STROJEVA I OPREME;37936.50;14;0.00
2025;67814891540;HUKI DOO;37919.55;2;0.00
2025;99008810635;BCC SERVICES D.O.O.;37916.49;11;0.00
2025;74012772861;DI PLAN DOO ZA PROJEKTIRANJE I NADZOR I USLUGE;37769.22;5;0.00
2025;53395105050;HKPD BOSILJAK;37500.00;6;0.00
2025;81342099677;BRANITELJSKA ZADRUGA DANICA ZAGREB;37404.00;13;0.00
2025;92921283762;NET NEZAVISNA TELEVIZIJA;37204.52;1;0.00
2025;23064700393;INSTITUT ZA SUVREMENU UMJETNOST;37000.00;4;0.00
2025;45050126417;KONČAR - ELEKTROINDUSTRIJA D.D.;36812.49;29;0.00
2025;64731717121;VIATOR D.O.O.;36426.88;2;0.00
2025;09146496654;LABENA DOO;36231.25;2;0.00
2025;39792730053;IPT INŽENJERING D.O.O.;36213.91;7;0.00
2025;94661365298;APG - INŽENJERING D.O.O.;36100.00;4;0.00
2025;57303316329;STEČAJNA MASA IZ JUST GRADITELJSTVO DOO U STEČAJU;36020.55;4;0.00
2025;66303138221;FOLKLORNI ANSAMBL SESVETSKA SELA;36000.00;4;0.00
2025;27704597061;ZAGREBAČKI STRELJAČI SAVEZ;36000.00;2;0.00
2025;14527130765;KOOPERATIVA REGIONALNA PLATFORMA ZA KULTURU;35695.00;11;0.00
2025;35596498125;KLEMM SIGURNOST D.O.O. ZA TJELESNU I TEHNIČKU ZAŠTITU;35527.50;4;0.00
2025;05394491002;SLIV OPREMA D.O.O.;35380.00;1;0.00
2025;06406092393;PRIVATNA GIMNAZIJA I TURSTIČKO-UGOST ŠKOLA J KUPREŠAK;35176.64;22;0.00
2025;51272003168;TONKICA POLONKICA OBRT ZA ČUVANJE DJECE VL MARINA STRELAR;34757.15;8;0.00
2025;35995486720;UDRUGA ZEMLJANI ARE YOU SYRIOUS;34700.00;3;0.00
2025;69824424463;VOLONTERI U PALIJATIVNOJ SKRBI LA VERNA;34700.00;4;0.00
2025;75866788318;STUDIO A D.O.O. ZA USLUGE U ARHITEKTURI;34696.58;9;0.00
2025;91071732711;DEBRA, DRUŠTVO OBOLJELIH OD BULOZNE EPIDERMOLIZE;34650.00;4;0.00
2025;86117549775;UDRUGA ZA PROMICANJE VIZUALNIH UMJ. I KULT. DJ. VIZKULTURA;34600.00;10;0.00
2025;26561427801;ULIX D.O.O.;34462.72;29;0.00
2025;34043986015;CRISTOFORIUM;34400.00;6;0.00
2025;56566580479;TERME TUHELJ D.O.O.;34295.09;5;0.00
2025;35985815579;AD CON DOO;34275.44;7;0.00
2025;90477211261;GRAFITI NA GRADELE;34262.50;3;0.00
2025;88901930764;BMP RESIDENCE DOO;34171.11;1;0.00
2025;50162948091;UDRUGA ZA PROMICANJE INKLUZIJE;34100.00;3;0.00
2025;71412305441;ELEMENT D.O.O. ZA NAKLADNIŠTVO;34093.54;10;0.00
2025;83237257080;ZAKLADA ANA RUKAVINA;34050.00;2;0.00
2025;86642397740;ZAGREBAČKI KOMORNI ORKESTAR;34000.00;9;0.00
2025;90225082044;UMJETNIČKA ORGANIZACIJA KAZALIŠNA DRUŽINA EMPIRIA TEATAR;33910.00;8;0.00
2025;08747661196;ŠPICA SUSTAVI D.O.O.;33641.20;4;0.00
2025;16782831188;ZAGREBAČKI ŠAHOVSKI SAVEZ;33300.00;2;0.00
2025;33596989632;PLACE2GO D.O.O. ZA USLUGE;33150.18;2;0.00
2025;51227446526;SAVEZ SCENARISTA I PISACA IZVEDBENIH DJELA;33110.00;11;0.00
2025;79315449004;DRUŠTVO DISTROFIČARA;32950.00;4;0.00
2025;42278424050;PEAK IT DOO;32700.00;1;0.00
2025;05649057963;GEOMODELING DOO ZA GEODETSKE I INORMATIČKE POSLOVE;32662.50;1;0.00
2025;76058604397;CORE INTEGRA D.O.O. ZA SAVJETOVANJE I  USLUGE;32643.00;12;0.00
2025;96844435727;HRVATSKA VERBOTONALNA UDRUGA;32559.00;1;0.00
2025;45496526912;RIPINA DOO;32429.43;12;0.00
2025;67417590263;CEDEPE-DR. OSOBA S CEREBRALNOM I DJEČJOM PARALIZOM ZAGREB;32300.00;2;0.00
2025;79067915635;ARHIV PRO DOO;32261.88;1;0.00
2025;87607151174;FORTIS LABOR DOO;32250.00;2;0.00
2025;51108551424;CENTAR GRAĐEVINSKOG FAKULTETA DOO;32209.66;6;0.00
2025;26240899420;MICHEL DOO;32205.33;3;0.00
2025;48953641019;HRVATSKI SAVEZ GLUHOSLIJEPIH OSOBA - DODIR;32030.00;11;0.00
2025;82500918128;PANDOPAD DOO;32025.00;1;0.00
2025;23067880654;OŠ KREATIVNI RAZVOJ;32002.30;24;0.00
2025;73574345601;UMJETNIČKA ORGANIZACIJA - OTVORENI LIKOVNI POGON - ZAGREB;32000.00;8;0.00
2025;83411133656;EKSPERIMENTALNA SLOBODNA SCENA;32000.00;8;0.00
2025;77122499471;UDRUGA ZA PR. KULTURE AUTOMOBILA I DIZAJNA SCUDERIA ZAGREB;32000.00;4;0.00
2025;84931084664;SLAVONIJA BUS DOO;31875.00;1;0.00
2025;23035642859;AUTO HRVATSKA AUTOMOBILI DOO;31762.50;1;0.00
2025;75920958860;MAŠTARA;31650.00;5;0.00
2025;41548127608;REMO DOO;31478.24;19;0.00
2025;91025164621;BAN TOURS DOO;31227.69;37;0.00
2025;23248350988;LAUBA;31000.00;3;0.00
2025;77584434873;ZAGREBAČKI SUNČANI KROVOVI DOO;31000.00;2;0.00
2025;13042216614;UDRUGA ZA RAZVOJ URADI SAM KULTURE - RADIONA;31000.00;5;0.00
2025;48245489488;PROJEKTLAB D.O.O.;30965.86;5;0.00
2025;04662252043;KOPIMA D.O.O.;30936.00;24;0.00
2025;35690918519;TRI KVARTI DOO;30803.99;2;0.00
2025;91094950285;ZAGREB ZGRADE D.O.O.;30504.66;57;0.00
2025;52856813660;KREATIVNI SINDIKAT;30500.00;5;0.00
2025;30281577600;OBIN UPRAVLJANJE DOO;30329.18;108;0.00
2025;32007378078;SFERA DRUŠTVO ZA ZNANSTVENU FANTASTIKU;30300.00;10;0.00
2025;47993902504;ZRINMATUČEC D.O.O.;30169.14;2;0.00
2025;27068483295;ŽENSKA POMOĆ SADA SOS TELEFON ZA ŽENE I DJ ŽRTVE NASILJA;30000.00;1;0.00
2025;31587190315;CENTAR ZA RAZVOJ MLADIH - CERM;30000.00;2;0.00
2025;68383496496;EVENTA NULAJEDAN DOO;30000.00;2;0.00
2025;43279122828;SAJAM DOO ZA TRGOVINU;30000.00;2;0.00
2025;56195699333;ZAGREBAČKI KONJIČKI SAVEZ;30000.00;2;0.00
2025;59074593300;GIMNASTIČKI KLUB AURA;30000.00;2;0.00
2025;85629778085;SIRRAH PROJEKT DOO;30000.00;1;0.00
2025;89764304852;ZAGREBAČKI ORKESTAR ZETA;30000.00;6;0.00
2025;12769065492;HRVATSKO AKADEMSKI STRELJAČKI KLUB MLADOST;30000.00;2;0.00
2025;94391499491;NACIONALNI MUZEJ MODERNE UMJETNOSTI;30000.00;5;0.00
2025;03034605011;MARTINOV PLAŠT SOCIJALNO USLUŽNA ZADRUGA;29998.85;1;0.00
2025;21078598307;ONDA ARHITEKTURA DOO ZA USLUGE;29918.75;13;0.00
2025;41976156545;PRVING BABIĆ JDOO;29894.70;124;0.00
2025;66233067989;TIFLOTEHNA D.O.O.;29891.43;1;0.00
2025;18250638100;ZAGREBTRANS DOO;29750.00;1;0.00
2025;31903814507;GASTRO DIZAJN DOO;29543.75;2;0.00
2025;49528301725;HIDRO GRAD DOO;29478.24;1;0.00
2025;80012427201;DELIGHT D.O.O;29475.00;1;0.00
2025;11643924726;SFERA VISIA JDOO ZA PROIZVODNJU TRGOVINU I USLUGE;29465.99;1;0.00
2025;28604100394;DOBROVOLJNO VATROGASNO DRUŠTVO STRUŽEC;29426.25;7;0.00
2025;35289396071;CANTUS D.O.O.;29280.00;9;0.00
2025;24113470894;PROJEKTI I EKSPERTI DOO;29251.39;34;0.00
2025;51798116034;JK PROJEKT RENT DOO;29231.28;18;0.00
2025;89968033067;CROATIA - TEHNIČKI PREGLEDI D.O.O.;29193.00;24;0.00
2025;01171827738;INTERMAX D.O.O.;29170.00;5;0.00
2025;84105269168;DYVOLVE DOO ZA POSLOVNO SAVJETOVANJE I USLUGE;29125.00;1;0.00
2025;81623155686;UMJETNIČKA ORGANIZACIJA TRAGAČI;29100.00;6;0.00
2025;06814071127;MRAK USLUGE DOO;29000.00;4;0.00
2025;56998660224;UMJETNIČKA ORGANIZACIJA NAHERO;29000.00;3;0.00
2025;92229708301;IMMERSIVE GAMES DOO ZA INFORMATIKU I POSLOVNO SAVJETOVANJE;29000.00;1;0.00
2025;16026657761;GANZ NOVA KULTURA PROMJENE;28962.50;9;0.00
2025;31395203073;BERNARDIĆ DAVOR NEZAVISNA LISTA SERVUS ZAGREB;28958.00;3;0.00
2025;91805905887;HRABRI TELEFON;28950.00;4;0.00
2025;83906956466;DRUŠTVENA INOVACIJA JDOO;28818.60;1;0.00
2025;53736631841;MARGON MEDIA D.O.O. ZA USLUGE I INFORMATIKU;28810.04;8;0.00
2025;68476022248;KONTROL PROJEKT DOO;28751.53;54;0.00
2025;15792761433;SOCIJALNA ZADRUGA HUMANA NOVA ZAGREB SOCIJALNA ZADRUGA;28596.00;1;0.00
2025;65389569788;GEOTEHNIČKI STUDIO DOO;28497.00;4;0.00
2025;54865570214;DEFF MONTAŽA DOO;28420.70;4;0.00
2025;33649615982;ARHIS DOO;28400.00;2;0.00
2025;73660371074;PEVEX DD;28329.75;29;0.00
2025;97076801325;UDRUGA INVALIDA RADA ZAGREB;28300.00;2;0.00
2025;79967404744;PRO DOO;28262.50;2;0.00
2025;80480322314;TRAMES DOO;28253.31;6;0.00
2025;01599058817;ZAGREBAČKI MAKETARSKO - MODELARSKI SAVEZ;28185.40;14;0.00
2025;96743361297;G. I. M. GRAĐENJE D.O.O.;28137.80;12;0.00
2025;49281407435;GEODATA PROJEKT D.O.O.;28086.00;2;0.00
2025;21934187304;UDRUŽENJE DJECA PRVA;28050.00;4;0.00
2025;26378007258;UDRUGA ŠPORTSKIH RIBOLOVACA INVALIDA DOMOVINSKOG RATA;28000.00;3;0.00
2025;49126869142;LIST LABS DOO;28000.00;1;0.00
2025;60174266484;DRUŠT ZA POBOLJŠ. KV. ŽIVOTA SIROM. I NEZBR. DJECE MALI ZMAJ;27800.00;4;0.00
2025;47896586743;KAZALIŠNA DRUŽINA BOOM TEATAR;27750.00;4;0.00
2025;17941638357;FOTOGRAFSKA UDRUGA ORGAN VIDA;27700.00;5;0.00
2025;26958974007;AUGMENT DOO ZA USLUGE;27700.00;1;0.00
2025;43890299527;MAP SAVJETOVANJA DOO;27491.25;2;0.00
2025;25858858563;MREŽA MLADIH HRVATSKE;27365.00;2;0.00
2025;55545787885;HRVATSKE CESTE D.O.O. ZA UPRAVLJANJE GR. I ODR. DRŽ. CESTA;27354.92;3;0.00
2025;85326711223;PUTEM OAZAE DOO;27321.88;2;0.00
2025;39828621591;PROCESSUS DOO;27204.19;1;0.00
2025;95847257607;AKADEMIJA LIKOVNIH UMJETNOSTI;27200.00;8;0.00
2025;89249500835;EXPERT D.O.O.;27200.00;4;0.00
2025;39620501429;DRUŠTVO TJELESNIH INVALIDA;27150.00;8;0.00
2025;72669639943;HRŠAKHRŠAKARHITEKTI DOO;27150.00;3;0.00
2025;25410051374;FAKULTET PROMETNIH ZNANOSTI;27034.65;7;0.00
2025;41102864943;MODO DOO ZA TRGOVINU I USLUGE;27000.00;2;0.00
2025;49503354754;GS UPRAVLJANJE DOO;26959.18;30;0.00
2025;58747941387;TOVEDO D.O.O.;26896.14;6;0.00
2025;38247477481;F.I.L.D. PROJEKT D.O.O.;26762.50;9;0.00
2025;31749668239;PLANET GEODEZIJA JDOO;26523.45;106;0.00
2025;84960961356;MOČVARA DOO;26437.43;1;0.00
2025;42524586447;ODVJETNIČKO DRUŠTVO ŽUPIĆ & PARTNERI D.O.O.;26224.47;3;0.00
2025;45157513720;ECO MOBILE DOO;26184.38;1;0.00
2025;75289198230;HDKA HRVATSKO DRUŠTVO KRAJOBRAZNIH ARHITEKATA;26177.50;6;0.00
2025;93402577124;ISKORAK;26163.53;4;0.00
2025;90555383444;MT ETER D.O.O.;26119.65;1;0.00
2025;38583303160;PRAVNI FAKULTET SVEUČILIŠTA U ZAGREBU;26085.00;32;0.00
2025;93604401369;UDRUGA PRAGMA;26050.64;3;0.00
2025;52885317777;DERATIZACIJA GOSPIĆ DOO;26039.21;19;0.00
2025;06081983053;KOMORNI ZBOR IVAN FILIPOVIĆ;26000.00;4;0.00
2025;85616534537;UMJETNIČKA ORGANIZACIJA P137;26000.00;7;0.00
2025;72727668462;EKSPERTERM D.O.O.;26000.00;1;0.00
2025;82593300917;ELEMENTO CONTENT DOO;25947.85;30;0.00
2025;27414388868;BRŽE VIŠE BOLJE D.O.O;25644.63;15;0.00
2025;80572192786;HŽ PUTNIČKI PRIJEVOZ D.O.O.;25561.50;94;0.00
2025;41025754642;DUPLICO D.O.O.;25513.69;1;0.00
2025;64959301921;CITUS DOO;25500.00;2;0.00
2025;02584649098;HRVATSKA GORSKA SLUŽBA SPAŠAVANJA;25500.00;1;0.00
2025;47012378732;UDRUGA ZA AUTIZAM;25450.00;3;0.00
2025;62428114050;ADEO D.O.O.;25438.26;7;0.00
2025;62776334004;DRUŠTVO ZA PROMICANJE KNJIŽEVNOSTI NA NOVIM MEDIJIMA;25400.00;3;0.00
2025;68752651868;MEŠTROVIĆ - PRIJEVOZ D.O.O.;25293.92;10;0.00
2025;03897450800;PROJEKTNI URED  MI2A DOO;25140.00;9;0.00
2025;73199055285;UMJETNIČKA ORGANIZACIJA KAZALIŠNA DRUŽINA CIRK POZOR;25036.00;10;0.00
2025;03658728214;FORTE SOLAR DOO;25000.00;1;0.00
2025;15656934984;VITEŠKO ALKARSKO DRUŠTVO SINJ;25000.00;1;0.00
2025;26896388401;KONCERTNA DVORANA TVORNICA KULTURE;25000.00;4;0.00
2025;69265772227;UMJETNIČKA ORGANIZACIJA HRVATSKI KOMORNI ORKESTAR;25000.00;2;0.00
2025;01394705384;VUKIĆ JELUŠIĆ ŠULINA STANKOVIĆ JURCAN I JABUKA ODVJET DOO;24952.15;1;0.00
2025;15797731974;ŽENSKA SOBA - CENTAR ZA SEKSUALNA PRAVA;24900.00;3;0.00
2025;92364669796;GEODETIKA D.O.O.;24760.00;4;0.00
2025;14273924910;ALMA CAREER CROATIA DOO;24710.00;22;0.00
2025;81030685223;UMJETNIČKA ORGANIZACIJA IMAGINE PLATFORMA;24600.00;4;0.00
2025;55738337644;TAEKWONDO KLUB  JASTREB;24535.58;4;0.00
2025;99080771351;KOŽUL DOO;24518.55;2;0.00
2025;35075428561;UMJETNIČKA ORGANIZACIJA CARGO;24500.00;12;0.00
2025;41775268569;UMJETNIČKA ORGANIZACIJA YELO ZA INTERDISCIPLIN UMJETN PROCES;24500.00;9;0.00
2025;12777784360;UMJETNIČKA ORGANIZACIJA GRUPA;24500.00;5;0.00
2025;39615965867;STUDIO ARTLESS;24500.00;6;0.00
2025;13909509653;GEO LINE SYSTEMS DOO;24466.14;4;0.00
2025;70663193635;AGRAM BANKA DD ZAGREB;24441.48;27;0.00
2025;26314002934;KRIZANTEMA USLUGE D.O.O.;24390.65;14;0.00
2025;29035933600;MEĐIMURJE PLIN DOO;24377.12;663;0.00
2025;99029223761;ORATORIJSKO DRUŠTVO CRKVE SVETOG MARKA;24300.00;6;0.00
2025;12707800437;HRVATSKI SAVEZ UDRUGA MLADIH I STUDENATA S INVALID. SUMSI;24265.25;3;0.00
2025;74151090266;SUSTAV ORKESTARA DJECE I OMLADINE;24250.00;6;0.00
2025;75596336887;IZO EXPERT DOO;24249.50;1;0.00
2025;52965685540;MATIS OUTDOOR DOO;24187.50;1;0.00
2025;43487470444;UMJETNIČKA ORGANIZACIJA MALO SUTRA;24170.00;4;0.00
2025;30412018193;BORONGAJ INVEST DOO;24142.46;80;0.00
2025;78328494160;SAVEZ ANTIFAŠISTIČKIH BORACA I ANTIFAŠISTA RH;24060.00;1;0.00
2025;63588853294;OIKON D.O.O.;24056.25;2;0.00
2025;65770890193;UDRUGA DJELOVANJA U KULTURI ARTERARIJ;24052.00;7;0.00
2025;43733878539;HRVATSKI GEOLOŠKI INSTITUT;24037.50;1;0.00
2025;19905002344;VUKOVARSKE MAJKE UDRUGA RODITELJA I OBIT. ZAROB.I NASL.ODVED;24000.00;2;0.00
2025;52974363766;INSTITUT TOMISLAV GOTOVAC;24000.00;3;0.00
2025;45144090008;INVENTRA TECHNOLOGY JDOO ZA USLUGE;24000.00;1;0.00
2025;10973302431;DISCO DOO ZA PROMIDŽBU I USLUGE TURISTIČKA AGNCIJA;23922.24;1;0.00
2025;62776074052;KONTURA PROJEKT D.O.O.;23800.00;6;0.00
2025;67749812605;KOZLIĆI UDRUGA ZA PROMICANJE KULTURE;23750.00;8;0.00
2025;90043639978;UDRUGA ZA SINDROM DOWN ZAGREB;23741.44;3;0.00
2025;17615986866;ZNATIŽELJNA MAČKA JDOO;23600.00;1;0.00
2025;92833007025;KAZALIŠTE HOTEL BULIĆ;23500.00;7;0.00
2025;49280496152;MAGBA GRADNJA D.O.O.;23463.73;1;0.00
2025;92548737288;UDRUGA AMAZONAS;23450.00;4;0.00
2025;87103856515;CENTAR ZA NEURORAZVOJNU INTEGRACIJU REFLEKSA;23440.30;3;0.00
2025;68998842172;INSPEKT ING 1 DOO;23426.03;1;0.00
2025;70726952422;ODVJETNIČKO DRUŠTVO MATIĆ I POLJAK DOO;23332.43;1;0.00
2025;76309717125;MTF D.O.O.;23209.13;1;0.00
2025;70861330288;UDRUGA KORABLJA;23200.00;2;0.00
2025;46401136513;PAMAJO D.O.O.;23100.00;1;0.00
2025;34130619322;AKADEMSKI FILMSKI KLUB;23000.00;7;0.00
2025;33303048459;TEATAR CIRKUS PUNKT;23000.00;5;0.00
2025;28011548575;SVEUČILIŠTE U ZAGREBU -  FAKULTET POLITIČKIH ZNANOSTI;22910.30;3;0.00
2025;05882842387;BIO EKSPERT DOO ZA USLUGE;22900.00;3;0.00
2025;26713956695;ARHITEKTONSKI STUDIO 113 DOO;22900.00;3;0.00
2025;08770925700;CENTAR ZA MIROVNE STUDIJE;22850.00;4;0.00
2025;49214559889;KONČAR DISTRIBUTIVNI I SPECIJALNI TRANSFORMATORI DD;22710.16;4;0.00
2025;76699990208;CENTAR ZA INKLUZIVNE RADNE AKTIVNOSTI;22700.00;3;0.00
2025;25640412631;SAVEZ GLUHIH  I NAGLUHIH GRADA ZAGREBA;22660.00;15;0.00
2025;31390132309;PUČKO OTVORENO UČILIŠTE KORAK PO KORAK;22650.00;3;0.00
2025;70241212555;ELIS PROJEKT DOO;22575.00;15;0.00
2025;31208074467;UDRUGA ZELENI KLIK;22500.00;3;0.00
2025;09508149024;UDRUGA ZA PROMICANJE KNJIŽEVNOSTI I KULTURE SKRIBONAUTI;22500.00;2;0.00
2025;10305984252;MEĐUNARODNA BRITANSKA ŠKOLA VEDRI OBZORI;22427.07;13;0.00
2025;27290068263;OPREMA  RADMAN D.O.O.;22345.25;3;0.00
2025;25385906011;AGENCIJA ZA MOBILNOST I PROGRAME EUROPSKE UNIJE;22344.60;1;0.00
2025;80765753402;MATIĆ PLUS DOO;22247.45;11;0.00
2025;74660437164;DRŽAVNI HIDROMETEOROLOŠKI ZAVOD;22145.00;5;0.00
2025;15956530643;FORTIUS INFO D.O.O. ZA TRGOVINU I USLUGE;22120.83;12;0.00
2025;69733573178;EDEL SPORT D.O.O. ZA TRGOVINU I USLUGE;22110.11;1;0.00
2025;06546575548;PRIVATNA SPORTSKA I JEZIČNA GIMNAZIJA FRANJO BUČAR;22034.21;19;0.00
2025;41683226810;INSTITUT ZA JAVNE FINANCIJE;22030.00;5;0.00
2025;52560654618;HSPD SLJEME ŠESTINE;22000.00;6;0.00
2025;53830159458;HKUD ŽELJEZNIČAR;22000.00;6;0.00
2025;06565884479;KULTURNO UMJETNIČKO DRUŠTVO SESVETE;22000.00;2;0.00
2025;62529488741;ROBOT 22 DOO ZA USLUGE;22000.00;2;0.00
2025;63126032936;MONEL DOO;21999.01;251;0.00
2025;75297532041;HRVATSKI ZAVOD ZA JAVNO ZDRAVSTVO;21967.25;1;0.00
2025;90002393727;ŽUPA SV.BLAŽA;21899.24;11;0.00
2025;71586397290;RAPTOR DOO;21821.50;1;0.00
2025;84691119186;UDRUGA ZA RAZVOJ I PODRŠKU FRANCUSKE MEĐUNAR ŠKOLE U ZAGREBU;21802.38;7;0.00
2025;71873420106;PERSPEKTIVA;21648.55;4;0.00
2025;07897941748;CORNUS PROJEKT D.O.O. ZA PROJEKTIRANJE I USLUGE;21601.20;6;0.00
2025;39075073977;UDRUGA PASIONSKA BAŠTINA;21500.00;6;0.00
2025;17877731232;SHORT NOTICE PROCUCTIONS DOO ZA USLUGE;21456.94;2;0.00
2025;12912094439;ZAGREBAČKI EKOLOŠKO SANITACIJSKI HIGIJENSKI SERVIS DOO;21342.31;12;0.00
2025;17648596698;BURO DOO;21311.62;8;0.00
2025;47978428233;UDRUGA GRADOVA U REPUBLICI HRVATSKOJ;21235.64;4;0.00
2025;40265914911;CATERING TIM LISAK DOO ZA USLUGE;21140.00;2;0.00
2025;67647798680;TEATAR RUGANTINO;21000.00;5;0.00
2025;54405379938;TIM PRESS IZDAVAŠTVO,MARKETING,TRGOVINA I USLUGE D.O.O.;21000.00;9;0.00
2025;80514925712;DIFFERO STUDIO DOO ZA USLUGE;21000.00;2;0.00
2025;02570282389;UMJETNIČKA ORGANIZACIJA TRES PAS;21000.00;5;0.00
2025;63908753742;INVALIDSKI ODBOJKAŠKI KLUB ZAGREB;20976.62;2;0.00
2025;88784096827;WOHNBAU DOO;20970.20;1;0.00
2025;11121447608;ARP DOO;20950.00;2;0.00
2025;35280334733;IMETRICO DOO;20895.97;64;0.00
2025;64056166637;UGO - ŠARIĆ D.O.O.;20891.89;13;0.00
2025;73209542242;KOLEKTOR ZAGREB DOO;20853.40;2;0.00
2025;45332924637;GAD PRODUKCIJA DOO;20800.00;4;0.00
2025;71819246783;EKO INVEST D.O.O.;20737.94;1;0.00
2025;67120410838;GEO ALFA DOO;20710.00;9;0.00
2025;07943625362;ZAGREBAČKI SAVEZ KLUBOVA MLADIH TEHNIČARA;20605.48;12;0.00
2025;36703431428;BEZ GRANICA;20549.00;3;0.00
2025;61394757132;CENZUS D.O.O. ZA PROMET ROBE I USLUGA;20508.66;20;0.00
2025;93252258037;KAZALIŠNA DRUŽINA KUFER;20500.00;6;0.00
2025;48643641997;DRUŠTVO ZA SOCIJALNU PODRŠKU;20460.50;3;0.00
2025;06674194731;CLARITATE FM DOO;20421.84;2;0.00
2025;10399936014;ZAGREBAČKI SAVEZ SPORTSKE REKREACIJE SPORT ZA SVE;20272.50;1;0.00
2025;33615517007;MULTIGRAD DOO ZA TRGOVINU I USLUGE;20167.27;1;0.00
2025;14171940490;KLIZAČKI KLUB MEDVEŠČAK;20000.00;2;0.00
2025;16467798060;PAN AVIA DOO;20000.00;1;0.00
2025;19673322859;MONTAŽSTROJ;20000.00;2;0.00
2025;66028599476;EKO SUCUS DOO;20000.00;1;0.00
2025;71920748408;HELLEA D.O.O.;20000.00;1;0.00
2025;56611542903;MEĐUNARODNO VIOLINISTIČKO NATJECANJE VACLAV HUML;20000.00;2;0.00
2025;22344395172;D2M STUDIO DOO ZA USLUGE;20000.00;3;0.00
2025;06081986094;MENTAL TRAINING CENTER DOO;20000.00;1;0.00
2025;08222794758;OMNIMEDIA D.O.O.;20000.00;2;0.00
2025;87526088885;PECINA D.O.O.;19907.54;1;0.00
2025;74006976027;URBAAD ARHITEKTURA DOO ZA PROJEKTIRANJE;19750.00;1;0.00
2025;28466266734;TEH - PROJEKT INŽENJERING D.O.O.;19740.00;1;0.00
2025;82395099569;HRVATSKO DEBATNO DRUŠTVO;19547.15;3;0.00
2025;99467839478;UMJETNIČKA ORGANIZACIJA JAGODA;19500.00;8;0.00
2025;92738680199;UDRUGA DUGINE OBITELJI;19500.00;1;0.00
2025;79861389365;INTERZERO DOO;19375.00;1;0.00
2025;82496456779;PROMOCIJA PLUS DOO ZA ODNOSE S JAVNOŠĆU I ISTRAŽ TRŽIŠTA;19371.25;2;0.00
2025;35863023030;DIDI SOUND D.O.O.;19200.00;6;0.00
2025;26138648876;UDRUGA ZA RAZVOJ CIRKUSKIH I IZVEDBENIH UMJ TRICYCLE TRAUMA;19160.00;6;0.00
2025;40001365495;UMJETNIČKA ORGANIZACIJA FRONESIS;19000.00;3;0.00
2025;10624495854;HRVATSKI POVIJESNI MUZEJ;19000.00;2;0.00
2025;80710986317;PETRINE KNJIGE DOO;19000.00;9;0.00
2025;12856557744;LEYKAM INTERNATIONAL D.O.O.;19000.00;7;0.00
2025;47089536463;HRVATSKI PJEVAČKI ZBOR IVAN PL. ZAJC;19000.00;6;0.00
2025;19904220725;DRUŠTVO ZA OBLIKOVANJE ODRŽIVOG RAZVOJA;18940.00;4;0.00
2025;25342430618;UDRUGA BOJE;18925.00;5;0.00
2025;37363837470;DRŽAVNI ARHIV U ZAGREBU;18919.25;25;0.00
2025;03492821167;NOVI INFORMATOR D.O.O.;18800.79;17;0.00
2025;75973694434;METAR60;18800.00;4;0.00
2025;73656725926;KENTBANK D.D.;18786.03;20;0.00
2025;30521888147;URBANARH STUDIO DOO ZA USLUGE;18750.00;1;0.00
2025;34421776805;ELEX ZA PROIZVODNJU MONTAŽU I TRGOVINU;18680.74;5;0.00
2025;55305844525;IBIS-GRAFIKA D.O.O. ZA GRAFIČKE USLUGE;18600.00;12;0.00
2025;87844750363;UDRUGA ŽENA OBOLJELIH I LIJEČENIH OD RAKA NISMO SAME;18550.00;3;0.00
2025;85224727471;UDRUGA PLESNIH UMJETNIKA HRVATSKE;18500.00;8;0.00
2025;63621765720;DRUŠTVO POVJESNIČARA UMJETNOSTI HRVATSKE;18500.00;3;0.00
2025;40696695796;MBM NEKRETNINE DOO;18484.58;1;0.00
2025;17751886692;UDRUGA LUDRUGA;18450.00;3;0.00
2025;79817762581;KRŠĆANSKA SADAŠNJOST D.O.O.;18417.71;11;0.00
2025;99439479072;PRIOR INŽENJERING D.O.O.;18412.50;2;0.00
2025;44301397953;MUZZA - SNAGA ZNANOSTI, TEHNOLOGIJE I KULTURE;18323.34;3;0.00
2025;52853709191;DOMOVINSKI POKRET;18227.94;4;0.00
2025;09619830885;SLOBODNE VEZE, UDRUGA ZA SUVREMENE UMJETNIČKE PRAKSE;18200.00;5;0.00
2025;81424995264;ERG D.O.O.;18196.25;1;0.00
2025;48892892238;HRVATSKE BLUES SNAGE;18062.50;6;0.00
2025;01617130836;FANTASTIČNO DOBRA INSTITUCIJA FADE IN;18000.00;8;0.00
2025;59451980348;INSTITUT ZA POVIJEST UMJETNOSTI;18000.00;5;0.00
2025;84577446823;UMJETNIČKA ORGANIZACIJA FILM;18000.00;3;0.00
2025;85625941652;MREŽA ANTIFAŠISTKINJA ZAGREBA;18000.00;5;0.00
2025;59552791905;TEATAR GAVRAN;18000.00;5;0.00
2025;74645378611;GEOMATIKA DOO;17935.35;3;0.00
2025;31214705045;C5 KONCEPT D.O.O. ZA USLUGE;17925.50;10;0.00
2025;34902658865;FUGGER D.O.O.;17837.95;146;0.00
2025;35632925066;V.B.Z. D.O.O.;17802.61;5;0.00
2025;76535960875;ARGU STUDIO DOO;17800.00;1;0.00
2025;40611592848;HELIFOTO DOO ZA UNUTARNJU I VANJSKU TRGOVINU I USLUGE;17687.50;1;0.00
2025;31501714030;SREDNJA EUROPA D.O.O.;17600.00;8;0.00
2025;97258269943;HRVATSKO DRUŠTVO KNJIŽEVNIKA ZA DJECU I ML KLUB PRVIH PISACA;17600.00;3;0.00
2025;85272651470;AMB GRADNJA D.O.O.;17564.92;2;0.00
2025;70989581208;KUĆĆA;17500.00;8;0.00
2025;09525804762;VUTA ING DOO;17484.61;44;0.00
2025;17461987750;VILLA BREZOVICA DOO;17465.00;1;0.00
2025;51811672730;UMJETNIČKA ORGANIZACIJA ŠKVADRA;17427.00;9;0.00
2025;71445870691;AUTO PROMET SISAK D.O.O.;17267.72;10;0.00
2025;43174632631;MALA ZVONA D.O.O. ZA IZDAVAŠTVO I USLUGE;17200.00;7;0.00
2025;06323248263;KEOPS - PROJEKT D.O.O.;17138.88;9;0.00
2025;40228024640;ENERGY BASKET D.O.O.;17125.00;4;0.00
2025;48674189572;UDRUGA KULTURA NOVA;17058.89;4;0.00
2025;16095675832;INICIJATIVA CENTAR ZA EDUKACIJU;17050.00;2;0.00
2025;91352666060;CEST AGRAM UDRUGA ULIČNIH ZABAVLJAČA;17000.00;4;0.00
2025;66445349777;ADL STRUKTURA DOO;17000.00;2;0.00
2025;43577827108;UMJETNIČKA UDRUGA ANTIPHONUS;17000.00;2;0.00
2025;72558124188;KULTURNO UMJETNIČKA UDRUGA PROMO-ART;17000.00;5;0.00
2025;24731069425;DRUŠTVO ZA PSIHOLOŠKU POMOĆ;16800.00;3;0.00
2025;78247215436;ELAG D.O.O. ZA GRADITELJSTVO I POSLOVNE USLUGE;16787.70;8;0.00
2025;53951737793;HUST DOO;16783.75;2;0.00
2025;30740253189;URBANE IDEJE DOO;16722.99;4;0.00
2025;55815598569;UMJETNIČKA ORGANIZACIJA VRUM;16700.00;5;0.00
2025;21436549535;REPER PLUS DOO;16694.00;8;0.00
2025;91301720286;INITEH MODELING DOO;16650.00;1;0.00
2025;89113223855;PRIVATNA GIMNAZIJA I STRUKOVNA ŠKOLA SVIJET S PRAVOM JAVNOST;16604.90;15;0.00
2025;62296711978;MLINAR D.D.;16594.81;101;0.00
2025;86343139929;LOVAČKO DRUŠTVO FAZAN  BREZOVICA KUPINEČKI KRALJEVEC;16572.60;4;0.00
2025;76506138139;ARS KOPIJA D.O.O.;16554.47;11;0.00
2025;20492466071;UMJETNIČKA ORGANIZACIJA LOVRO & NINA;16500.00;3;0.00
2025;56567405816;SMAGRA D.O.O.;16500.00;2;0.00
2025;10337470512;CENTAR ZA RAZVOJ OSOBNIH KOMPETENCIJA I ZAŠT LJUDSKIH PRAVA;16373.82;3;0.00
2025;63326528726;BUNIKE UDRUGA ZA PROMICANJE CIRKUSKIH I IZV UMJETNOSTI;16350.00;3;0.00
2025;15409936625;STAKLO ALUMONT BELJO DOO;16327.18;38;0.00
2025;39135989747;ZUBAK GRUPA DOO;16327.00;23;0.00
2025;04406269319;UDRUGA JUČER DANAS SUTRA -PLATFORMA ZA AUDIOVIZUALNA ISTR.;16300.00;8;0.00
2025;64989582259;UDRUGA PROFESIONALNIH PLESNIH UMJETNIKA PULS;16300.00;6;0.00
2025;21323257688;PREMIUM TRAVNJACI DOO;16258.75;2;0.00
2025;57372288540;KUD DRAGUTIN DOMJANIĆ;16200.00;5;0.00
2025;34414865362;DUBRAVKIN PUT DOO ZA UGOSTITELJSTVO I USLUGE TURIST AG;16178.00;2;0.00
2025;34557995887;PROGEREA DOO;16100.00;4;0.00
2025;16045431107;HRVATSKO DRUŠTVO COLLEGIUM PRO ARTE;16000.00;4;0.00
2025;24433844878;ZAJED UDRUGA I ČL HRV VOJNIH INVALIDA DOM RATA GRADA ZAGREBA;16000.00;2;0.00
2025;04338763558;FESTIVAL SUVREMENOG ŽIDOVSKOG FILMA ZAGREB;16000.00;6;0.00
2025;45687756792;HENA COM D.O.O. ZA NAKLADNIŠTVO;16000.00;4;0.00
2025;96640664464;UMJETNIČKA ORGANIZACIJA ISTOVREMENO;16000.00;5;0.00
2025;12461574157;MARMOT - MALA AUTORSKA RADIONICA MEĐUODNOSA OBJEKTIVA I TIJE;16000.00;3;0.00
2025;29998303930;PLINOINSTALATER IVANOVIĆ DOO;15936.31;8;0.00
2025;74099460877;PRIRODNO UMJETNIČKI KRUŽOK;15900.00;10;0.00
2025;51165481090;PULLULO DOO;15870.00;80;0.00
2025;09095322581;DOCUMENTA - CENTAR ZA SUOČAVANJE S PROŠLOŠĆU;15829.00;3;0.00
2025;90934142154;TAMBURAŠKO DRUŠTVO GAJ ZAGREB;15800.00;6;0.00
2025;14258208397;UDRUGA NAS DVE;15800.00;4;0.00
2025;16832883800;ODVJETNIČKO DRUŠTVO  BOŽIĆ I PARTNERI DOO;15771.02;1;0.00
2025;17371898479;INFO G DOO;15760.83;7;0.00
2025;60135687514;ŽIVI ATELJE DAJHT KRALJ;15750.00;2;0.00
2025;82522496886;PROJEKT DOO;15665.00;9;0.00
2025;70978671801;GEODIST D.O.O.;15662.50;4;0.00
2025;09832370191;SOLUM INŽENJERING DOO;15608.54;3;0.00
2025;05982228231;SVILAN DOO;15559.38;10;0.00
2025;38256932197;GIMNAZIJA I EKONOMSKA ŠKOLA BENEDIKTA KOTRULJEVIĆ S.P.J.;15558.86;6;0.00
2025;71221363917;BAZA ZA RADNIČKU INICIJATIVU I DEMOKRATIZACIJU BRID;15510.00;3;0.00
2025;60260099259;AKTER PUBLIC DOO;15508.13;10;0.00
2025;89034440861;PA - VITA D.O.O.;15494.11;1;0.00
2025;11002350679;MTL LOGISTIKA JDOO ZA PRIJEVOZ I USLUGE I TRGOVINU;15453.00;1;0.00
2025;62123850275;ŠTEDOPIS, INSTITUT ZA FINANCIJSKO OBRAZOVANJE;15436.49;3;0.00
2025;97326283154;PODRAVSKA BANKA D.D.;15380.61;23;0.00
2025;19659471851;SRPSKA PRAVOSLAVNA OPĆA GIMNAZIJA KANTAKUZINA-K.BRANKOVIĆ;15342.38;6;0.00
2025;14057774659;ZAGREBAČKI RADIO PLAVI 9 D.O.O.;15300.00;1;0.00
2025;68155026706;RADIO KAJ DOO ZA RADIJSKU I TELEVIZIJSKU DJELATNOST;15300.00;1;0.00
2025;00779836098;CENTAR ZA POREMEĆAJE HRANJENJA BEA;15250.00;3;0.00
2025;70331410076;DESKON STUDIO JDOO;15250.00;8;0.00
2025;28238949295;KRIJESNICA-UDR.ZA POMOĆ DJECI I OB.SUOČENIM S MALIGNIM BOL.;15200.00;3;0.00
2025;96065912144;ORGANIZACIJA STATUS M;15150.00;4;0.00
2025;97436200814;UDRUGA ZA KREATIVNI SOCIJALNI RAD;15100.00;3;0.00
2025;14081461166;PANTERA PROMET DOO;15064.00;1;0.00
2025;89028615099;BENUSSI THE FISH JDOO;15025.00;4;0.00
2025;38001831721;EKO DERATIZACIJA DOO;15000.00;7;0.00
2025;70751523669;LAB 852 D.O.O. ZA PROMIDŽBU;15000.00;2;0.00
2025;03704066171;ROCK BRIGADA DOO;15000.00;2;0.00
2025;12779315025;KULTURNO PROSVJETNO DRUŠTVO SVETA KLARA;15000.00;4;0.00
2025;98548442395;ALEDO TECH DOO ZA TRGOVINU I USLUGE;15000.00;1;0.00
2025;78662188473;UMJET. ORGANIZ. ZA OTVARANJE NOV.POLJA KAZ.KOM.ČETVERORUKA;15000.00;5;0.00
2025;89977773350;PLIVAČKI KLUB MEDVEŠČAK;15000.00;2;0.00
2025;72193954947;JOY FAIR JDOO;15000.00;1;0.00
2025;68360511666;PLATO UDRUGA ZA PODIZANJE KVALITETE ŽIVOTA U URB SREDINAMA;15000.00;1;0.00
2025;54885608300;ŽARULJICA UDRUGA ZA PROMICANJE ODGOJNE I OBRAZOVNE DJELATN;15000.00;1;0.00
2025;87613611709;KARATE KLUB CROATIA;15000.00;2;0.00
2025;20228357315;PROFI TEST DOO ZA TEHNIČKO ISPITIVANJE POSREDOVANJE;14993.75;1;0.00
2025;48671346974;TERMO SERVIS D.O.O.;14988.38;17;0.00
2025;13379699043;CENTAR ZA GRADITELJSTVO DOO;14987.50;1;0.00
2025;41312193461;FLUID - PROJEKT D.O.O.;14950.00;3;0.00
2025;95017105221;GUT D.O.O.;14942.51;3;0.00
2025;45825378029;KRIGRAD DOO;14942.10;9;0.00
2025;94505281348;TK ELEVATOR EASTERN EUROPE GMBH PODRUŽNICA ZAGREB;14862.41;65;0.00
2025;11577717101;FORUM ZA KVALITETNO UDOMITELJSTVO DJECE-UDOMITELJI ZA DJECU;14828.75;2;0.00
2025;92943474869;ANSAMBL SLOBODNOG PLESA LIBERDANCE;14800.00;8;0.00
2025;55771532698;INOVA DOO;14741.57;1;0.00
2025;16549597500;GIM D.O.O.;14738.50;15;0.00
2025;79761663049;IPZ - NISKOGRADNJA D.O.O.;14690.00;6;0.00
2025;60070248570;SVIBOVEC KATICA;14687.99;1;0.00
2025;01252163117;OPĆINSKI GRAĐANSKI SUD U ZAGREBU;14684.21;216;0.00
2025;68651120977;SELEKTA PRIMA DOO;14681.25;9;0.00
2025;89243570715;DESIDIA D.O.O.;14647.50;24;0.00
2025;86710457986;UDRUGA OZANA;14600.00;2;0.00
2025;97062980715;UMJETNIČKA ORGANIZACIJA NAE ANSAMBL;14500.00;5;0.00
2025;57615715265;KUD DRAGUTIN DOMJANIĆ ADAMOVEC;14500.00;4;0.00
2025;49928932571;BUNT ART J.D.O.O. ZA USLUGE;14500.00;2;0.00
2025;97860114477;KULTURNO UMJETNIČKO DRUŠTVO KAŠINA;14500.00;4;0.00
2025;81764499494;KNJIGA U CENTRU;14400.00;7;0.00
2025;36162371878;RH MINISTARSTVO UNUTARNJIH POSLOVA;14398.58;15;0.00
2025;98292941053;HKUD PRIGOREC MARKUŠEVEC;14300.00;3;0.00
2025;94472454976;ADRIATIC OSIGURANJE D.D.;14254.05;5;0.00
2025;97662921077;AUTOTRANSPORT KARLOVAC D.D.;14201.00;11;0.00
2025;67945038185;SAVEZ  ROMA U RH KALI SARA;14200.00;11;0.00
2025;58624248125;NEZAVISNA LISTA TOMISLAVA JONJIĆA JEDINO HRVATSKA;14120.16;3;0.00
2025;41069344205;KAJKAVSKO SPRAVIŠĆE;14100.00;4;0.00
2025;24124881324;SAVEZ UDRUGA PEDAGOGA TEHNIČKE KULTURE ZAGREBA;14039.24;12;0.00
2025;42694751279;AUDIO PRO ARTIST D.O.O. ZA TRGOVINU I USLUGE;14015.58;6;0.00
2025;72404231081;TEHNOSTROJ DOO;14000.00;1;0.00
2025;07321284009;UDRUGA HRVATSKIH BRANITELJA DRAGOVOLJACA DOMOVINSKOG RATA;14000.00;1;0.00
2025;55172671510;DALTIC USLUGE DOO ZA TRGOVINU I USLUGE;14000.00;1;0.00
2025;57889075561;DISPUT D.O.O. ZA IZDAVAČKU DJELATNOST;14000.00;5;0.00
2025;72779993744;KULTURNO UMJETNIČKO DRUŠTVO CROATIA;14000.00;2;0.00
2025;69310442597;UDRUGA JEDNI ZA DRUGE;13950.00;3;0.00
2025;96202266101;SIRIUS - CENTAR ZA PSIHOLOŠKO SAVJETOVANJE, EDUK. I ISTRAŽ.;13900.00;3;0.00
2025;88596783413;UMJETNIČKA ORGANIZACIJA APLAUZ TEATAR;13900.00;6;0.00
2025;79343504226;ZAGREBAČKI KARTING SAVEZ;13892.64;12;0.00
2025;84549788599;MISTRAL DOO;13853.50;4;0.00
2025;93646862721;IVELSO PROJEKT DOO;13850.00;5;0.00
2025;84934386922;KERSCHOFFSET DOO;13830.63;5;0.00
2025;86889002552;VOLONTERSKI CENTAR ZAGREB;13800.00;2;0.00
2025;33049143378;IN STRIA DOO;13700.00;10;0.00
2025;40498868827;DURIEUX D.O.O. ZA IZD. I TISK. DJEL.,TRGOVINU,USL.I UVOZ-IZ.;13700.00;6;0.00
2025;89669284579;ODVJETNIK MARKO UJEVIĆ;13699.82;2;0.00
2025;95898073413;OREHOVEC I PARTNERI DOO;13636.21;2;0.00
2025;59624928052;SVEUČILIŠTE SJEVER;13625.00;1;0.00
2025;83795461036;SONABILIS DOO;13580.00;1;0.00
2025;88851244581;PART WOLF DOO ZA TRGOVINU I USLUGE;13535.00;1;0.00
2025;49480055222;ŽOLI SPORT DOO;13534.38;2;0.00
2025;42889250808;ELEKTRONIČKI RAČUNI DOO;13531.25;5;0.00
2025;59999692487;SAVEZ UDRUGA KLUBTURA;13500.00;4;0.00
2025;39316442148;CENTAR ZA CIVILNE INICIJATIVE;13500.00;1;0.00
2025;32665880846;AKADEMSKI ZBOR BAZILIKE SRCA ISUSOVA U ZAGREBU PALMA;13500.00;4;0.00
2025;17270995529;UDRUGA DOKUMETAR;13500.00;8;0.00
2025;00006522097;HRVATSKI FENIKS UDRUGA OBITELJI ZATOČ. I NEST. HRVAT. BRAN.;13500.00;3;0.00
2025;34986787710;SLOBODNA DOMENA ZADRUGA ZA OTVORENI KOD I DIZAJN;13404.30;1;0.00
2025;23603203647;MEANDAR  MEDIA D.O.O.;13400.00;5;0.00
2025;53355026937;UDRUGA TRAUMATIC ARTS;13400.00;3;0.00
2025;81228920036;KAZALIŠNA UDRUGA MIST;13400.00;5;0.00
2025;84490583679;B.A.B.E. - BUDI AKTIVNA - BUDI EMANCIPIRAN;13400.00;1;0.00
2025;42684119555;GEOSUPPORT DOO;13379.61;5;0.00
2025;04311886961;LP DESIGN MODNI STUDIO JDOO;13343.37;1;0.00
2025;67812141508;EMPORA DOO;13330.00;3;0.00
2025;98729360320;AVANTI TRAVEL D.O.O.;13312.50;29;0.00
2025;10626066704;MULTIMEDIJALNA KOLIBA;13260.00;5;0.00
2025;81549604617;HERC MAT DOO;13213.75;1;0.00
2025;52199176078;PRIVATNA GLAZBENA ŠKOLA IVA KUPREŠAK;13184.22;9;0.00
2025;27687512588;ARMUS D.O.O.;13168.75;1;0.00
2025;63264844366;GEO MEDIA D.O.O. ZA GEODETSKE POSLOVE;13139.56;2;0.00
2025;16626686704;ODVJETNIČKO DRUŠTVO ŠPEHAR & ŠPEHAR & RUKAVINA JTD;13121.87;9;0.00
2025;03749861205;ZAGREBAČKI SAVEZ CB RADIOKLUBOVA;13092.64;12;0.00
2025;85052273431;IMPORTANNE UPRAVITELJ DOO;13077.02;17;0.00
2025;15748798560;MAKSIMUS D.O.O.;13076.30;162;0.00
2025;73216285877;AKSIJAL DOO;13071.32;13;0.00
2025;20104420784;ZELENA AKCIJA;13040.00;3;0.00
2025;24136857762;ZAGREBAČKI BADMINTONSKI SAVEZ;13027.10;1;0.00
2025;92730179348;TEHNOZAŠTITA DOO;13004.00;70;0.00
2025;51629434968;UDRUGA KAZALIŠTE, VIZUALNE UMJETNOSTI I KULTURA GLUHIH-DLAN;13000.00;8;0.00
2025;82033688960;ANSAMBL ZA RANU GLAZBU MINSTREL;13000.00;2;0.00
2025;26597112845;HSPD PODGORAC GRAČANI;13000.00;2;0.00
2025;95853143361;UDRUGA PROFESIONALNIH GLAZBENIKA DIAPASON;13000.00;4;0.00
2025;15166919807;90-60-90 - PLATFORMA ZA SUVREMENU UMJETNOST;13000.00;2;0.00
2025;55965343564;UDRUGA RODITELJA POGINULIH BRANITELJA DOMOVINSKOG RATA;13000.00;3;0.00
2025;47892285786;CENTAR ZA KNJIGU;13000.00;4;0.00
2025;53742294882;HRVATSKI GENERALSKI ZBOR;13000.00;2;0.00
2025;03944118832;OTVORENA RAČUNALNA RADIONICA SVI SMO PROTIV;13000.00;3;0.00
2025;61696311437;HRVATSKA UDRUGA ZA RANU INTERVENCIJU U DJETINJSTVU;12980.00;5;0.00
2025;30244300986;GOLF SAVEZ GRADA ZAGREBA;12969.87;1;0.00
2025;34430285985;HRVATSKA UDRUGA ZA ZAŠTITU POTROŠAČA;12960.00;5;0.00
2025;82067332481;ERNST & YOUNG SAVJETOVANJE D.O.O.;12907.50;2;0.00
2025;06248184777;UDRUGA TIGAR 90/91 RAKITJE;12900.00;2;0.00
2025;67066083351;SPECIJAL DOO;12880.00;1;0.00
2025;88157607340;ZAGREBAČKI BASEBALL SAVEZ;12856.25;1;0.00
2025;97214913772;INICIJATIVA MLADIH ZA LJUDSKA PRAVA;12789.33;2;0.00
2025;81873549225;CESI - CENTAR ZA EDUKACIJU, SAVJETOVANJE I ISTRAŽIVANJE;12776.44;2;0.00
2025;78563265065;LEYO PRODUCTION JDOO;12750.01;6;0.00
2025;28825788085;SIDEAS DOO;12731.25;5;0.00
2025;08692235081;HRVATSKA SOCIJALNO LIBERALNA STRANKA GO GRAD ZAGREB;12668.42;4;0.00
2025;82642859813;DOM I NACIONALNO OKUPLJANJE;12650.00;2;0.00
2025;42763740026;RETRO FUTURIZAM DOO ZA USLUGE;12600.00;1;0.00
2025;67110768482;GRANDMA FOGG DOO ZA UGOSTITELJSTVO I USLUGE;12600.00;1;0.00
2025;87404223650;DOM ZA STARIJE OSOBE DOM MEDIMAR PRIGORJE;12600.00;1;0.00
2025;90465650221;GEOAQUA D.O.O.;12584.40;7;0.00
2025;57029260362;FAKULTET ELEKTROTEHNIKE I  RAČUNARSTVA;12500.00;4;0.00
2025;26148807337;PROSTORNE TAKTIKE DOO;12500.00;1;0.00
2025;20963249418;KPMG CROATIA DOO;12500.00;2;0.00
2025;69330146396;ALERT DOO;12500.00;5;0.00
2025;32415362804;HRVATSKO DRUŠTVO PROFESIONALNIH BALETNIH UMJETNIKA;12500.00;6;0.00
2025;71001411174;KINDER GRADNJA DOO;12485.64;2;0.00
2025;01688741346;PRIJATELJI ŽIVOTINJA;12475.00;5;0.00
2025;01007835162;BAR - ING D.O.O. ZA GRADITELJSTVO, PROMET ROBA I USLUGA;12421.85;19;0.00
2025;09181055893;UDRUGA ZA PODRŠKU OSOBAMA S INTELEKTUALNIM OŠT. GR. ZAGREBA;12383.00;2;0.00
2025;04303799227;WYG SAVJETOVANJE DOO;12337.50;1;0.00
2025;12994195921;UDRUGA ZNANJE NA DJELU;12303.34;1;0.00
2025;29284356244;UDRUGA ŽENA OBOLJELIH I LIJEČENIH OD RAKA SVE ZA NJU;12300.00;5;0.00
2025;38029090084;UREDSKI SISTEMI D.O.O.;12244.63;6;0.00
2025;80635539984;UMJETNIČKA ORG. AUTORSKA RAD. KREACIJA ILUST. I KOR. MELONE;12230.00;5;0.00
2025;72602155595;MGV D.O.O.;12230.00;9;0.00
2025;55855308410;ENVIRONMENTAL WASTE MENAGEMENT PLUS DOO;12205.28;11;0.00
2025;19780973350;ŠKOLSKI ŠPORTSKI SAVEZ GRADA ZAGREBA;12180.00;3;0.00
2025;60382881936;UNIMEX DOO;12174.94;2;0.00
2025;24609562673;PRIVATNA KLASIČNA GIMNAZIJA;12173.49;8;0.00
2025;69022699714;POC D.O.O. ZA TRGOVINU I USLUGE;12148.00;5;0.00
2025;31770065778;SBT D.O.O.;12139.64;3;0.00
2025;25254683372;CELVITA -ŽIVOT S CELIJAKIJOM;12050.00;2;0.00
2025;49906895606;GEODETSKI PROJEKTI I SUSTAVI D.O.O.;12047.48;6;0.00
2025;44424423718;AKADEMSKI ZBOR FIL. FAKULTETA U ZAGREBU CONCORDIA DISCORS;12000.00;2;0.00
2025;03542351591;KUD BUKOVAC;12000.00;4;0.00
2025;91216625495;GUDAČKI KVARTET SEBASTIAN;12000.00;2;0.00
2025;97919217101;MAČEVALAČKI SAVEZ ZAGREBA;12000.00;2;0.00
2025;17275154917;UDRUGA BOŠNJAKA BRANITELJA DOMOVINSKOG RATA HRVATSKE;12000.00;3;0.00
2025;44758927543;UDRUGA FILMAKTIV;12000.00;2;0.00
2025;84108603042;HRVATSKA UDRUGA ZA ŠKOLOVANJE PASA VODIČA I MOBILITET;12000.00;2;0.00
2025;64532035351;ORIS KUĆA ARHITEKTURE;12000.00;2;0.00
2025;12856140534;3 SISTERS & KO DOO ZA USLUGE;12000.00;2;0.00
2025;17456464878;UMJETNIČKA ORGANIZACIJA TEATAR ERATO;12000.00;2;0.00
2025;87911440551;PLANINARSKO DRUŠTVO SLIJEPIH PRIJATELJI PLANINA;12000.00;2;0.00
2025;94081753133;AUTOBAHN DOO;11992.45;8;0.00
2025;88292527040;INSTITUT ZA RAZVOJ OBRAZOVANJA;11975.45;1;0.00
2025;64834048134;BORNFIGHT DOO ZA TRGOVINU I USLUGE;11935.68;1;0.00
2025;19891482616;AVISON YOUNG DOO;11875.00;1;0.00
2025;84386181608;GEO KOM DOO;11848.94;1;0.00
2025;06947174377;RODITELJI U AKCIJI - RODA;11750.00;3;0.00
2025;64007364353;TIBERIUS HOTELS DOO;11749.76;5;0.00
2025;45593438856;NEPHOS DOO;11687.50;1;0.00
2025;85711899569;SODABERG KOREOGRAFSKI LABORATORIJ;11680.00;4;0.00
2025;36945599917;ALPHEUS DOO;11655.72;1;0.00
2025;82487328170;ODVJETNIČK DRUŠTVO KRIŽANOVIĆ I PARTNERI;11571.00;1;0.00
2025;02019557948;ARHITEKTURA KRITOVAC JDOO;11568.80;4;0.00
2025;56887977144;VEKTRA DOO;11530.88;3;0.00
2025;75226535695;MULTIMEDIJALNA UMJETNIČKA ORGANIZACIJA BACAČI SJENKI;11500.00;6;0.00
2025;13991651353;PRUDENS CERTUS DOO;11498.68;13;0.00
2025;64561910814;POLITIČKA STRANKA PLAVI GRAD;11450.00;3;0.00
2025;80621111596;UDRUGA ZA UNAPREĐENJE KVALITETE ŽIVLJENJA LET;11420.00;3;0.00
2025;33039197637;BANKA KOVANICA D.D.;11408.00;12;0.00
2025;87413386246;UDRUGA VETERANA VOJNIKA I DOMOLJUBA;11400.00;3;0.00
2025;42871852309;HUKI HRVATSKI URED ZA KREATIVNOST I INOVACIJE;11391.78;1;0.00
2025;43594593297;SVEUČILIŠTE U ZAGREBU - GEODETSKI FAKULTET;11375.00;1;0.00
2025;71803193641;28. SAMOSTALNA DRUŽINA IZVIĐAČA DUBRAVA;11312.87;1;0.00
2025;98085750114;MOTOVUN FILM FESTIVAL;11312.50;5;0.00
2025;33104804103;DOBRO RJEŠENJE DOO;11293.96;1;0.00
2025;62072419083;BEMING D.O.O. ZA PROJEKTIRANJE PROMET I USLUGE;11260.00;3;0.00
2025;03712423434;MIG ZAGREB DOO;11257.50;2;0.00
2025;58992153451;"KUD "" SV. ANA "" ODRANSKI OBREŽ";11250.00;4;0.00
2025;08515564665;MGS GRUPA DOO ZA TRGOVINU I USLUGE;11237.75;1;0.00
2025;79695515983;ELDRA DOO;11231.25;2;0.00
2025;28196458592;HRVATSKA ZAJEDNICA ZA DOWN SINDROM;11184.02;2;0.00
2025;16501731296;ODRED IZVIĐAČA PLAVI PINGVIN;11160.20;1;0.00
2025;82683059627;SAVEZ DRUŠTAVA NAŠA DJECA HRVATSKE;11139.01;5;0.00
2025;13098814054;PRIVATNA UMJETNIČKA GIMNAZIJA;11124.93;8;0.00
2025;01740946437;ČISTEĆI MEDVJEDIĆI;11110.70;13;0.00
2025;66600467059;NATILLUM DOO;11052.10;9;0.00
2025;48954570891;KOMIKAZE;11000.00;4;0.00
2025;28251263363;ANSAMBL NARODNIH PLESOVA I PJESAMA HRVATSKE LADO;11000.00;3;0.00
2025;86743344470;HRVATSKO GRAFIČKO GLAZBENO DRUŠTVO SLOGA;11000.00;4;0.00
2025;87517500775;JADRANSKA ANIMACIJA;11000.00;2;0.00
2025;43980170614;ENERGETSKI INSTITUT HRVOJE POŽAR;11000.00;1;0.00
2025;86744847407;STUDIO GALERIJA KLET;11000.00;6;0.00
2025;32771826318;ADOPTA - UDRUGA ZA POTPORU POSVAJANJU;11000.00;2;0.00
2025;25531283613;SELMET D O O;10973.75;16;0.00
2025;62813807687;INSTITUT ZA STRUČNO USAVRŠAVANJE MLADIH;10900.00;3;0.00
2025;12487607392;UDRUGA SKAUTA SAVSKI GAJ;10899.53;1;0.00
2025;13653098314;ENERGONOVA D.O.O.;10875.00;2;0.00
2025;28048960411;MUZEJSKI DOKUMENTACIJSKI CENTAR;10850.00;2;0.00
2025;05494093403;ZAVOD ZA ISTRAŽIVANJE I RAZVOJ SIGURNOSTI D.D.;10838.55;11;0.00
2025;80885983918;TEMPORIS SAVJETOVANJE D.O.O.;10787.61;17;0.00
2025;47921292656;RITEH PROJEKT DOO;10753.75;1;0.00
2025;06151137398;ODVJETNIČKO DRUŠTVO POCRNIĆ I SPIZ JTD;10737.95;6;0.00
2025;16014950561;KAOS DOO;10700.00;2;0.00
2025;04736811703;STEČAJNA MASA IZA ACO PETROVIĆ DOO U STEČAJU;10695.80;1;0.00
2025;29317746059;ZZ CONCEPT DOO;10657.50;1;0.00
2025;54999933265;PRIVITAS DOO;10652.77;10;0.00
2025;03868412563;PRIMAT - RD D.O.O.;10619.00;2;0.00
2025;00800437421;UDR.ZA PR.MED.KUL.,UMJET.I TOL.LUPIGA-SVIJET KROZ OBIČNE OČI;10610.00;1;0.00
2025;50738851908;UDRUGA PLAVI TELEFON;10550.00;2;0.00
2025;03202982606;KOAUTORSKA INICIJATIVA OOUR;10540.00;3;0.00
2025;56710900028;CEW INŽENJERING DOO;10520.14;21;0.00
2025;72454645041;BANDIĆ MILAN 365 STRANKA RADA I SOLIDARNOSTI U STEČAJU;10515.54;2;0.00
2025;26028100809;FOTO KLUB ZAGREB;10500.00;4;0.00
2025;88791184217;LAURA VIAN DOO ZA TRGOVINU I USLUGE;10500.00;1;0.00
2025;71728855653;DOM ZA STARIJE OSOBE ZLATNA JUTRA;10500.00;1;0.00
2025;92298427295;UČILIŠTE ZA LIKOVNO OBRAZOVANJE STUDIO TANAY;10500.00;6;0.00
2025;26731305854;ARHITEKTONSKI STUDIO PLATFORMA DOO ZA ARHITEKTURU;10466.67;2;0.00
2025;67345817198;MOST;10466.62;4;0.00
2025;38971455962;GRGUREVIĆ I PARTNERI DOO;10412.50;2;0.00
2025;24612272845;REGO STAN DOO;10383.06;173;0.00
2025;08575099734;AUGUSTINOVIĆ TGP DOO;10378.98;9;0.00
2025;86042683189;PAMA KOD DOO;10375.00;11;0.00
2025;85988954169;PLODOVI KOVAČEVIĆ D.O.O. ZA TRGOVINU I USLUGE;10307.67;1;0.00
2025;52097842295;AKADEMIJA DRAMSKE UMJETNOSTI ZAGREB;10300.00;4;0.00
2025;77020358466;HIPERION EOS UDRUGA;10300.00;2;0.00
2025;55825522817;CENTAR ZA ISTRAŽIVANJE MODE I ODIJEVANJA;10300.00;10;0.00
2025;38988695151;UMJETNIČKA ORGANIZACIJA T25;10200.00;4;0.00
2025;55950286097;FICE HRVATSKA;10162.87;2;0.00
2025;37166393069;DV DJEČJI GRAD;10153.02;13;0.00
2025;54518408379;GLAZBENA ŠKOLA BRKANOVIĆ;10090.38;9;0.00
2025;32286915975;BRUNATA D.O.O.;10071.55;67;0.00
2025;29113415030;CENTAR ZA ŽENE ŽRTVE RATA;10050.00;3;0.00
2025;02062417239;UDRUGA NIKOLA TESLA - GENIJ ZA BUDUĆNOST;10048.87;2;0.00
2025;17759905027;MORE MAGNETS DOO ZA AUDIOVIZUALNE DJELATNOSTI;10000.00;2;0.00
2025;59464213393;SPORTBOOK DOO;10000.00;1;0.00
2025;31631300738;PANAFRIČKO DRUŠTVO U HRVATSKOJ;10000.00;1;0.00
2025;51330436401;WOLF MEDIA DOO ZA PROMIDŽBU I SAVJETOVANJE;10000.00;1;0.00
2025;99949325354;UMJETNIČKA ORGANIZACIJA GLAZBENI STUDIO CA KU DA;10000.00;1;0.00
2025;56212778807;HRVATSKA UDRUGA ORKESTRALNIH I KOMORNIH UMJETNIKA;10000.00;2;0.00
2025;39975024346;NOMADSKA PLESNA AKADEMIJA;10000.00;2;0.00
2025;73921748059;KULTURNO - UMJETNIČKO DRUŠTVO KLAS PODSUSED;10000.00;2;0.00
2025;77960483520;POSITIVE GARDEN DOO;10000.00;1;0.00
2025;27813117925;NAKLADA OCEANMORE D.O.O. ZA IZDAVAŠTVO I USLUGE;10000.00;4;0.00
2025;32440842163;KULTURNA ORGANIZACIJA NIT;10000.00;7;0.00
2025;82409054661;MEDIART INTERNATIONAL;10000.00;2;0.00
2025;52066385288;HRVATSKA PERMAKULTURA;10000.00;1;0.00
2025;86002489770;UMJETNIČKA ORGANIZACIJA HATHOR;10000.00;3;0.00
2025;30866756128;UMJETNIČKA ORGANIZACIJA AD GLORIAM BRASS;10000.00;3;0.00
2025;85518289540;BILJKE I SVIRKE DOO;10000.00;1;0.00
2025;30782718666;SAVEZ UDRUGA HR BRANITELJA LIJEČENIH OD PTSP RH;10000.00;1;0.00
2025;88597255851;ZACAPAS JDOO;10000.00;1;0.00
2025;27421023481;UMJETNIČKA ORGANIZACIJA TOČKA NA I;10000.00;2;0.00
2025;04050684032;ART MAGAZIN KONTURA D.O.O.;10000.00;4;0.00
2025;73327808999;BELETRA JDOO ZA IZDAVAŠTVO I TRGOVINU;10000.00;8;0.00
2025;52628134117;UDURGA ZA PROMICANJE ARHITEKTURE I DIZAJN ZAGREB OPEN HOUSE;10000.00;2;0.00
2025;54929021685;INTER MARKET DOO PROIZVODNJA TRGOIVINA I USLUGE;10000.00;1;0.00
2025;61763011172;KAZALIŠTE ULYSSES;10000.00;2;0.00
2025;21347409553;GUDAČKI KVARTET PORIN;10000.00;2;0.00
2025;05008093400;GALERIJA MANUŠ DOO ZA TRGOVINU I USLUGE;10000.00;4;0.00
2025;89545645755;GLAZBENA ŠKOLA LADISLAV RAČIĆ;9951.38;9;0.00
2025;74555862029;AGRIVI DOO ZA PROIZVODNJU TRGOVINU I USLUGE;9901.38;1;0.00
2025;58768287364;OMEGA ENGINEERING DOO;9900.00;1;0.00
2025;85865200645;HRVATSKO DRUŠTVO PREVODITELJA ZNAKOVNOG JEZIKA;9900.00;1;0.00
2025;58266156757;ZRIN D.O.O.;9845.13;13;0.00
2025;63620386925;PRVA PRIVATNA GIMNAZIJA;9828.08;8;0.00
2025;43385851664;JAVOROVIĆ IDŽOJTIĆ I PARTNERI J.T.D.;9807.61;14;0.00
2025;72821368092;CENTAR ZA ŽENE MAJKE I DJECU RETO;9800.00;2;0.00
2025;87008886067;DRUŠTVO MULTIPLE SKLEROZE GRADA ZAGREBA;9800.00;1;0.00
2025;28399231832;GEOKOL D.O.O.;9790.00;1;0.00
2025;87650990470;GIMNAZIJA MARUL;9775.05;10;0.00
2025;68872960961;INEPTE GRIT JDOO;9750.00;1;0.00
2025;21632404131;EURODIGITAL DOO;9724.55;10;0.00
2025;28899338957;METAR MILIMETA DOO;9700.00;1;0.00
2025;06842385393;INŽENJERING ZA NAFTU I PLIN DOO;9700.00;1;0.00
2025;71002088474;BODONI DOO;9700.00;3;0.00
2025;32247795989;CROATIA BANKA ZAGREB;9688.56;36;0.00
2025;71107073888;ORDINO PLUS DOO;9676.02;24;0.00
2025;22224265669;HUMANISTIČKA GIMNAZIJA;9662.93;5;0.00
2025;98963841755;NAJSRETNIJA BEBA HRVATSKA;9650.00;3;0.00
2025;08622180689;SVIJET MEDIJA DOO;9647.44;10;0.00
2025;63242698145;TAHIMETAR D.O.O. ZA GEODETSKE DJELATNOSTI;9625.00;44;0.00
2025;06531687122;ANTE INŽENJERSTVO DOO;9615.00;2;0.00
2025;43817701790;VIVATIP D.O.O;9606.03;52;0.00
2025;32662225304;MJEŠOVITI PJEVAČKI ZBOR INA;9550.00;3;0.00
2025;97786650388;INFOMART ZAGREB DOO ZA TRGOVINU I USLUGE;9540.00;1;0.00
2025;17140959007;PASTOR TVA D.D.;9510.88;1;0.00
2025;06395707429;LUX FILM DOO;9500.00;2;0.00
2025;97119804777;CENTAR ZA KULTURU DIJALOGA CKD;9500.00;1;0.00
2025;14609641644;DRUŠTVO PRIJATELJA GLAGOLJICE;9500.00;6;0.00
2025;25979829037;DOBROVOLJNO VATROGASNO DRUŠTVO KAŠINA;9500.00;2;0.00
2025;95889895623;MATICA HRVATSKIH UMIROVLJENIKA NOVI ZAGREB;9500.00;4;0.00
2025;42821159693;NADBUSKUPSKI DUHOVNI STOL GLAS KONCILA UREDNIŠTVO I UPRAVA;9471.79;9;0.00
2025;61520657790;ODVJETNIČKO DRUŠTVO GRAHOVAC I PARTNERI DOO;9436.12;2;0.00
2025;46848215919;MATINS DOO ZA TRGOVINU I USLUGE;9407.17;4;0.00
2025;29948731533;HRVATSKI OGRANAK ASIFA;9400.00;6;0.00
2025;74145853679;ASCON INSTITUT D.O.O. ZA DJELATNOSTI U GRAĐEVINARSTVU;9368.00;5;0.00
2025;04275434760;OSNOVNA WALDROFSKA ŠKOLA SVETI JURAJ;9357.55;5;0.00
2025;44376546296;ZAGREBAČKI TENISKI SAVEZ;9324.50;1;0.00
2025;88507424442;BULJAN MILIČEVIĆ ARHITEKTI DOO;9250.00;7;0.00
2025;67115830398;PRIVATNA ŠKOLA FUTURA;9238.86;8;0.00
2025;89507962936;PROJEKT DANAS DOO ZA PROJEKTIRANJE I USLUGE;9200.00;1;0.00
2025;44896955616;DJEČJI VRTIĆ OSMIJEH;9144.34;10;0.00
2025;54776266991;KIF PRO DOO;9078.94;25;0.00
2025;99326633206;IMEX BANKA D.D. SPLIT, PODRUŽNICA ZAGREB;9030.00;12;0.00
2025;64520260081;GLAZBENA ŠKOLA BONAR;9007.71;9;0.00
2025;19433094750;UMJETNIČKA ORGANIZACIJA CANTA;9000.00;1;0.00
2025;69027569767;HRVATSKA SEKCIJA AICA;9000.00;2;0.00
2025;52827984480;DRUŠTVO DIPL.ING. I PRIJATELJA KEMIJSKO-TEHNOLOŠKOG STUDIJA;9000.00;4;0.00
2025;50695985390;UMJETNIČKA ORGANIZACIJA ANSAMBL ZA SUVREMENU GLAZBU SEZ;9000.00;1;0.00
2025;25327722351;KULTURNO UMJETNIČKA UDRUGA STARO BRESTJE;9000.00;2;0.00
2025;05870060725;UMJETNIČKA ORGANIZACIJA KAZALIŠNA DRUŽINA REBEL;9000.00;2;0.00
2025;26576739165;UMJETNIČKA ORGANIZACIJA PEROLAKA UNDERFEATHER;9000.00;2;0.00
2025;07273554923;UMJETNIČKA ORGANIZACIJA ORLANDO;9000.00;2;0.00
2025;84554015070;KUĆA LJUDSKIH PRAVA;8955.00;2;0.00
2025;22205928643;CAPTURA VENTI DOO;8950.00;1;0.00
2025;89698831318;GEO ROLO JDOO;8929.27;36;0.00
2025;86133480720;ROTH I ČERINA DOO;8812.50;1;0.00
2025;46736017727;JUJNOVIĆ LUČIĆ MARKOVIĆ IVANDIĆ GALIĆ ODVJETNIČKO DR DOO;8792.75;2;0.00
2025;19212513210;EURO DAUS D.D.;8774.00;26;0.00
2025;63786485524;DJEČJI VRTIĆ DJEČJI DVORI;8756.51;10;0.00
2025;47824453867;PREHRAMBENO BIOTEHNOLOŠKI FAKULTET;8750.00;2;0.00
2025;43192548848;PROFIL KNJIGA D.O.O.;8700.00;5;0.00
2025;42143577388;4 UHA DOO ZA USLUGE;8700.00;1;0.00
2025;64932576174;SAVEZ UDRUGA ZA AUTIZAM HRVATSKE;8700.00;1;0.00
2025;47999611775;UMJETNIČKA ORGANIZACIJA KALAMOS KVINTET;8690.00;4;0.00
2025;10764365836;O.A.Z.A. ODRŽIVA ALTERNATIVA ZAJEDNICI;8655.00;2;0.00
2025;17900115202;DRUŠTVO NAŠA DJECA MAKSIMIR;8650.00;2;0.00
2025;52320784425;UDRUGA ZA POPULARIZACIJU TEHNIČKE KULTURE MEHATRONIK;8645.00;3;0.00
2025;59660923775;TRAS STUDIO;8600.00;4;0.00
2025;18193003372;RONILAČKI KLUB ADRIATICRO ZAGREB;8599.00;2;0.00
2025;45858721414;ALEXANDER COMMERCE DOO;8598.14;2;0.00
2025;61390726555;MONEL UPRAVLJANJE DOO;8594.92;68;0.00
2025;08867307839;GEOBIRO AGOTIĆ GEODETSKE USLUGE DOO;8550.00;4;0.00
2025;76572513398;UDRUGA SINDIKAT BICIKLISTA;8520.00;3;0.00
2025;39447066877;UDRUGA ZA PROMICANJE KREATIVNOSTI  - VILIBALD;8518.00;2;0.00
2025;65229024026;PSIHOLOŠKI CENTAR TESA;8500.00;2;0.00
2025;71050182264;KULTURNO UMJETNIČKO DRUŠTVO VRAPČANCI;8500.00;4;0.00
2025;94095930282;UDRUGA NAJOSJETLJIVIJIH U OSPOSOBLJAVANJU;8500.00;1;0.00
2025;47332410099;OMF STURCTURAL SOLUTIONS DOO;8500.00;1;0.00
2025;96610468217;HANGAR 7 D.O.O. ZA USLUGE PROMOCIJE;8500.00;2;0.00
2025;53424695642;GREEN BUILDING DOO;8473.34;2;0.00
2025;03070423711;URAGUS CONSULTING DOO;8450.00;4;0.00
2025;71304602630;HIDRO LAB DOO;8442.50;1;0.00
2025;25040735127;ITS-CONSULTING D.O.O.;8400.00;8;0.00
2025;55562638214;CSS D.O.O. ZA KONTROLU KAKVOĆE MATERIJALA;8394.71;1;0.00
2025;95564030843;ŠIMARA DOO;8375.00;1;0.00
2025;08308894711;ESPLANADE OLEANDER DOO;8352.99;3;0.00
2025;86170416512;DOMAK D.O.O.;8343.83;11;0.00
2025;26869189308;UDRUGA DARIVATELJA KRVI;8300.00;3;0.00
2025;92392153860;HRVATSKO LIKOVNO DRUŠTVO;8300.00;8;0.00
2025;61126612614;LOVAČKO DRUŠTVO SOKOL STUPNIK;8300.00;2;0.00
2025;55881947276;SKIJAŠKI KLUB ZA OSOBE S INVALIDITETOM SLJEME;8300.00;1;0.00
2025;10125150281;LOVAČKA UDRUGA LUG;8300.00;2;0.00
2025;79538371339;HSLD VEPAR ČUČERJE;8299.00;2;0.00
2025;84170114747;INŽENJERSKI BIRO D.D.;8231.25;9;0.00
2025;03921225635;LINIGRA PRIVATNA ŠKOLA S PRAVOM JAVNOSTI;8210.64;5;0.00
2025;98505210337;KAZIVAČICA DOO;8200.00;5;0.00
2025;21662052207;VICTORIUS GOLD JDOO;8200.00;1;0.00
2025;53015506680;UMJETNIČKA ORGANIZACIJA TEATRUM;8190.00;3;0.00
2025;84221196342;UDRUGA KUMULUS ZA RAZVOJ KOMPETENCIJA UČENJE MEDIJACIJU;8150.00;2;0.00
2025;42928524403;SAVEZ DRUŠTVA MULTIPLE SKLEROZE HRVATSKE;8100.00;1;0.00
2025;20023728589;GROWTH STRATEGIES DOO;8066.64;8;0.00
2025;44670908452;TISKARA ZELINA D.D.;8058.75;1;0.00
2025;95767218364;UDRUGA KAMENSKO;8003.00;2;0.00
2025;99339634780;VITA PROJEKT DOO;8000.00;1;0.00
2025;97682936766;UDRUGA URANIA;8000.00;3;0.00
2025;98717507103;LECTIRUM KAZALIŠNA GRUPA - ZAGREB;8000.00;2;0.00
2025;87193551278;AUTORSKI STUDIO FOTOGRAFIJA FILM VIDEO;8000.00;6;0.00
2025;49426998734;HRVATSKO DRUŠTVO FILMSKIH KRITIČARA;8000.00;4;0.00
2025;86341348358;STILUS KNJIGA DOO;8000.00;3;0.00
2025;34202025084;HRVATSKO MUZEJSKO DRUŠTVO;8000.00;2;0.00
2025;29683717648;UMJETNIČKA ORGANIZACIJA KADAR;8000.00;2;0.00
2025;80627693538;ZNANJE D.O.O.;8000.00;4;0.00
2025;85852827713;UDRUGA RODITELJA KORAK PO KORAK;8000.00;1;0.00
2025;27566547682;HRVATSKA UDRUGA NASTAVNIKA POVIJESTI;8000.00;1;0.00
2025;66044886147;POZITIVAN RITAM DOO;8000.00;2;0.00
2025;72527226756;CEKAPE CENTAR ZA KREATIVNO PISANJE;8000.00;3;0.00
2025;86007567711;UDRUGA ZA PROMICANJE KVALITETE ŽIVLJENJA MOJ SVIJET;8000.00;2;0.00
2025;37274655922;PARI PIKULE;8000.00;2;0.00
2025;27724964337;SESVETE DANAS JDOO;7907.80;1;0.00
2025;44722882085;UMJETNIČKA ORGANIZACIJA FAKIN TEATAR;7900.00;2;0.00
2025;10092526969;UMJETNIČKA ORGANIZACIJA SPECIJALNI EFEKTI;7900.00;3;0.00
2025;97517626928;KATOLIČKA UDRUGA KAP DOBROTE;7900.00;1;0.00
2025;53274205079;UDRUGA OSOBA S AMPUTACIJOM UDOVA GRADA ZAGREBA I ZAGR ŽUP;7900.00;1;0.00
2025;60602848357;FEHER I JURKOVIĆ DOO;7889.00;3;0.00
2025;65208209102;UMJETN ORGANIZACIJA KAZALIŠNA  DRUŽINA TEATAR PUNA KUĆA;7800.00;4;0.00
2025;54331164416;UMJETNIČKA ORGANIZACIJA KAZALIŠNA DRUŽINA SMJEŠKO;7800.00;4;0.00
2025;07438218392;OŠ CENTAR;7796.41;8;0.00
2025;75508711169;M.M.BOBAN VINODOL D.O.O.;7759.00;2;0.00
2025;41280267782;STIV MED DOO;7736.18;2;0.00
2025;90332893585;DOMIN PLIN DOO;7727.67;3;0.00
2025;55993768232;CENTAR ZA PODRŠKU RODITELJSTVU RASTIMO ZAJEDNO;7700.00;1;0.00
2025;01493545031;LITTERIS D.O.O.;7700.00;3;0.00
2025;01681646554;DRŽAVNA ŠKOLA ZA JAVNU UPRAVU;7680.00;3;0.00
2025;99421577215;ZVONA USLUGE D.O.O.;7661.65;3;0.00
2025;87679956140;ČAZMATRANS PUTNIČKA AGENCIJA D.O.O.;7657.50;5;0.00
2025;35536574301;MAGIĆMARINAC DOO ZA PROMIDŽBU I DIZAJN;7653.90;3;0.00
2025;35185002680;HRVATSKA UDRUGA ZA EPILEPSIJU;7650.00;2;0.00
2025;62924153420;SVEUČILIŠTE U ZAGREBU GRAĐEVINSKI FAKULTET;7648.03;7;0.00
2025;30987102177;GLAZBENA ŠKOLA LATIDO;7627.00;4;0.00
2025;40051035570;MREŽA ZNANJA DOO;7625.00;2;0.00
2025;06079559748;SAVEZ KOMUNIKACIJSKIH POSREDNIKA HRVATSKE;7600.00;10;0.00
2025;11286821452;PAVLE KALINIĆ NEZAVISNA LISTA;7550.00;2;0.00
2025;68137150346;STRUDES DOO;7521.39;7;0.00
2025;19702214044;PRODITUS DOO;7500.00;2;0.00
2025;20825618312;ETHNO D.O.O. ZA PLESNO - GLAZBENU PODUKU;7500.00;4;0.00
2025;46740140320;PJEVAČKA UDRUGA CANTUS ANTE OMNIA;7500.00;2;0.00
2025;77038662963;GLAZBENI KLUB LISINSKI;7500.00;4;0.00
2025;86170764380;GOSPODNETIĆ SINGERS;7500.00;4;0.00
2025;15444007875;UMJETNIČKA ORGANIZACIJA OVA;7500.00;4;0.00
2025;65417376510;UDRUGA SUPERVAL;7500.00;2;0.00
2025;18965816268;SUPERNORMAL DOO;7500.00;1;0.00
2025;23594185303;MJEŠOVITI PJEVAČKI ZBOR LIRA;7500.00;2;0.00
2025;99063153817;UDRUGA GRAĐANA - TREĆA ŽIVOTNA DOB TREŠNJEVKA;7500.00;7;0.00
2025;18275884674;TAU PROJEKT DOO;7456.00;5;0.00
2025;26525403450;DRUŠTVO ZA KOMUNIKACIJSKU I MEDIJSKU KULTURU;7400.00;2;0.00
2025;31989866591;STAJER - GRAF TISKARA I IZDAVAŠTVO D.O.O.;7400.00;2;0.00
2025;74145480771;B2B GLOBAL DOO;7378.40;1;0.00
2025;57189591567;VATROPROMET D.O.O.;7350.79;5;0.00
2025;75502271466;UDRUGA RODITELJA DJECE  S TEŠK U RAZV I OS S INV PUT U ŽIVOT;7350.00;2;0.00
2025;17555443112;TERMOTEHNIČKI INŽENJERING D.O.O.;7334.53;9;0.00
2025;99416792352;RAZMJER DOO;7328.57;13;0.00
2025;85038594186;UNOCERT JDOO;7313.72;5;0.00
2025;62871653225;AUREL DOO;7308.32;4;0.00
2025;40195112114;JESENSKI I TURK D.O.O.;7300.00;2;0.00
2025;05106850717;ŠKORO D.O.O. ZA INŽ. TRGOVINU VANJSKOTRGOVINSKO POSLOVANJE;7300.00;2;0.00
2025;90262715449;UDRUGA HRVATSKA KUĆA MATERINA PRIČA;7300.00;1;0.00
2025;65109082459;CENTRUM STAN DOO;7295.37;3;0.00
2025;73413591922;JURJEVIĆ LJILJANA;7291.94;2;0.00
2025;67802486370;ORELIUS SAVJETOVANJE DOO;7256.25;8;0.00
2025;45670382229;LAG MEDITERANEO DOO;7242.70;61;0.00
2025;60640803807;POZOR D.O.O. ZA PROIZVODNJU, TRGOVINU I USLUGE;7134.00;1;0.00
2025;93462267870;CENTAR AKCIJA DOO;7126.29;10;0.00
2025;27793440828;KUNA ZLATICA DOO USLUGE;7125.00;2;0.00
2025;25583342364;NAKLADA SEMAFORA D.O.O.;7100.00;3;0.00
2025;22233467982;AIKI EN UDRUGA ZA PROMICANJE SKLADNOG ŽIVLJENJA;7050.00;3;0.00
2025;82381111852;PETIKAT-UMJETNIČKA RADIONICA;7050.00;5;0.00
2025;21306127592;ARHITEKTONSKI ATELIER HRŽIĆ D.O.O.;7047.13;2;0.00
2025;33073355651;UD. SUDACA ZA MLADEŽ, OB. SUDACA I STRUČNJAKA ZA DJECU I ML.;7000.00;1;0.00
2025;46079083717;UDRUGA OTOMPOTOM;7000.00;4;0.00
2025;00642324168;UMJETNIČKA ORGANIZACIJA KATANA;7000.00;2;0.00
2025;17461980919;IMAGINATION UDRUGA ZA KREATIVNOST I DRUŠTVENI RAZVOJ;7000.00;2;0.00
2025;45263394181;SAVEZ UDRUGA - HRVATSKI SABOR KULTURE;7000.00;8;0.00
2025;44712439481;LUDA KUĆA DOO;7000.00;1;0.00
2025;84365203685;UMJETNIČKA ORGANIZACIJA JAVNI PROSTOR;7000.00;1;0.00
2025;77853441718;HRVATSKO FILOLOŠKO DRUŠTVO;7000.00;1;0.00
2025;90536575698;UMJETNOST ZA GRAD;7000.00;1;0.00
2025;56690743343;UMJETNIČKA ORGANIZACIJA KLUBVIZIJA;7000.00;6;0.00
2025;37542157991;GUDAČKI KVARTET RUCNER;7000.00;1;0.00
2025;31232012833;UDRUGA HRVATSKIH DRAGOVOLJACA DOMOVINSKOG RATA;7000.00;2;0.00
2025;73852828801;BULAJA NAKLADA DOO;7000.00;4;0.00
2025;49389702900;UMJETNIČKA ORGANIZACIJA AKUSTIČNI PROJEKT;7000.00;2;0.00
2025;89604041825;MONE SALE DOO;7000.00;1;0.00
2025;75098249817;HASHTAG J.D.O.O. ZA USLUGE;7000.00;2;0.00
2025;50704666880;UMJETNIČKA ORGANIZACIJA NIKAD KRAJA;7000.00;2;0.00
2025;63324109596;HRVATSKI HELSINŠKI ODBOR ZA LJUDSKA PRAVA;7000.00;1;0.00
2025;14388151188;KULTURNO UMJETNIČKO DRUŠTVO MLADOST;7000.00;2;0.00
2025;62908105506;BOOKGLOBE - STRANA KNJIŽARA D.O.O.;7000.00;3;0.00
2025;67380110207;MA3X SAVJETOVANJE DOO;7000.00;1;0.00
2025;67133767603;KUD FRANKOPAN REMETE;7000.00;2;0.00
2025;13965170689;ACCURO SISTEMI DOO ZA ZAŠTITU OD POŽARA;6996.25;1;0.00
2025;45990641695;AD LIBITUM D.O.O.;6966.88;40;0.00
2025;08465235935;SAVEZ DRUŠTAVA DISTROFIČARA HRVATSKE;6950.00;2;0.00
2025;98921458604;SENS DESIGN DOO;6900.00;2;0.00
2025;79590804159;DJEVOJAČKI ZBOR MOZARTINE;6900.00;3;0.00
2025;95784618674;VETERINARSKA STANICA REMETINEC DOO;6875.00;6;0.00
2025;90241099244;KUD VRHOVJE ŽUPE DUBRANEC;6870.00;4;0.00
2025;20018217209;GREEN ALLIANCE JDOO;6870.00;1;0.00
2025;82807244545;UNICITAS DOO ZA INFORMATIKU I USLUGE;6850.00;8;0.00
2025;33725552892;OPUS OPERIS D.O.O. ZA UPRAVLJANJE NEKRETNINAMA;6845.26;26;0.00
2025;08810240600;UMJETNIČKA ORGANIZACIJA OMNIBUS;6825.60;10;0.00
2025;98475092745;IMAG MEDICAL DOO ZA TRGOVINU I USLUGE;6812.50;1;0.00
2025;38923369367;PLES I DIJETE-DANCE AND THE CHILD INTERNAT. -DACI HRVATSKA;6800.00;4;0.00
2025;34263970274;HRVATSKO TURSKA UDRUGA PRIJATELJSTVA;6800.00;3;0.00
2025;54793730035;GEOTEHNIKA DOO;6760.00;1;0.00
2025;68471124993;TB INSTAL DOO;6750.00;2;0.00
2025;81103558092;E ON ENERGIJA D.O.O. ZA OPSKRBU ENERGIJOM;6745.46;12;0.00
2025;11726361485;LARIX PLUS DOO;6734.31;2;0.00
2025;47719259482;KEMIS TERMOCLEAN D.O.O.;6719.54;14;0.00
2025;93089936989;ODVJETNIČKO DRUŠTVO SCHMIDT&MUNDWEIL JDT;6707.93;2;0.00
2025;09991866976;LOVAČKO DR. ZA UZGOJ ZAŠTITU I LOV DIVLJAČI FAZAN ŠESTINE;6700.00;3;0.00
2025;47937571736;UDRUGA ART ŠKOLA;6700.00;2;0.00
2025;76572111427;ODVJETNIČKO DRUŠTVO VIDMAR I PARTNERI JTD;6682.11;3;0.00
2025;79058504140;DRŽAVNE NEKRETNINE D.O.O.;6678.80;182;0.00
2025;27143474150;ZAGREBAČKA MEDRESA DR.AHMET SMAILOVIĆ SREDNJA ŠKOLA;6627.91;6;0.00
2025;31353703983;GEO OMEGA DOO;6610.00;2;0.00
2025;22694857747;EUROHERC OSIGURANJE D.D.;6605.14;4;0.00
2025;57683978003;POTOMAC GRUPA DOO;6596.10;2;0.00
2025;42385477438;ODVJETNIČKO DRUŠTVO JURČIĆ I PRPIĆ JTD;6572.82;1;0.00
2025;58504940708;REA UDRUGA ZA SUVREMENE UMJETNIČKE I ARHITEKT PRODUKCIJE;6500.00;4;0.00
2025;50017293225;UDRUGA ZA PROMOCIJU KLAPA I KLAPSKE PJESME ARMORIN;6500.00;4;0.00
2025;20718454769;STUDIO BOOM JDOO;6500.00;2;0.00
2025;35361878872;HRVATSKA UDRUGA ZA BORBU PROTIV HIV-A I VIRUSNOG HEPATITISA;6500.00;2;0.00
2025;62862237866;HRVATSKI SAVEZ GLUHIH I NAGLUHIH;6500.00;1;0.00
2025;12091168733;HRVATSKA KNJIŽNICA ZA SLIJEPE;6500.00;2;0.00
2025;82550210527;ODVJETNIČKO DRUŠTVO MUSULIN I SURADNICI DOO;6497.28;13;0.00
2025;85098617057;NOVA LJEVICA;6471.08;2;0.00
2025;09312145457;VIACON D.O.O. ZA PROJEKTIRANJE I STR. NADZOR GRAĐENJA;6450.00;3;0.00
2025;48965552098;ITER PLAN D.O.O.;6429.34;3;0.00
2025;87808634981;CGP GRADNJA DD PODRUŽNICA ZAGREB;6428.83;1;0.00
2025;13312298181;UDRUGA PODUZETNI;6415.49;1;0.00
2025;05587151358;VEDIS D.O.O.;6400.00;4;0.00
2025;88549046490;UDRUGA HRVATSKIH TROMBONISTA I TUBISTA BUSINA;6400.00;2;0.00
2025;58625644370;Z EVENTI & PROMOCIJA JDOO ZA USLUGE;6367.05;1;0.00
2025;67106123722;OŠTRO CENTAR ZA ISTRAŽIVAČKO NOVINARSTVO U JADRANSKOJ REGIJI;6363.50;1;0.00
2025;27050468625;TEA ELEKTRONIK DOO;6341.46;5;0.00
2025;32111742300;ZAGREB PLAKAT DOO;6337.50;12;0.00
2025;61799838217;3D2D ANIMATORI D.O.O. ZA PROIZVODNJU I PROMET AUDIOV.DJELA;6300.00;1;0.00
2025;85566146264;"CENTAR ZA EDUKACIJU I SAVJETOVANJE ""SUNCE""";6300.00;2;0.00
2025;64443113506;PROJEKTNA INTELIGENCIJA DOO;6250.00;1;0.00
2025;90861994030;KOLEKTIRV I ZA PRAVA TRANS INTERSPOL I RODNO VARIJANTNIH OSB;6250.00;2;0.00
2025;67731157773;FLUVIUS DOO;6246.00;1;0.00
2025;06907657180;EUROINSPEKT EUROTEXTIL DOO;6243.75;1;0.00
2025;60755958894;PARKLIO DOO;6239.50;1;0.00
2025;62969535840;BAČELIĆ DOO;6229.34;1;0.00
2025;87035030616;TVORNICA UMJETNOSTI;6203.82;1;0.00
2025;20301760309;PROSTOR EMANCIPACIJE;6200.00;2;0.00
2025;99944170669;TEB POSLOVNO SAVJETOVANJE D.O.O.;6194.00;16;0.00
2025;15263066301;AUTOBUSNI PRIJEVOZ D.O.O. ZA PRIJEVOZ I USLUGE;6190.02;11;0.00
2025;15370173467;GAP ELEMENT D.O.O.;6187.59;57;0.00
2025;98114286676;GREETHINGS DOO;6186.00;1;0.00
2025;55893106593;VIS SOLUTIONSDOO ZA USLUGE;6182.82;1;0.00
2025;88567785567;EVENT SIGURNOST DOO ZA ZAŠTITU;6175.00;1;0.00
2025;84430586938;RUDAN D.O.O.;6150.00;1;0.00
2025;41856116339;IMAGO REKLAMNA AGENCIJA DOO;6143.75;1;0.00
2025;45516696263;LINDEN PARK CONSULTING DOO ZA SAVJETOVANJE;6125.00;1;0.00
2025;69466905498;FITING PROJEKT DOO;6125.00;1;0.00
2025;47135235754;LATINA ET GRAECA INSTITUT ZA KLASIČNE JEZIKE I ANTIČKU CIVI.;6100.00;3;0.00
2025;71823033614;AUGUSTINI D.O.O. ZA PROIZVODNJU I PROMET ROBA;6080.00;1;0.00
2025;59277516449;DOBROVOLJNO VATROGASNO DRUŠTVO KUPINEČKI KRALJEVEC;6078.04;14;0.00
2025;22388062345;PROMO SPOT DOO;6045.26;1;0.00
2025;93236267940;VITALMAX USLUGE DOO;6041.25;19;0.00
2025;90835965601;UDRUGA ZA ZAŠTITU I PROMICANJE PRAVA ŽIVOTINJA RINA;6000.00;2;0.00
2025;03905770964;MUŠKI VOKALNI ANSAMBL ŠPANSKO;6000.00;2;0.00
2025;98079087430;SAMOBORSKI UDARALJKAŠI;6000.00;1;0.00
2025;55965223160;LUTKARSKI EKSPERIMENTALNI TEATAR;6000.00;1;0.00
2025;56503270284;UMJETNIČKA ORGANIZACIJA LAĐA OD VODE;6000.00;3;0.00
2025;48553989812;KULTIPRAKTIK -UDRUGA ZA KREAKCIJU;6000.00;4;0.00
2025;33513461597;DIGITAL CINEMA ENVIRONMENT DOO;6000.00;1;0.00
2025;39538904049;DIVAN TEATAR;6000.00;4;0.00
2025;91842476134;UMJETNIČKA ORGANIZACIJA ODEON;6000.00;2;0.00
2025;52165661369;UDRUGA HRVATSKIH UČITELJA LIKOVNE IZOBRAZBE;6000.00;4;0.00
2025;92930488094;UMJETNIČKA ORGANIZACIJA TOCHKA STVARANJE HUMANIJE TEHNOSFERE;6000.00;2;0.00
2025;24970545992;UDRUGA ANTIFAŠISTA ZAGREB JUG;6000.00;2;0.00
2025;87539671553;STANDARD ODRŽAVANJE D.O.O. ZA UPRAVLJANJE ZGRADAMA I OD.ZG.;6000.00;1;0.00
2025;25886673903;PLAYBOX PRODUCTION UDRUGA ZA PROM FILMSKE I VIDEO UMJ;6000.00;1;0.00
2025;47976493474;ZAGREBAČKI BRIDŽ SAVEZ;6000.00;1;0.00
2025;15978402700;HRVATSKO DRUŠTVO KARIKATURISTA;6000.00;6;0.00
2025;93966915493;HRVATSKI GLAZBENI ZAVOD;6000.00;4;0.00
2025;87703928851;KULTURNO UMJETNIČKO DRUŠTVO ORAČ;6000.00;2;0.00
2025;85974816503;SABMARINE;6000.00;2;0.00
2025;08264522179;MODERNA VREMENA INFO D.O.O.¸;6000.00;2;0.00
2025;16601173483;PČELARSKO DRUŠTVO ZAGREB;6000.00;2;0.00
2025;88708501458;JELENČIĆ I PRGOMET DOO;5981.18;2;0.00
2025;50467974870;MAKROMIKRO GRUPA D.O.O.;5955.59;5;0.00
2025;95655503325;NOVUS GRAPHIC SOLUTIONS DOO;5954.94;4;0.00
2025;98019312130;PROJEKT DOMOVINA;5950.00;3;0.00
2025;26724775299;UDRUGA ZAŠTITU I PROMICANJE LJUDSKIH PRAVA SOFIJA;5900.00;2;0.00
2025;30481274266;HRVATSKA UDRUGA ZA ALZHEIMEROVU BOLEST;5900.00;2;0.00
2025;24402228894;UDD UDRUGA ZA DEMOKRATSKO DRUŠTVO;5900.00;1;0.00
2025;40837433443;DJEČJI ZBOR MOZARTINE;5900.00;3;0.00
2025;49466521634;HRVATSKI SAVEZ SLIJEPIH;5900.00;1;0.00
2025;80490106348;ODRED IZVIĐAČA MAĐARA ZRINYI MIKLOS;5895.72;1;0.00
2025;35909842074;AL TEH DOO;5863.73;2;0.00
2025;15718789803;INŽENJERING GRADNJA DOO;5863.03;1;0.00
2025;68777159447;UDRUGA MINIJATURISTA MAKETARA I IGRAČA AGRAM;5814.65;1;0.00
2025;06619898126;SUNCOKRET OLJIN ODGOJ ZA LJUBAV I NENASILJE;5800.00;2;0.00
2025;95287744241;ARHITEKTONSKI STUDIO LULIĆ I PRUGOVEČKI DOO;5800.00;1;0.00
2025;54188444912;TAEKWONDO KLUB ČIGRA;5800.00;2;0.00
2025;85401974379;EKONOMSKO PROJEKTNI CENTAR DOO;5771.25;9;0.00
2025;60174672203;DUBROVNIK SUN D.O.O.;5735.08;22;0.00
2025;76663423558;NACIONAL NEWS CORPORATION DOO;5710.43;2;0.00
2025;61238079664;ANIĆ HOLDING PLUS DOO;5709.56;1;0.00
2025;46900012019;ECO BUILDING DESIGN DOO ZA USLUGE;5700.00;1;0.00
2025;06333960811;SAFEGE DOO ZA SAVJETOVANJE;5700.00;1;0.00
2025;41874531291;PARKOVI D.O.O.;5688.76;1;0.00
2025;02969783432;UDRUGA BIOM;5675.00;3;0.00
2025;52639870872;TRGO LEPTIR D.O.O.;5660.50;1;0.00
2025;47955067411;UDRUGA ASOCIJATIVA;5656.41;1;0.00
2025;58910952152;PALIJAN DOO;5625.00;1;0.00
2025;13579392023;HRVATSKI ŠUMARSKI INSTITUT;5625.00;1;0.00
2025;65512015046;GEOSOFT DOO;5625.00;1;0.00
2025;87565323632;INFO - KOD D.O.O. ZA PROIZVODNJU, TRGOVINU I USLUGE;5614.38;6;0.00
2025;17447691679;OPĆA PRIVATNA GIMNAZIJA;5606.36;5;0.00
2025;28478037554;PRORSUS KOMUNIKACIJE DOO;5604.73;1;0.00
2025;75343690333;CROL UDRUGA ZA MEDIJSKI AKTIVIZAM;5600.00;1;0.00
2025;12074393974;BICIKLISTIČKI KLUB DINAMO;5588.10;1;0.00
2025;05697009039;DV MALI CVRČAK;5587.34;4;0.00
2025;27101359149;HRVATSKA STRANKA UMIROVLJENIKA;5576.54;2;0.00
2025;91613881793;MONT-RA D.O.O.;5568.10;2;0.00
2025;26584670375;DRUŠTVO SPORTSKE REKREAC.CENTAR ZA SPORT I REKREAC.ZAGREB;5500.00;1;0.00
2025;60416120862;KULTURNA UDRUGA JUTRO;5500.00;6;0.00
2025;30149263324;GRETA CREATIVE NETWORK;5500.00;4;0.00
2025;20192232840;UDRUGA MARANATHA;5500.00;2;0.00
2025;85969503819;VETERINARSKA STANICA SESVETE DOO;5500.00;6;0.00
2025;85924136947;KULTURNO UMJETNIČKO DRUŠTVO PRESLICA;5500.00;6;0.00
2025;88179867394;UDRUGA HRVATSKIH VOJNIH INVALIDA DOMOVINSKOG RATA DUBRAVA;5500.00;2;0.00
2025;58902407978;PROJEKTOR;5500.00;1;0.00
2025;51002263141;DJEČJI VRTIĆ ZDENAC MALI;5491.09;11;0.00
2025;09575099931;PROJEKT JEDNAKO RAZVOJ D.O.O.;5484.50;10;0.00
2025;50569813329;TOČKA NA I MEDIA DOO;5467.70;1;0.00
2025;12474257780;PRIVATNA GIMNAZIJA DR. ČASL;5455.93;5;0.00
2025;00716188635;ELECTRO ADRIA DOO;5450.00;2;0.00
2025;42546566411;HUPTA;5450.00;2;0.00
2025;92616529231;DRUŠTVO ŠPORTSKE REKREACIJE AKTIVAN ŽIVOT;5450.00;3;0.00
2025;91712842608;PET PROJEKT D.O.O.;5400.00;5;0.00
2025;09720768884;BUYBOOK DOO;5400.00;2;0.00
2025;08963275889;DOBROVOLJNO VATROGASNO DRUŠTVO ODRANSKI OBREŽ;5400.00;3;0.00
2025;53321630215;IGUBUKA D.O.O.;5400.00;2;0.00
2025;22240978017;CENTAR INKLUZIVNE POTPORE IDEM;5400.00;1;0.00
2025;62513325106;KOVNICA D.O.O.;5376.00;8;0.00
2025;00388148920;IMAGINE PLATFORMA ZA KREATIVNOST DOO;5339.50;2;0.00
2025;24533297794;VOX KOMUNIKACIJE DOO;5334.93;2;0.00
2025;09359169022;STEČAJNA MASA EMIK DOO;5321.34;1;0.00
2025;66592376787;UMJETNIČKA ORGANIZACIJA CENTRIMETAR OSTATKA MMENT;5300.00;3;0.00
2025;96425819797;UDRUGA ZA DAROVITOST DAR;5300.00;1;0.00
2025;10619036549;HEDERA KERAMIKA D.O.O.;5300.00;2;0.00
2025;81567712494;UDRUGA ZA PROMICANJE ZDRAVOG ŽIVOTA I POBOLJ. KVAL. ŽIV. LUČ;5300.00;1;0.00
2025;14886696910;UDRUGA ŽENA OBOLJELIH OD ENDOMETRIOZE JA SAM 1 OD 10;5300.00;2;0.00
2025;16898154957;UDRUGA ZA EDUKACIJU DIJAGNOSTIKU I PSOHOTERAPIJU;5300.00;2;0.00
2025;47977930458;UDRUGA ŽENA TRANSFEM;5300.00;1;0.00
2025;17335217356;UDRUGA ZA POMOĆ I EDUKACIJU ŽRTAVA MOBBINGA;5300.00;1;0.00
2025;07378869839;NOVI VAL D.O.O. ZA GRAFIČKU DJELATNOST I TRGOVINU;5260.53;2;0.00
2025;02484906651;PRVI GLAS DOO ZA MARKETING I TRGOVINU;5200.00;2;0.00
2025;68430249539;ZAGREBAČKA NAKLADA D O O ZA NAKLADNIČKU DJELATNOST I TRGOVIN;5200.00;2;0.00
2025;67954838169;ADAKOPROJEKT DOO;5200.00;2;0.00
2025;34279353714;DOBROVOLJNO VATROGASNO DRUŠTVO LIPNICA;5176.21;13;0.00
2025;05126374774;EUROTENT DOO ZA USLUGE;5170.00;2;0.00
2025;67059989656;TROTOČKA DOO;5125.00;1;0.00
2025;60445358686;CHEMACO DOO ZA TRGOVINU I ZASTUPANJE STRANIH TVRTKI;5122.73;7;0.00
2025;68297272247;ARHITEKTURA PORTUM DOO;5102.00;3;0.00
2025;79517545745;HANZA MEDIA D.O.O.;5087.22;5;0.00
2025;04285291719;UČILIŠTE APPA;5077.00;12;0.00
2025;71106071678;DINA DOGAN NEZAVISNA LISTA;5069.58;2;0.00
2025;82435880635;HRVATSKA NARODNA STRANKA LIBERALNI DEMOKRATI;5069.58;2;0.00
2025;08196162358;BLOK ZA HRVATSKU;5069.58;2;0.00
2025;42928215389;IP ARHITEKTI JDOO;5051.55;1;0.00
2025;44566761621;PLATFORMA ZA MEĐUNARODNU GRAĐANSKU SOLIDARNOST HRVATSKE;5040.00;1;0.00
2025;12193174557;MODERNI ALATI I STROJEVI DOO;5018.58;1;0.00
2025;71221608291;PARTNER BANKA;5016.48;24;0.00
2025;92720346022;EPOHA PRIVATNA OSNOVNA ŠKOLA S PRAVOM JAVNOSTI;5011.09;5;0.00
2025;40496849081;ZEBAU D.O.O.;5000.00;1;0.00
2025;47703847551;ANTITALENT DOO;5000.00;2;0.00
2025;65060530007;CENTAR ZA GLAZBU ZAGREB;5000.00;2;0.00
2025;72652572169;ASN GEO DOO PROJEKTIRANJE I NADZOR GEOTEHNIČKIH KONST;5000.00;1;0.00
2025;01681996716;MEDIA DESK DOO ZA MEDIJSKE USLUGE;5000.00;1;0.00
2025;26225264592;SAVEZ UDRUGA OBITELJI ZATOČENIH I NESTALIH HRVATSKIH BRANIT.;5000.00;1;0.00
2025;11609825855;DEPT TECHNOLOGY DOO;5000.00;5;0.00
2025;11614841693;KOŠARKAŠKI KLUB INVALIDA ZAGREB;5000.00;1;0.00
2025;72383284772;CENTAR ZA ŠUMSKU PEDAGOGIJU SILVA.REI;5000.00;1;0.00
2025;87361429996;FILMSKA UDRUGA ŠUMA;5000.00;2;0.00
2025;29605303291;HRVATSKI SAVEZ UDRUGA CEREBRALNE I DJEČJE PARALIZE;5000.00;2;0.00
2025;12884984092;KADENCA UDRUGA ZABAVLJAČA ZAGREB;5000.00;2;0.00
2025;34101579660;UDRUGA MALA OPERA;5000.00;2;0.00
2025;05029212031;KLUB ZA EKSPEDICIONIZAM I KULTURU;5000.00;2;0.00
2025;86121805051;UDRUGA HRVATSKI RATNI VETERANI ZAGREBA;5000.00;2;0.00
2025;75531412273;UDRUGA FLAMINGO;5000.00;2;0.00
2025;51397634592;LEOPOLD MOZART UDRUGA RODITELJA UČENIKA GLAZBE I PLESA;5000.00;2;0.00
2025;62886130846;UDRUGA BLABERON;5000.00;2;0.00
2025;50921171482;RENKO DOO ZA POSLOVNE USLUGE;5000.00;2;0.00
2025;14735515967;LOVAČKO DRUŠTVO ZA UZGOJ ZAŠTITU LOV DIVLJ. I EKOL.DOBRA KOB;5000.00;2;0.00
2025;51933368655;UDRUGA ZAMISLI;5000.00;1;0.00
2025;93831451475;HRVATSKA UDRUGA ZAŠTITNIKA ŽIVOTINJA NOINA ARKA;5000.00;2;0.00
2025;74197399318;UDRUGA SPECIJALNE POLICIJE IZ DOMOVINSKOG RATA RH;5000.00;2;0.00
2025;17655152955;UMJETNIČKA ORGANIZACIJA MULTIKULTI;5000.00;2;0.00
2025;49776278191;MOBILITA EVOLVA DOO;5000.00;1;0.00
2025;31512675569;UMJETNIČKA ORGANIZACIJA STOJAN STOJANOV GANČEV;5000.00;2;0.00
2025;63649739630;"MJEŠOVITI VOKALNI ANSAMBL I ""KOMIN"" SNJEŽANIN";5000.00;4;0.00
2025;66709579680;GLAZBENO SCENSKI ANSAMBL MEDELEY TEATAR;5000.00;1;0.00
2025;06570355423;HRVATSKO DRUŠTVO DRAMSKIH UMJETNIKA;5000.00;2;0.00
2025;33916138782;HRVATSKO DRUŠTVO LIKOVNIH UMETNIKA ZAGREB;5000.00;2;0.00
2025;49355429927;VERBUM NAKLADNIŠTVO I KNJIŽARSTVO D.O.O.;5000.00;4;0.00
2025;10581884091;UDRUGA ZAGREBAČKI DRAGOVOLJCI BRANITELJI VUKOVARA;5000.00;1;0.00
2025;99064999336;PROFESIONALNI PLESNI ANSAMBL KELKOPE;5000.00;2;0.00
2025;75041691087;TERMO PLAMEN DOO;5000.00;2;0.00
2025;52667461002;DRUŠTVO ZA KULTURU I UMJETNOST I. K. SAKCINSKI;5000.00;2;0.00
2025;52681569791;FAB DOO;5000.00;2;0.00
2025;22473413844;DOBRA KNJIGA D.O.O. KNJIŽARA LJEVAK;5000.00;2;0.00
2025;49039915702;UMJETNIČKA ORGANIZACIJA FESTIVAL ŠANSONE CHANSONFEST;5000.00;2;0.00
2025;13082356607;OPTING DOO;4984.00;1;0.00
2025;58147022911;AMG STUDIO D.O.O. ZA PROJEKTIRANJE,GRAĐEVINARSTVO I TRGOVINU;4980.00;1;0.00
2025;52587485227;G2O DOO;4975.00;3;0.00
2025;59144355254;BRAGRAD D.O.O.;4960.00;3;0.00
2025;44479943636;FRIZERSKI SALON LARISA VL. AMELA PEJKOVIĆ;4950.00;2;0.00
2025;10235187780;RAPTOR FLEET DOO;4926.49;12;0.00
2025;75831220081;PRIMIUM DOO;4922.00;2;0.00
2025;14987768907;INSTO CENTAR D.O.O. ZA SAVJETOVANJE I USLUGE;4907.50;11;0.00
2025;94716503894;MEDIETETIC DOO;4900.00;1;0.00
2025;98809226009;PLESNA KOMPANIJA MASA;4900.00;1;0.00
2025;97727378159;KAZALIŠNA DRUŽINA STUDIOCHEKHOV CROATIA;4900.00;1;0.00
2025;83978833320;GEOKOD D.O.O.;4875.00;2;0.00
2025;16926275000;GEO SUSTAVI D.O.O.;4865.63;1;0.00
2025;40135052654;UDRUGA CIVILNIH INVALIDA RATA GRADA ZAGREBA;4856.00;1;0.00
2025;33118456329;STRUCTURA CONSULTING ENGINEERING DOO;4851.00;10;0.00
2025;43954444501;OSNOVNA GLAZBENA ŠKOLA SCHOLA MUSICA;4850.52;5;0.00
2025;81387458217;UDRUGA SLIJEPIH;4850.00;2;0.00
2025;27055627860;PLAZZA USLUGE JDOO;4842.00;2;0.00
2025;37239095357;IMPERIJA DOO;4835.63;2;0.00
2025;04466528331;CIGETIĆ DOO;4831.82;9;0.00
2025;41488522238;ETNO NOVA;4800.00;1;0.00
2025;07426507766;UMJETNIČKA ORGANIZACIJA THEARTE;4800.00;2;0.00
2025;60192951611;HRVATSKI LIJEČNIČKI ZBOR;4800.00;3;0.00
2025;36469556548;HRVATSKA UDRUGA SILENT;4800.00;1;0.00
2025;56795510031;XV SAMOSTALNA DRUŽINA IZVIĐAČA TORNADO;4796.20;1;0.00
2025;76638884750;ZAVOD ZA FOTOGRAMETRIJU D.D.;4792.50;22;0.00
2025;32319202111;GEOKVADRAT DOO;4750.00;2;0.00
2025;69538028107;QBEN DOO;4747.50;1;0.00
2025;46029483587;DOMUS UPRAVLJANJE DOO;4727.83;36;0.00
2025;38972231293;PLANETOPIJA D.O.O.;4700.00;3;0.00
2025;12485381173;ZIV-TICA D.O.O. PROJEKTIRANJE, NADZOR I USLUGE;4699.06;6;0.00
2025;16154988512;ZAVRŠNI RADOVI KREŠO DOO;4658.50;1;0.00
2025;11199390757;SAVEZ IZVIĐAČA HRVATSKE;4655.00;1;0.00
2025;47775057322;CENTAR ZA POTPORU I INKLUZIJU U ZAJEDNICI;4650.00;2;0.00
2025;02837824881;VEEMEE DOO;4643.75;2;0.00
2025;06300970251;BAU GRAD JDOO;4627.50;3;0.00
2025;55178657512;BIOTEKA -UDRUGA ZA PROMICANJE BIOLOGIJE I SROD ZNANOSTI;4620.00;1;0.00
2025;40826829003;RHINO PRODUKCIJA DOO;4617.50;2;0.00
2025;80246643231;LOVAČKO DRUŠTVO LANE NOVI ZAGREB;4599.74;2;0.00
2025;17682838273;SOLUS AEDIFICATOR D.O.O.;4598.00;2;0.00
2025;43150843424;INFO PULS D.O.O.;4581.51;14;0.00
2025;36172669410;DARVEL DOO;4580.65;3;0.00
2025;57654288475;POTROŠAČ DRUŠTVO ZA ZAŠTITU POTROŠAČA HRVATSKE;4550.00;2;0.00
2025;71004700950;ZATO DIZAJN D.O.O.;4526.25;7;0.00
2025;07745405949;KULTURNO UMJETNIČKO DRUŠTVO KUPINEČKI KRALJEVEC;4500.00;3;0.00
2025;56816133459;DRUŠTVO GORANIN;4500.00;2;0.00
2025;23399211423;UMJETNIČKA ORGANIZACIJA TRANZICIJSKO FIKCIJSKO KAZALIŠTE;4500.00;4;0.00
2025;57314858379;HRVATSKA UDRUGA PČELARA PČELINJAK;4500.00;1;0.00
2025;71425913723;FOLKLORNA SKUPINA KOLO;4500.00;2;0.00
2025;78350077391;HRVATSKA LIGA PROTIV RAKA;4500.00;3;0.00
2025;23517009631;KULTURNO UMJETNIČKO DRUŠTVO STENJEVEC;4500.00;2;0.00
2025;46603716550;SPORTSKO PLESNI KLUB KELKOPE;4500.00;2;0.00
2025;98023806945;STUDENTSKI KATOLIČKI CENTAR PALMA;4500.00;2;0.00
2025;11325907230;L A M USLUGE JDOO ZA TRANSPORT I USLUGE;4500.00;1;0.00
2025;37303149663;KULTURNO - UMJETNIČKO DRUŠTVO OPOROVEC;4500.00;2;0.00
2025;29826029812;OPĆINA MOŠĆENIČKA DRAGA;4476.91;12;0.00
2025;95499898768;PRAVOKUTNIK DOO ZA ARHITEKTURU I VJEŠTAČENJA;4470.89;8;0.00
2025;05576328168;DISTRIKT PLUS DOO;4462.50;4;0.00
2025;00785925350;KOJO DOO;4450.00;6;0.00
2025;63047984525;MIDA KONTAKT AG AU JDOO;4450.00;2;0.00
2025;91040737993;BENT EXCELLENT D.O.O.;4444.00;1;0.00
2025;35996579016;MJEŠOVITI PJEVAČKI ZBOR VIVA LA MUSICA;4400.00;4;0.00
2025;54340608859;GUGA SVIJET ZABAVE JDOO;4400.00;1;0.00
2025;36508419767;INTRAG USLUGE DOO;4398.00;1;0.00
2025;26187994862;CROATIA OSIGURANJE D.D.;4377.76;4;0.00
2025;76695405231;LISZT & PARTNERI ODVJETNIČKO DRUŠTVO DOO;4375.00;1;0.00
2025;68205802695;SINDIKAT UMIROVLJENIKA HRVATSKE;4344.00;3;0.00
2025;64896170875;UDŽBENIK HR D.O.O.;4330.60;6;0.00
2025;81793146560;HRVATSKI TELEKOM D.D.;4330.46;28;0.00
2025;17568289735;AZTEK DOO ZA PROJEKTIRANJE SAVJETOVANJE I USLUGE;4330.00;4;0.00
2025;29005509482;STYRIA MEDIJSKI SERVISI D.O.O.;4322.64;5;0.00
2025;33548604975;SAFIR DOO;4316.25;1;0.00
2025;58002925068;UMJETNIČKA ORGANIZACIJA OVOONO;4300.00;2;0.00
2025;95416270404;ELEKTORINSTALACIJE KUPREŠAK OBRT ZA USL VL KUPREŠAK MARKO;4300.00;2;0.00
2025;39632230563;GRANOVA DOO;4300.00;2;0.00
2025;47020394141;KREATIVNOST UNIKATNOST TEMELJITOST;4300.00;1;0.00
2025;41361529329;ŠTIMRAD D.O.O.;4273.25;21;0.00
2025;12543703761;GLAZBENA ŠKOLA MUZIČKI ATELJE;4254.00;4;0.00
2025;46024095300;FELIX FELICIS DOO;4250.00;2;0.00
2025;47785989863;ALFA SIGURNOST DOO;4213.36;8;0.00
2025;63693671750;ROST ŠPORT D.O.O.;4209.12;11;0.00
2025;62233090083;ARCITEC IVŠIĆ DOO;4200.00;1;0.00
2025;53605452522;UMJETNIČKA ORGANIZACIJA ANSAMBL SUV.PLESA VEM-ED.-PL.-CENTAR;4200.00;1;0.00
2025;52590057124;LUTKARSKA SCENA IVANA BRLIĆ MAŽURANIĆ D.O.O.;4200.00;1;0.00
2025;45123367654;UMJETNIČKA ORGANIZACIJA MALI TEATAR PETIT TEATAR;4200.00;2;0.00
2025;47782921095;PLEŠIMEDO UDRUGA ZA POKRET SUVREMENI PLES I AUD. VIZ.KOM.;4200.00;1;0.00
2025;99828219950;3PM MEDIA DOO;4200.00;1;0.00
2025;76433565813;EPOHA PRIVATNA GIMNAZIJA S PRAVOM JAVNOSTI;4153.29;5;0.00
2025;20194002984;HRVATSKA UDRUGA LIKOVNIH UMJETNIKA I LIKOVNIH KRITIČARA;4140.00;6;0.00
2025;77667447224;ZAGREBAČKA NADBISKUPIJA - PRVOSTOLNI KAPTOL ZAGREBAČKI;4111.20;1;0.00
2025;69923449139;UDRUGA GRAĐANA GLOG SREDIŠĆE;4100.00;2;0.00
2025;67059762418;MITROINSTALACIJE JDOO;4100.00;2;0.00
2025;23702973336;AKING D.O.O.;4100.00;1;0.00
2025;74660554650;MONT GAS DOO;4100.00;2;0.00
2025;54725896068;STUDIO NINA DOO;4100.00;2;0.00
2025;17472744826;DINA DANI JDOO;4100.00;2;0.00
2025;33157256184;PODOVI AGRAM DOO;4100.00;2;0.00
2025;20893535639;PER DIEM DOO ZA TRGOVINU I USLUGE;4100.00;2;0.00
2025;90054874194;CANOSA INŽENJERING DOO;4085.00;1;0.00
2025;39995615488;HKIG - EDUCA D.O.O.;4050.00;4;0.00
2025;18376805890;RRIF PLUS D.O.O.;4027.39;11;0.00
2025;82633454316;KUD VALENTINOVO;4000.00;2;0.00
2025;39776811160;GRAFIKON OBRT VL TUPEK IVANA;4000.00;1;0.00
2025;76962519378;KULTURNO UMJETNIČKO DRUŠTVO ZORJA;4000.00;2;0.00
2025;26515581677;MEDIA BAR DOO;4000.00;3;0.00
2025;04693110183;UMJETNIČKA ORGANIZACIJA MOLD KOLEKTIV;4000.00;1;0.00
2025;64766202629;SKLADIŠTE ZNANJA;4000.00;2;0.00
2025;86332224735;DRUŠTVO HRVATSKA ŽENA - GRAD ZAGREB;4000.00;2;0.00
2025;34753037557;ZAGREBAČKI SOFTBALL SAVEZ;4000.00;1;0.00
2025;36746895946;UMJETNIČKA ORG  KREATIVNA AUDIOVIZUALNA ASOCIJACIJA;4000.00;2;0.00
2025;58597177555;HRVATSKA SVEUČILIŠNA NAKLADA D.O.O.;4000.00;2;0.00
2025;08632898025;ŽENSKI VOKALNI ANSAMBL ZWIZDE-UD.ZA OČUV.I PR.ŠOK.BAŠ.ZAGREB;4000.00;2;0.00
2025;81445060121;KLIOFEST UDRUGA ZA PROMICANJE KULTURE POVIJESTI;4000.00;4;0.00
2025;86775670895;UMJETNIČKA ORGANIZACIJA DOMINANTA;4000.00;2;0.00
2025;61497032881;IVERART INTERIJERI DOO;4000.00;1;0.00
2025;67832608353;FOLKLORNA IZVORNA SKUPINA REMETE;4000.00;6;0.00
2025;03343232056;ZAVIČAJNO DRUŠTVO SINAC ZAGREB;4000.00;2;0.00
2025;74210278662;KOLEKCIONARART DOO ZA TRGOVINU I USLUGE;4000.00;2;0.00
2025;76237150000;741 UDRUGA ZA PROMICANJE PLESA UMJETNOSTI I KVALIT ŽIVLJENJA;4000.00;2;0.00
2025;27095147322;UDRUGA HRVATSKIH BRANITELJA DOMOVINSKOG RATA 99 BRIGADE;4000.00;1;0.00
2025;73886843668;HRVATSKI NACIONALNI ODBOR ZA POVIJESNE ZNANOSTI;4000.00;2;0.00
2025;43529083211;ZAVIČAJNA UDRUGA KORDUNAŠA KORANA ZAGREB;4000.00;2;0.00
2025;76742821561;SEDLAR PROIZVODNJA TRGOVINA I USLUGE DOO;4000.00;1;0.00
2025;60560597422;UDRUGA DRAGOVOLJACA HRVATSKIH OBRAMBENIH SNAGA GRADA ZAGREBA;4000.00;1;0.00
2025;35645536061;KULTURNO UMJETNIČKO DRUŠTVO VEDAR OSMIJEH;4000.00;2;0.00
2025;46359853081;KLUB STUDENTATA ARHITEKTURE I DIZAJNA;4000.00;2;0.00
2025;13191901483;UDRUGA VETERANA DOMOVINSKOG RATA 144 BRIGADE HV SESVETE;4000.00;2;0.00
2025;78513560911;ETHNODOLLS OBRT ZA IZRADU SUVENIRA, VL. SUZANA RODIĆ;4000.00;1;0.00
2025;34911353826;"UDRUGA ZA KULTURU OSOBA OŠTEĆENA SLUHA HRV. ""SVIJET TIŠINE""";4000.00;6;0.00
2025;73698625430;UMJETNIČKA ORGANIZACIJA CADENZA;4000.00;2;0.00
2025;21659320513;OGNJIŠTE NAKLADNA ZADRUGA;4000.00;3;0.00
2025;61867710134;GONG;4000.00;1;0.00
2025;48230315064;UDRUGA DRVO ŽIVOTA ODRANSKI OBREŽ;4000.00;1;0.00
2025;52923763846;SEKCIJA UDRUGE HR DRAGOVOLJACA DOMOVINSKOG RATA ZA EKOLOGIJU;4000.00;2;0.00
2025;64421336208;KULTURNO UMJETNIČKO DRUŠTVO VEDRA NOTA IZ ZAGREBA;4000.00;2;0.00
2025;00976395926;UMJETNIČKA ORGANIZACIJA ANSAMBL OKTOS;4000.00;2;0.00
2025;68755209479;CROETHNO - UDRUGA ZA OČUVANJE HRVATSKE KULTURNE BAŠTINE;4000.00;2;0.00
2025;57393465091;UMJETNIČKA ORGANIZACIJA KAZALIŠNA DRUŽINA IZA ZAVJESE;4000.00;2;0.00
2025;42252496579;SLATINSKA BANKA DD;3992.00;12;0.00
2025;76848674009;TEHNOEKSPERT TIM D.O.O.;3980.00;2;0.00
2025;37196134947;TI-SAN D.O.O.;3962.06;10;0.00
2025;19675952210;VAKON ING DOO;3960.00;2;0.00
2025;23048310366;BESTIAS DIZAJN DOO;3960.00;2;0.00
2025;28303500883;HRVATSKI INSTITUT ZA FINANCIJSKU EDUKACIJU;3950.00;2;0.00
2025;74867487620;TOKIĆ DOO;3922.86;1;0.00
2025;43446234861;SREDNJA WALDORFSKA ŠKOLA U ZAGREBU;3921.86;5;0.00
2025;43506169483;PRIVATNA OSNOVNA ŠKOLA LINEA;3908.74;5;0.00
2025;96023026857;KOSOVIĆ D.O.O.;3900.00;1;0.00
2025;95635162868;AVS - URED;3900.00;3;0.00
2025;32345203519;EDUKACIJSKO SAVJETODAVNI CENTAR SRETNA PRIČA;3900.00;1;0.00
2025;91617456964;VIVO;3900.00;1;0.00
2025;58758237215;UDRUGA BOJNA FRANKOPAN;3900.00;2;0.00
2025;05457900630;COGITO;3900.00;3;0.00
2025;06912741114;ZAGREBAČKO DIJABETIČKO DRUŠTVO;3850.00;1;0.00
2025;20214024299;MAKPROMET DOO;3850.00;2;0.00
2025;78566009677;CATHARSIS D.O.O.;3850.00;2;0.00
2025;41838220590;MARITA SALON JDOO;3850.00;2;0.00
2025;75508100288;HRVATSKA ZAJEDNICA RAČUNOVOĐA I FINANCIJSKIH DJELATNIKA;3848.25;18;0.00
2025;46494500609;UDRUGA ŽIVOTNA LINIJA;3800.00;2;0.00
2025;33679708526;SECURITAS HRVATSKA DOO;3800.00;1;0.00
2025;63464742923;SLOBODAN ULAZ;3800.00;2;0.00
2025;92580713730;FRANAK - UDRUGA ZA ZAŠT POTROŠAČA KORISNIKA FINANC USL;3780.00;2;0.00
2025;90240160025;LEONARDO MEDIA DOO;3765.00;1;0.00
2025;01703143622;LUNA OČNA OPTIKA DOO ZA USLUGE I TRGOVINU;3750.00;1;0.00
2025;91818951948;BAJKARLA JDOO;3750.00;2;0.00
2025;99743959465;STUDIO SLAB DOO;3750.00;1;0.00
2025;18518491403;SELECTIO DOO;3750.00;2;0.00
2025;94225619769;NAJBOLJA PONUDA JDOO ZA USLUGE TURISTIČKA AGENCIJA;3750.00;1;0.00
2025;09362691173;PLINOSERVIS DŽAMBO JDOO;3750.00;2;0.00
2025;10303379215;TERRA COMPACTA DOO;3750.00;1;0.00
2025;45316300941;LOS ANGELES DOO;3750.00;1;0.00
2025;15525494932;AUTO HABEK SERVIS DOO;3750.00;2;0.00
2025;83718300522;TIM4PIN D.O.O. ZA SAVJETOVANJE;3733.00;8;0.00
2025;64822592675;PALIGASI DOO;3720.00;2;0.00
2025;35184034154;UMJETNIČKA ORGANIZACIJA ON/A;3710.00;6;0.00
2025;16730442168;BIAKOVA D.O.O. ZA TRGOVINU I IZDAVAŠTVO;3700.00;2;0.00
2025;96081354662;KAZALIŠTE PRIJATELJ;3700.00;2;0.00
2025;39255768470;NON ARHITEKTURA DOO;3700.00;2;0.00
2025;19747397410;ALFA PRINT DOO;3681.25;2;0.00
2025;87482973365;GEOALTUS DOOD;3675.58;5;0.00
2025;51142041283;TIM PROJEKT DOO ZA PROJEKTIRANJE I GRAĐENJE;3675.00;2;0.00
2025;66859264899;HUP ZAGREB D.D.;3672.80;1;0.00
2025;46102786248;ORGANIZATOR D.O.O.;3670.01;9;0.00
2025;26746643752;ARGIT D.O.O.;3662.99;2;0.00
2025;60614075849;HRVATSKA UDRUGA ZA PROMICANJE PRIMALJSTVA;3650.00;2;0.00
2025;92923187236;ALL MARKET MEDIA DOO;3621.80;2;0.00
2025;21995383778;ITVZ PROJEKT D.O.O.;3615.45;2;0.00
2025;49337502853;REPUBLIKA HRVATSKA - DRŽAVNI ZAVOD ZA STATISTIKU;3601.25;5;0.00
2025;15174449786;SLIDE JDOO;3600.00;1;0.00
2025;44469728480;HKA OKVIR DOO;3600.00;2;0.00
2025;93952250728;CENTAR ZA PROSTORNO UREĐENJE I ARHITEKTURU DOO;3600.00;3;0.00
2025;70822295674;NOVI ZVUK DOO;3562.50;1;0.00
2025;03895408660;ZAJEDNIČKI ODVJETNIČKI URED GORAN RUŽIĆ I MAJA SAMBOLEK;3559.26;1;0.00
2025;24849784947;KREATIVNI TISAK D.O.O. ZA TISKANJE I TRGOVINU;3554.00;4;0.00
2025;81530800732;RAMTECH DOO;3537.00;3;0.00
2025;53656152979;MM BOBAN BOBAN DOO;3536.75;3;0.00
2025;74172285604;CAPILLIS DOO;3500.00;2;0.00
2025;53046704438;PLANET ART;3500.00;1;0.00
2025;24897252397;KLAPA ĆAKULONE;3500.00;2;0.00
2025;10068850307;MJEŠOVITI ZBOR SV BARBARE PANIS ANGELICUS;3500.00;2;0.00
2025;52516730013;HERMIKRON CNC TECHNOLOGY DOO;3500.00;1;0.00
2025;53938954798;ZUB ZBOR UMIROVLJENIKA BOTINEC;3500.00;2;0.00
2025;92014037503;KLAPA DIŠPET;3500.00;2;0.00
2025;38797801412;DALIJA OBRT ZA FRIZERSKE USLUGE VL DALIJA MUŽENIĆ;3500.00;2;0.00
2025;12430009417;CENTAR ZA TRADICIJSKA GLAZBALA HRVATSKE;3500.00;2;0.00
2025;01886394782;KOLEKTOR CENTAR ZA VIZUALNE UMJETNOSTI;3500.00;2;0.00
2025;41191957150;MAČKE I MAČORI ZAGREBAČKIH ULICA;3500.00;1;0.00
2025;35225012863;UDRUGA ANTIFAŠISTIČKIH BORACA I ANTIFAŠISTA TREŠNJEVKA;3500.00;1;0.00
2025;12122170606;UDRUGA  ZA ZAŠT ŽIVOTINJA PRIRODE I DRUŠTVA SRETNO DVORIŠTE;3500.00;1;0.00
2025;18376255215;SCHMILL DOO;3500.00;1;0.00
2025;17095040599;KLAPA SAGENA;3500.00;2;0.00
2025;86224624633;UDRUGA ZA PROMOVIRANJE ŠPANJOLSKE UMJETNOSTI I KULTURE ALMA;3500.00;2;0.00
2025;88080836195;KLAPA CESARICE;3500.00;2;0.00
2025;39672837472;SPEKTAR PUTOVANJA D.O.O.;3490.40;4;0.00
2025;42289481628;LAND MAPPING DOO;3486.35;1;0.00
2025;55178702078;OPTIMA PROJEKT DOO ZA GRADITELJSTVO NADZOR I USLUGE;3420.00;1;0.00
2025;04218464722;UDRUGA KULTURNI KLUB O GRADA;3400.00;3;0.00
2025;42483025259;ZEGEPEDIA JDOO;3375.00;19;0.00
2025;71076455018;MM MODIO D.O.O. ZA USLUGE;3352.51;11;0.00
2025;64574299929;SALUSVITA JDOO;3350.00;2;0.00
2025;99332451352;INTEKO STUDIO UREĐ INTERIJERA DOO;3350.00;2;0.00
2025;82274415076;AGRO MART DOO ZA INT VETERINARSKE DJEL I TRGOVINU;3350.00;8;0.00
2025;86813677256;VETERINARSKA STANICA GRADA ZAGREBA DOO;3350.00;9;0.00
2025;58878158696;DOBROVOLJNO VATROGASNO DRUŠTVO TRNJE;3330.00;1;0.00
2025;47182242398;EFFECTUS VELEUČILIŠTE;3321.25;1;0.00
2025;22294419048;TORUS INŽENJERING DOO;3318.06;3;0.00
2025;88150534338;ODAŠILJAČI I VEZE DOO;3315.13;37;0.00
2025;70121237048;KRNJEVO D.O.O. RIJEKA;3314.38;1;0.00
2025;15289275541;MIRTA CONSULTING JDOO;3312.50;1;0.00
2025;67853790331;PUN POGODAK DOO;3309.08;1;0.00
2025;89477585273;UDRUGA ZA ZAŠTITU I PROMICANJE MENTALNOG ZDRAVLJA SVITANJE;3300.00;1;0.00
2025;77002614699;ELEKTRO CECIĆ DOO ZA GRADITELJSTVO I USLUGE;3292.96;1;0.00
2025;80391790896;FEST DOO;3280.00;2;0.00
2025;98195916283;ZIB GT GRADNJA DOO ZA GRADITELJSTVO I USLUGE;3270.00;2;0.00
2025;29635530727;A T I DOO;3253.25;5;0.00
2025;70856244868;BUDIŠ PROMET DOO ZA PROIZVODNJU TRGOVINU I USLUGE;3250.00;1;0.00
2025;45874076362;GRAĐEVINSKA LIMARIJA VL MLADEN PUČEK;3250.00;1;0.00
2025;62044652408;UMJETNOST KRUHA JDOO ZA USLUGE;3250.00;1;0.00
2025;81439345622;ZEN ZONE BY D JDOO;3250.00;2;0.00
2025;24972692585;FOTO ZAGREB OBRT ZA FOTOGRAF USLUGE VL MARKO KOSTANJEVEC;3250.00;2;0.00
2025;76039646315;UNIGRAV DOO TRGOVINA PROIZVODNJA I USLUGE;3250.00;1;0.00
2025;14031273025;AUTOELEKTRIKA VOKIĆ DOO;3250.00;1;0.00
2025;72530753241;VASCOM D.O.O. ZA TRGOVINU, PROIZVODNJU I USLUGE;3250.00;1;0.00
2025;11414686032;DIDI OBRT ZA FRIZERSKE USLUGE VL DIANA DIANIĆ JANJANIN;3250.00;2;0.00
2025;76504212218;FIT DESIGN DOO;3250.00;1;0.00
2025;04135050210;TEKLA VRATA D.O.O.;3250.00;1;0.00
2025;43767699965;PRAVNI FAKULTET RIJEKA;3237.50;2;0.00
2025;60557784734;TEHNO ZAGREB DOO;3225.00;4;0.00
2025;35409850545;SANCTA DOMENICA DOO;3217.40;2;0.00
2025;01458835402;UDRUŽENJE ZA UNAPREĐ.OBRAZ. SLIJEPIH I SLABOVIDNIH OSOBA;3200.00;1;0.00
2025;36721631795;SVOJA;3200.00;1;0.00
2025;40777875344;AQUALOGIC JDOO;3200.00;1;0.00
2025;65424614580;URED ZA IZVOZ GLAZBE HRVATSKA;3200.00;2;0.00
2025;95092888930;VRUTAK DOO;3183.74;2;0.00
2025;48074983612;NINA VET DOO ZA USLUGE;3175.00;4;0.00
2025;32614011568;LINKS D.O.O.;3155.81;5;0.00
2025;16774198173;ZAGORSKI DVORAC DVA DOO;3126.99;1;0.00
2025;66394876576;ALGO EKO DOO;3125.00;1;0.00
2025;84654018639;REPRO EKO FARM DOO ZA PROIZVODNJU TRGOVINU I USLUGE;3125.00;1;0.00
2025;57895779057;GRAFING A D.O.O.;3125.00;1;0.00
2025;25866867098;GEOFOCUS DOO;3105.65;9;0.00
2025;41687433318;PRESIDO DOO;3100.00;2;0.00
2025;03589417293;MIRNOVEC PIROTEHNIKA D.O.O.;3075.00;1;0.00
2025;95179755385;DJEČJI VRTIĆ TOČKICA;3064.34;10;0.00
2025;98783321904;AAVA SAVJETOVANJE DOO;3062.50;1;0.00
2025;98544493572;KOM SAT DOO;3062.00;1;0.00
2025;63769465546;AKTIS PROJEKT DOO;3025.00;2;0.00
2025;26424834057;CORTO LITERARY DOO;3020.00;7;0.00
2025;25849043143;ODVJETNIČKO DRUŠTVO ČOGURIĆ I MATAK;3002.90;1;0.00
2025;09914242179;UDRUGA UMIROVLJENIKA MINISTARSTVA  UNUTARNJIH POSLOVA;3000.00;1;0.00
2025;26488705836;BRODOTO;3000.00;2;0.00
2025;39926873531;KUĆA NADE;3000.00;1;0.00
2025;39522365390;FOTO ART DOO ZA USLUGE;3000.00;1;0.00
2025;80316929070;KULTURNO UMJETNIČKO DRUŠTVO NIKOLA TESLA;3000.00;2;0.00
2025;37525422253;MALONOGOMETNI KLUB ZAGREB GIMKA;3000.00;1;0.00
2025;97691085062;KULTURNO UMJETNIČKO DRUŠTVO VESELI POSAVLJACI, BIJELO BRDO;3000.00;2;0.00
2025;08647229584;HRVATSKI RESTAURATORSKI ZAVOD;3000.00;2;0.00
2025;26695166376;HOKUD SLOBODA;3000.00;2;0.00
2025;75164980044;HRVATSKA MLJEKARSKA UDRUGA;3000.00;1;0.00
2025;31548573314;HRVATSKA EDUKACIJSKA I RAZV MREŽA ZA EVOLUCIJU SPORAZUMIJEVA;3000.00;2;0.00
2025;08367826605;ANTIMUZEJ UDRUGA ZA KULTURNU AUTONOMIJU I AUTONOMNU KULTURUŽ;3000.00;2;0.00
2025;43155769851;KULTURNO UMJETNIČKO DRUŠTVO SIJAČ LUČKO;3000.00;2;0.00
2025;26730147815;UDRUGA PRIJATELJA HRVATSKIH BOŽIĆNIH JASLICA;3000.00;2;0.00
2025;12175908497;KUNST TEATAR;3000.00;2;0.00
2025;01276648105;UDRUGA ZA RURALNI RAZVOJ RURALNA HRVATSKA;3000.00;1;0.00
2025;85973238462;HRVATSKI  DJEČJI FESTIVAL;3000.00;2;0.00
2025;12695233727;KLAPA BOŠKET;3000.00;2;0.00
2025;44595119440;KULTURNO UMJETNIČKO DRUŠTVO RESNIK;3000.00;2;0.00
2025;45179435526;HRVATSKA STUDENTSKA ASOCIJACIJA;3000.00;2;0.00
2025;49903072647;HRVATSKA GLAZBENA UNIJA;3000.00;2;0.00
2025;18216165605;FRIZERSKI SALON TONI 1924 DOO;3000.00;1;0.00
2025;25636487090;AUKCIJSKA KUĆA KONTURA D.O.O. ZA PROMET UMJET. I ANTIKVIT.;3000.00;2;0.00
2025;53523506581;VETTI GROUP DOO ZA VETERINARSKU DJELATNOST;3000.00;6;0.00
2025;23956650938;DENMAR PROM D.O.O.;3000.00;1;0.00
2025;23929584932;BIBRA IZDAVAŠTVO D.O.O.;3000.00;2;0.00
2025;56441689807;GOSPEL ZBOR SUNCE;3000.00;2;0.00
2025;52956705236;ZELENI INKUBATOR;3000.00;1;0.00
2025;23408153497;ZAGREBAČKO KNJIŽNIČARSKO DRUŠTVO;3000.00;2;0.00
2025;91816754750;FRIZERSKI SALON MARIJA RUKLJAČ JDOO;3000.00;1;0.00
2025;22942304760;PETROKOV SERVISI DOO;3000.00;1;0.00
2025;58158331844;DIVERTIMENTO - STUDIO POVIJESNOG PLESA;3000.00;2;0.00
2025;91270048468;UMJETNIČKA ORGANIZACIJA ARKTIK - INSTITUT ZA BUDUĆNOST;3000.00;2;0.00
2025;83203826580;MAJSTOR JURIĆ JDOO ZA PROIZVODNJU I USLGE;3000.00;1;0.00
2025;99358248190;FIJAKER - UDRUGA ZA PROMICANJE LIK.,DRAM. I GLAZ.AMATERIZMA;3000.00;4;0.00
2025;73350892994;UDRUGA 55+ ZA PROMICANJE KVALITETE ŽIVOTA STARIJIH OSOBA;3000.00;1;0.00
2025;34921794360;2SWEET PROIZVODNJA DOO ZA PROIZVODNJU I TRGOVINU;3000.00;1;0.00
2025;93198780019;URBAN ENTERTAINMENT JDOO ZA USLUGE;3000.00;1;0.00
2025;05500272401;KREATIVNI CENTAR KOŠNICA;3000.00;2;0.00
2025;73474352611;KULTURNO UMJETNIČKO DRUŠTVO RUŽA PRIGORJA;3000.00;4;0.00
2025;89586651042;UDRUGA BOSANSKIH POSAVLJAKA IZVORNI OBIČAJI;3000.00;2;0.00
2025;51639774260;KUD BREZOVICA;3000.00;2;0.00
2025;64290907751;SF IUS SOCIJALNI RUB ZANIMLJIVE NEISPRIČANE PRIČE;3000.00;2;0.00
2025;50770214261;UDRUGA GASTRONOMADI;3000.00;1;0.00
2025;50403582161;CENTAR ZA PRIMJENU INTEGRIRANOG ZNANJA ANZIP;3000.00;2;0.00
2025;89280393719;UDRUGA ARS ARKA;3000.00;2;0.00
2025;65972242968;MAČKA USLUGE DOO;3000.00;1;0.00
2025;44448417567;MERKANTILE D.D.;2984.86;5;0.00
2025;80669643005;PROQLEA DOO ZA USLUGE;2950.80;1;0.00
2025;15253285360;SRETNO SRCE JDDO ZA USLUGE;2949.00;3;0.00
2025;17741185288;GEOLEVEL DOO;2946.25;1;0.00
2025;64308723629;INSTAR CENTER DOO;2940.00;2;0.00
2025;85790070273;SIGMA SAVJETOVANJE D.O.O.;2918.75;3;0.00
2025;14560509960;ZELENA VRIJEŽA D.O.O. ZA UZGOJ JAGODA;2908.36;1;0.00
2025;88272610658;CIVIL PLAN DOO;2900.00;7;0.00
2025;37878365823;HRVATSKI ČASNIČKI ZBOR GRADA ZAGREBA;2900.00;1;0.00
2025;53321542631;HRASTOVIĆ INŽENJERING DOO;2900.00;1;0.00
2025;18379602102;KAŠMIR PROMET D.O.O.;2900.00;3;0.00
2025;04983288258;LJUBAV NA DJELU UDRUGA RODITELJA DJECE OBOLJELE OD MAL.BOL.;2900.00;1;0.00
2025;92200599837;STUDIO G DVA D.O.O.;2875.00;1;0.00
2025;69845269179;TUPEK DARKO;2866.44;1;0.00
2025;92055395521;DRUŠTVO SPORTSKE REKREACIJE SOPOT;2860.00;1;0.00
2025;26334291027;BOLIME PODRŠKA MENTALNOM ZDRAVLJU MLADIH;2850.00;1;0.00
2025;69188383192;TODING D.O.O.;2850.00;2;0.00
2025;57535412801;HUMANITARNA ORGANIZACIJA ZAJEDNICA SUSRET;2850.00;1;0.00
2025;04483680653;ERRI DOO ZA TRGOVINU I USLUGE;2848.82;1;0.00
2025;52848403362;WIENER OSIGURANJE VIENNA INSURANCE GROUP DD;2818.11;6;0.00
2025;65723536010;ISTARSKA KREDITNA BANKA UMAG D.D.;2807.00;12;0.00
2025;07749254015;HRVATSKA MREŽA PROTIV SIROMAŠTVA;2800.00;1;0.00
2025;54926199502;HRVATSKA UDRUGA ZA RAVNOPRAVNO RODITELJSTVO;2800.00;1;0.00
2025;36086299082;DIATEH DOO ZA PROIZVODNJU;2800.00;1;0.00
2025;16118584438;NAPREDAK FUTURA DOO;2750.00;1;0.00
2025;55617496447;DONPROGRAM DOO ZA PROIZVODNJU TRGOVINU I USLUGE;2750.00;1;0.00
2025;31791519734;ZIHER D.O.O.;2750.00;1;0.00
2025;45547576946;OBZOR PUTOVANJA DOO TURISTIČKA AGENCIJA;2750.00;3;0.00
2025;32153849835;DESPRO METAL DOO ZA TRGOVINU I USLUGE;2750.00;1;0.00
2025;07566023437;STUDIO TINA DOO;2750.00;1;0.00
2025;65450201131;GRAVERSKI CENTAR DOO;2750.00;1;0.00
2025;82787964007;UDRUGA ZA PSIHOSOCIJALNU POMOĆ SUSRET;2750.00;1;0.00
2025;38207097560;HIBIĆ GRADNJA DOO;2750.00;1;0.00
2025;75706303106;GEOSPACE DOO ZA GEODETSKE USLUGE;2750.00;7;0.00
2025;57658890584;VITA DERM DOO ZA TRGOVINU I USLUGE;2750.00;1;0.00
2025;05602695082;ZAGREBAČKI VERGL;2730.00;3;0.00
2025;23330111713;BIROMAT D.O.O.;2717.25;2;0.00
2025;41440899296;HRVATSKO DRUŠTVO ZA PREVENCIJU MOŽDANOG UDARA;2700.00;1;0.00
2025;22586644992;UMJETNIČKA ORGANIZACIJA KUGLI & KUGLI;2690.00;2;0.00
2025;36389528408;VETERINARSKI FAKULTET SVEUČILIŠTA U ZAGREBU;2674.08;4;0.00
2025;69840660917;EDULAB DOO;2656.25;1;0.00
2025;16451130145;HRVATSKA UDRUGA ZA BOLESTI ŠTITNJAČE;2650.00;1;0.00
2025;44336437867;AKADEMSKI KLUB RUKOMETA NA PIJESKU ZAGREB;2650.00;1;0.00
2025;67956886619;HOOD UDRUGA ZA PREVENCIJU UNAPREĐENJE I ZAŠTITU ZDRAVLJA;2650.00;1;0.00
2025;63662154241;CENTAR ZA PARTNERSKE ODNOSE;2650.00;1;0.00
2025;39254892219;KLUB OVISNIKA O KOCKANJU;2650.00;1;0.00
2025;81236156441;CENTAR ZA ISTRAŽIVANJE EDUKAC I PRIMJ NOVIH ZNANJA UP2 DATE;2650.00;1;0.00
2025;18890872018;HRVATSKI SAVEZ UDRUGA INVALIDA RADA;2650.00;1;0.00
2025;49051744880;UDRUGA MLADIH ZA P4 MEDICINU PROMISE;2650.00;1;0.00
2025;51915803196;AKCELERATOR ZA ODRŽIVO DRUŠTVO;2650.00;1;0.00
2025;94722575962;GENKONEKT CENTAR ZA ISTRAŽIVANJE EDUK I PROM BIOZNANOSTI;2650.00;1;0.00
2025;79296527572;INSTITUT ZA GASTROENTEROLOŠKE TUMORE IGET;2650.00;1;0.00
2025;29446181023;KUĆNI KOLEKTIV;2650.00;1;0.00
2025;30985991639;MAKSIM STELLA DOO ZA TRGOVINU I USLUGE;2650.00;1;0.00
2025;48810603519;INSTAN KONCEPT DOO;2647.92;3;0.00
2025;69117142368;LONJSKO POLJE DOO ZA TURIZAM I UGOSTITELJSTVO;2644.50;1;0.00
2025;61898313798;KAZ DOO;2636.44;1;0.00
2025;10350279556;ALKA SCRIPT D.O.O.;2606.41;10;0.00
2025;09633716860;ZONA KVADRAT DOO;2600.00;1;0.00
2025;96579362258;UDRUGA ZA ZAŠTITU ŠIŠMIŠA TRAGUS;2600.00;1;0.00
2025;70585473908;BIZ START DOO;2599.63;1;0.00
2025;23980633852;VE RON DOO ZA IZRADU I KREIRANJE REKLAMA NATPISA I TISAK;2593.75;1;0.00
2025;46602631231;DESPOT INFINITUS DOO ZA NAKLADNIŠTVO I USLUGE;2590.00;1;0.00
2025;28495895537;PRIVREDNA BANKA ZAGREB CARD D.O.O.;2576.27;3;0.00
2025;66269159384;TERINA DOO;2560.75;6;0.00
2025;21720748086;RONIS DOO;2538.00;1;0.00
2025;48249084626;COMET PROIZVODNJA TRGOVINA I USLUGE DOO;2505.56;1;0.00
2025;29656428299;CONOS DRUŠTVO DOO;2500.00;1;0.00
2025;97910720548;CMG TEAM JDOO;2500.00;1;0.00
2025;34339873375;UDRUGA RATNIH VETERANA 2. GARDIJSKE BRIGADE GROMOVI;2500.00;1;0.00
2025;85239978898;ČALE STUDIO DOO ZA TRGOVINU I USLUGE;2500.00;1;0.00
2025;84622931044;BLUE GOLD DOO ZA TRGOVINU I USLUGE;2500.00;1;0.00
2025;86591676351;TETRA STUDIO JDOO;2500.00;1;0.00
2025;58324748237;HRVATSKO RINOLOŠKO DRUŠTVO HRD;2500.00;1;0.00
2025;80457298314;CENTAR ZA OBRAZOVANJE ODRASLIH VALIDUS;2500.00;1;0.00
2025;39795859030;PRVA MREŽA ODRŽIVOG DRUŠTVA I EKONOMIJE;2500.00;1;0.00
2025;54812519357;F420 UDRUGA STUDENATA AKADEMIJE DRAMSKE UMJETNOSTI;2500.00;2;0.00
2025;38761163382;STUDIO VLAHOVIĆ DOO ZA USLUGE;2500.00;1;0.00
2025;93202998603;CS ZAGREB DOO ZA SERVIS MOTORNIH VOZILA;2500.00;1;0.00
2025;65428906059;UDRUGA LIČANA I PRIJATELJA LIČKO PRELO ZAGREB;2500.00;2;0.00
2025;10358464591;ODVJETNIČKO DRUŠTVO POTOČNJAK I PARTNERI DOO;2500.00;1;0.00
2025;29232245515;HABITUS FAKTOR DOO;2500.00;1;0.00
2025;60337982979;KLUB VETERANA 148. BRIGADE HRVATSKE VOJSKE ZAGREB - TRNJE;2500.00;1;0.00
2025;03846038896;FOTO NANA 2 JDOO;2500.00;1;0.00
2025;59951999361;MINISTARSTVO ZAŠTITE OKOLIŠA I ZELENE TRANZICIJE;2500.00;1;0.00
2025;29319482970;FILMAR DOO ZA USLUGE;2500.00;1;0.00
2025;91421582692;HORIGO SFI JDOO ZA TRGOVINU I USLUGE;2500.00;1;0.00
2025;23868928071;LUMENNICE DOO;2500.00;1;0.00
2025;60791595509;ŽENSKI PJEVAČKI ZBOR DANICA;2500.00;2;0.00
2025;56522090962;HALO DOO ZA TRGOVINU NA MALO I POPRAVAK ELEKTRIČNIH APARATA;2500.00;1;0.00
2025;16046469377;RIVULUS DOO;2500.00;1;0.00
2025;06706441504;UDRUGA ŠPORTSKIH RIBOLOVACA DOMOVINSKOG RATA N. ZAGREB ODRA;2500.00;1;0.00
2025;57467647644;FRIZER ZA MUŠKARCE FRANZ VL. JADRANKA PIPIĆ;2500.00;1;0.00
2025;57942802146;DRUŠTVO UMJETNIKA SUVREMENOG CIRKUSA;2500.00;2;0.00
2025;38033380162;PRIMO MERITUM D.O.O.;2500.00;1;0.00
2025;19123068224;UVOJAK LJEPOTE JDOO ZA USLUGE;2500.00;1;0.00
2025;33149613425;CENTAR ZA RAZVOJ OSOBNIH POTENCIJALA MENTIS;2500.00;1;0.00
2025;79730915138;ŽIDOVSKA OPĆINA ZAGREB;2500.00;2;0.00
2025;44968486612;GLJIVARSKO DRUŠTVO KAMILO BLAGAIĆ;2500.00;1;0.00
2025;70775904615;PODOVI GRDIĆ DOO;2500.00;1;0.00
2025;17271475372;STUDIO SMARAGD DOO ZA TRG I USL;2500.00;1;0.00
2025;40981620143;L E S T DOO ZA USLUGE I TRGOVINU;2500.00;1;0.00
2025;44715490440;VETERANI 145 BRIGADE DUBRAVA;2500.00;1;0.00
2025;30281373044;EXSTRUCTA DOO;2500.00;1;0.00
2025;86991161289;VITA FORMA DOO;2500.00;1;0.00
2025;19218318749;DINA BBR JDOO ZA USLUGE;2500.00;1;0.00
2025;11342631919;GEOFORMAT D.O.O. ZA USLUGE;2499.00;6;0.00
2025;00000519429;IGR D.O.O.;2486.40;2;0.00
2025;43627327416;MACHINERY WAY JDOO;2460.00;1;0.00
2025;53306211023;CROMEDIC AMBULANCE;2434.00;2;0.00
2025;09032023114;VELEUČILIŠTE VELIKA GORICA;2430.87;7;0.00
2025;08106331075;KARLOVAČKA BANKA KARLOVAC;2412.00;12;0.00
2025;89747280270;LUKIŠKI DOO ZA TRGOVINU I PRIJEVOZ;2400.00;1;0.00
2025;78141312758;MUZEJ MIMARA;2400.00;3;0.00
2025;64876405785;SWEET JOURNEY J.D.O.O.;2400.00;1;0.00
2025;62559286654;UDRUGA TETRAGON;2400.00;1;0.00
2025;70655549302;UDRUGA HR.VOJNIH INVALIDA DOM RATA SUSEDGRAD;2400.00;1;0.00
2025;18777611506;DOBROVOLJNO VATROGASNO DRUŠTVO BRANOVEC;2388.96;12;0.00
2025;18282095247;FOND UJEDINJENIH NARODA ZA DJECU UNICEF URED ZA HRVATSKU;2364.00;2;0.00
2025;67349852816;ALING DOO;2362.50;4;0.00
2025;75865428162;ARKADA INTERIJERI DOO ZA UREĐENJE INTERIJERA;2360.00;1;0.00
2025;40281654915;HRVATSKA ŠKOLA OUTWARD BOUND;2356.10;1;0.00
2025;29986976453;INTERGROS DOO;2346.25;2;0.00
2025;23366802564;PROSVJETA D.O.O.;2339.89;3;0.00
2025;75374786952;LIDER MEDIA DOO;2330.50;3;0.00
2025;46144176176;HRVATSKI DRŽAVNI ARHIV ZAGREB;2322.67;7;0.00
2025;86666837622;GEMARK GGA JDOO ZA GEODETSKE USLUGE I SAVJETOVANJE;2317.75;1;0.00
2025;33824126854;PAGO COM D.O.O.;2312.50;2;0.00
2025;88047611996;KNACK DOO;2300.63;1;0.00
2025;22814475372;UDRUGA POKRET;2300.00;2;0.00
2025;26900631235;LOVAČKO DRUŠTVO ŽUNA ZAGREB;2300.00;1;0.00
2025;22673645134;LOVAČKO DRUŠTVO FAZAN BELOVAR MORAVČE;2300.00;1;0.00
2025;22840169081;LOVAČKO DRUŠTVO PRIRODA SESVETE;2300.00;1;0.00
2025;61107208595;ZAKLADA MARIJA DE MATTIAS;2300.00;2;0.00
2025;33000290090;LOVAČKO DRUŠTVO PREPELICA;2300.00;1;0.00
2025;44880880632;LOVAČKA UDRUGA SRNDAČ DRAGONOŽEC;2260.68;1;0.00
2025;41758276106;MEGA BAR DOO;2250.00;1;0.00
2025;02531238111;ALPHA ET OMEGA DOO ZA USLUGE;2250.00;1;0.00
2025;64075568837;BUDIŠ MONT DOO;2250.00;1;0.00
2025;27485418925;MAK TEATAR D.O.O. ZA USLUGE;2250.00;3;0.00
2025;98278282896;LF BUNJEVAC DOO ZA USLUGE;2250.00;1;0.00
2025;96034163382;KSIVAS DOO;2250.00;1;0.00
2025;19542807608;SALON TEREZA DOO;2250.00;1;0.00
2025;85740251892;INSTALACIJE JONJIĆ DOO ZA USLUGE;2250.00;1;0.00
2025;29376782753;A J FRIZERSKI STUDIO JDOO;2250.00;1;0.00
2025;10403284137;NEN KOM STUDIO JDOO ZA USLUGE;2250.00;1;0.00
2025;53914849271;KOZMETIČKI STUDIO NICE JDOO ZA USLUGE;2250.00;1;0.00
2025;47973670948;PARTNER KOSE JDOO ZA USLUGE;2250.00;1;0.00
2025;83023658143;TIHOMIR DOO;2250.00;1;0.00
2025;58059009748;CONREX DOO;2250.00;1;0.00
2025;68029966827;A.K.  ASPECTO GRUPA;2250.00;1;0.00
2025;11730227142;SHISHKA DOO ZA USLUGE;2250.00;1;0.00
2025;49090687055;INSTALACIJE DENČIĆ DOO;2250.00;1;0.00
2025;42853319635;KIRA STIL DOO;2250.00;1;0.00
2025;95517407528;COMPTUS DOO;2250.00;1;0.00
2025;51316917671;BOYS AND GIRLS DOO ZA USLUGE;2250.00;1;0.00
2025;75851270454;STIPIĆ MONTAŽA DOO ZA TRGOVINU I USLUGE;2250.00;1;0.00
2025;05636693684;HAIR CONCEPT JDOO ZA TRGOVINU I USLUGE;2250.00;1;0.00
2025;46818705329;GALKO D.O.O.;2242.50;1;0.00
2025;72910430276;MINISTARSTVO PRAVOSUĐA, UPRAVE I DIGITALNE TRANSFORMACIJE;2220.00;79;0.00
2025;07699719217;SVEUČILIŠTE U ZAGREBU FAKULTET ŠUMARSTVA I DRVNE TEHNOLOGIJE;2218.75;7;0.00
2025;99297802584;DV ŠLAPICA;2212.17;9;0.00
2025;27460483584;IGOR-MANUELA DOO ZA TRGOVINU, USLUGE I PROIZVODNJU;2200.00;1;0.00
2025;93840540521;KLUB SAMOGRADNJE ZRAKOPLOVA CROATIA;2200.00;1;0.00
2025;84873085315;HRVATSKI SAVEZ ZA RIJETKE BOLESTI;2200.00;2;0.00
2025;87403749481;ADELAIN STUDIO DOO ZA GRAFIČKE USLUGE;2200.00;2;0.00
2025;34213143813;IDK PROJEKTI J.D.O.O.;2197.90;3;0.00
2025;06217712974;SALESIANA D.O.O.;2146.50;1;0.00
2025;27033952207;AUTOCENTAR VRBOVEC D.O.O.;2142.00;26;0.00
2025;67390842610;MAŠINOPROJEKT D.O.O.;2122.72;2;0.00
2025;30073369248;CON VES SERVICES DOOZA USLUGE SAVJETOVANJE I PROMIDŽBU;2120.00;1;0.00
2025;84210581427;TRGOCENTAR D.O.O.;2110.77;32;0.00
2025;18432368449;RECOM PROIZVODNJA  TRGOVINA I ZASTUPANJE DOO;2105.00;1;0.00
2025;89466642436;79 17 DOO ZA PROTUEKSPLOZIJSKU ZAŠTITU;2100.00;1;0.00
2025;71670983257;SUPER HIK AGENCIJA ZA SVE DOO;2095.76;1;0.00
2025;32025050096;SELSKA PROJEKT DOO;2089.42;1;0.00
2025;15573308024;LIBURNIA RIVIERA HOTELI D.D.;2076.50;6;0.00
2025;01682666895;MAĐIONIČAR JAPA DOO;2050.00;3;0.00
2025;82812328597;SOKOL DOO;2038.08;27;0.00
2025;68408088216;ZELENA ALTERNATIVA ODRŽIVI RAZVOJ HRVATSKE;2022.30;2;0.00
2025;65414808749;ZELENA LISTA;2022.30;2;0.00
2025;39908510192;SAMOSTALNA DEMOKRATSKA SRPSKA STRANKA;2022.30;2;0.00
2025;87506807568;LOPPIS OBRT ZA DIZAJN I TRGOVINU VL BORIS ŠANTOŠI;2010.00;2;0.00
2025;81602851994;ENVY CUT S DOO;2000.00;1;0.00
2025;01272942926;ŽENSKI VOKALNI SASTAV KORALDE;2000.00;2;0.00
2025;38398002455;ZAJEDNICA UDRUGA ANTIFAŠ. BORACA I ANTIFAŠISTA ZAG.ŽUP.GZ;2000.00;1;0.00
2025;81889785066;HRVATSKO KNJIŽNIČARSKO DRUŠTVO;2000.00;3;0.00
2025;31485450502;PLEJADA D.O.O ZA NAKLADNIŠTVO I USLUGE;2000.00;2;0.00
2025;32556049576;UDRUGA ALBANACA BRANITELJA HRVATSKE U DOMOVINSKOM RATU;2000.00;1;0.00
2025;37936288471;SKD PROSVJETA;2000.00;2;0.00
2025;38443365286;FALA-UDRUGA ZA PR.SOC.OSJ.,ZAŠ.I PO.KV.ŽIV.I PO.TE.I RE.JAH.;2000.00;1;0.00
2025;35083717576;KOKO LOKO POTTERY VL ZLATA JOVIĆ ALEIXO;2000.00;1;0.00
2025;09630463831;ADAPTKO DOO ZA TRGOVINU I USLUGE;2000.00;1;0.00
2025;75069568460;SPORTSKO DRUŠTVO INVALIDA HRABRI;2000.00;1;0.00
2025;85366073124;BAZINGA PROJEKT DOO ZA TRGOVINU I USLUGE;2000.00;1;0.00
2025;58772071893;CUTICLE DOO ZA USLUGE I TRGOVINU;2000.00;1;0.00
2025;26362187756;UDRUGA ZA ŠPORT I REKREACIJU VETERAN 91;2000.00;1;0.00
2025;50633676838;ŠPORTSKO REKRACIJSKO DRUŠTVO DRAG. HRV.OBR.SNAGA GZ;2000.00;1;0.00
2025;52871011406;PLATYPUS;2000.00;1;0.00
2025;54242351145;HRVATSKO STENOGRAFSKO DR STENOGRAFA BIROTEHNIČARA I INFOM;2000.00;1;0.00
2025;92355144075;UDRUGA RUDOLF;2000.00;2;0.00
2025;92160026045;SUPERIOR BRILJANTIN DOO ZA USLUGE;2000.00;1;0.00
2025;15680087866;UMJETNIČKA ORGANIZACIJA ANIMA;2000.00;2;0.00
2025;71041225414;PJEVAČKI ZBOR ZAGREBAČKI DJEČACI;2000.00;2;0.00
2025;57428164341;T&M CUT JDOO;2000.00;1;0.00
2025;22889869555;D.I.A.T.  DOO;2000.00;1;0.00
2025;88107583688;UDRUGA HRVATSKIH VOJNIH INVALIDA DOMOVINSKOG RATA TREŠNJEVKA;2000.00;1;0.00
2025;16800903770;GO UDRUGE HRVATSKIH DRAGOVOLJACA DOM. RATA GRADA ZAGREBA;2000.00;1;0.00
2025;02952816979;GLAZBENI CENTAR PAPANDOPULINE;2000.00;2;0.00
2025;84455133564;KULTURBUNT;2000.00;2;0.00
2025;60411767479;UDRUGA UDOVICA HRVATSKIH BRANITELJA IZ DOMOVINSKOG RATA;2000.00;1;0.00
2025;17096790169;AUTO FOKUS DOO;2000.00;1;0.00
2025;17151161441;UDRUGA ZA PROMOCIJU ULIČNOG TRENINGA STREETGAINZ;2000.00;1;0.00
2025;20424332600;HRVATSKO DRUŠTVO KAZALIŠNIH KRITIČATA I TEATROLOGA;2000.00;2;0.00
2025;17504997569;PINOKIO KLUB ZA DJECU;2000.00;2;0.00
2025;05746818670;MATICA HRVATSKIIH UMIROVLJENIKA GRADA ZAGREBA;2000.00;2;0.00
2025;66740052965;NILS KOM STUDIO JDOO ZA USLUGE;2000.00;1;0.00
2025;17670424230;KLUB MLADIH TEHNIČARA DANKOVEC;2000.00;1;0.00
2025;89321962182;GYMNASIUM DOO ZA USLUGE;2000.00;2;0.00
2025;65730285466;JUTRO POEZIJE;2000.00;4;0.00
2025;49809327358;SERVIS CAPEK DOO;2000.00;1;0.00
2025;67237031163;PIXIE STYLE DOO ZA USLUGE I TRGOVINU;2000.00;1;0.00
2025;08504334680;CRVENI BICIKL JDOO;2000.00;2;0.00
2025;78925487717;HRVATSKI AUTORSKI STRIP;2000.00;2;0.00
2025;45351216728;CJEPIDLAKA JDOO ZA USLUGE;2000.00;1;0.00
2025;97140949818;KULTURNO UMJETNIČKO DRUŠTVO ŽUMBERČANI;2000.00;2;0.00
2025;27715602669;MEDUS BIRO DOO;2000.00;2;0.00
2025;43103247775;PERGA MEDIA DOO;2000.00;2;0.00
2025;44625462030;PJEVAČKI ZBOR ČEŽNJA;2000.00;2;0.00
2025;97306877074;UDRUGA OBNOVA;2000.00;2;0.00
2025;13930015582;COLLEGIUM HERGEŠIĆ ODEON ZAGREB TRIBINA ZA KULTURU I ZNANOST;2000.00;2;0.00
2025;41689206789;MAKETARSKI I MODELARSKI KLUB SAVICA;2000.00;1;0.00
2025;30368783511;ACUMEN DOO;2000.00;2;0.00
2025;13978348477;FRIZERSKI SALON TERZIĆ VL MANUELA JAZBINŠEK;2000.00;1;0.00
2025;22181167942;UMJETNIČKA ORGANIZACIJA PRODUKCIJA Z;1999.00;1;0.00
2025;76844168802;HRVATSKI ZAVOD ZA NORME;1990.84;1;0.00
2025;70427199569;PP ORAHOVICA DOO;1988.99;4;0.00
2025;23626358811;INFORMING M DOO;1969.00;3;0.00
2025;50481342682;PROSPECTUS DOO;1968.75;1;0.00
2025;49684261247;SORANO D.O.O. ZA USLUGE I TRGOVINU;1943.56;1;0.00
2025;46940268196;GEOCONTROL EAST DOO;1940.00;13;0.00
2025;83364916789;DV MASLAČAK KRAPINSKE TOPLICE;1937.76;5;0.00
2025;13529271893;INTERPRETA USLUGE DOO;1937.50;2;0.00
2025;23582531617;PRISTAN DOO;1936.28;1;0.00
2025;79612787745;AVR DOO;1925.00;2;0.00
2025;01168533815;ISTRAŽIVAČKI CENTAR MLADIH;1900.00;1;0.00
2025;98000825863;UDRUGA PROSPERIKON;1900.00;1;0.00
2025;98683704857;D 2 DOO ZA EDUKACIJU SAVJETOVANJE I POSLOVNE USLUGE;1900.00;2;0.00
2025;08955800596;CERANEO CENTAR ZA RAZVOJ NEPROFITNIH ORGANIZACIJA;1900.00;1;0.00
2025;64406809162;SREDIŠNJE KLIRINŠKO DEPOZITARNO DRUŠTVO D.D.;1890.81;6;0.00
2025;77671806963;LIBUKOM JURDANI D.O.O.;1879.26;12;0.00
2025;58173733953;GEOTAG DOO;1875.00;1;0.00
2025;61436608168;BKS BANK D.D.;1845.00;12;0.00
2025;59198424658;EKOESCO DOO;1828.08;1;0.00
2025;70874114894;AUTOKLUB JASTREBARSKO;1828.00;17;0.00
2025;67989735515;ODVJETNIČKO DRUŠTVO ŠAKIĆ I PARTNERI DOO;1812.88;2;0.00
2025;17094516543;PIRIĆ PROMET DOO ZA TRGOVINU I GRAĐENJE;1800.00;1;0.00
2025;21238485723;PROJEKTNI ZADATAK DOO;1800.00;1;0.00
2025;00072483993;NK MLADOST BUZIN;1800.00;1;0.00
2025;79238971604;DURO METAL OBRT ZA PROIZVODNJU VL NORMA ŠAFAR;1800.00;1;0.00
2025;70207864520;FOREL PROJEKT DOO ZA GRAĐENJE PROJEKTIRANJE  I NADZOR;1800.00;1;0.00
2025;82513692107;ZAJEDNICA SPINALNO OZLIJEĐENIH;1800.00;1;0.00
2025;09864717392;UDRUGA ZA SPORTSKE IGRE I KREATIVNI RAZVOJ MLADIH SPORTIĆ;1800.00;1;0.00
2025;32692177801;JP TEAM OBRT ZA VODOINST.RADOVE VL DINO JAKLENEC;1800.00;1;0.00
2025;50216747086;KULTURNO UMJETNIČKO DRUŠTVO BIJELO BRDO;1800.00;2;0.00
2025;03349728494;UDRUGA MLADIH LUMEN;1800.00;1;0.00
2025;75045072034;GRADNJA IVANEC DOO;1800.00;1;0.00
2025;68312282822;LMK INTERNATIONAL D.O.O.;1782.00;1;0.00
2025;90633715804;SVEUČILIŠTE U ZAGREBU FILOZOFSKI FAKULTET;1771.63;8;0.00
2025;57404705059;KS UPRAVITELJ NEKRETNINAMA DOO;1764.00;12;0.00
2025;70303022709;DIDACTA ADVANCE DOO;1760.00;1;0.00
2025;61437025077;DŽUNGLA SVIJET DOO ZA USLUGE I TRGOVINU;1758.00;2;0.00
2025;26225359523;PJEVAČKO DRUŠTVO NOVI ZAGREB;1750.00;2;0.00
2025;06437582099;MALI MEDO JDOO;1750.00;1;0.00
2025;74121470605;ZAVOD ZA ISPITIVANJE KVALITETE DOO;1750.00;4;0.00
2025;13735473648;AUTOMOBIL SOS KUČIŠ JDOO ZA USLUGE I TRGOVINU;1750.00;1;0.00
2025;17643872913;AUTOSERVIS ROMAN JDOO;1750.00;1;0.00
2025;24721599830;CENTAR CVIJET J.D.O.O. ZA USLUGE;1750.00;1;0.00
2025;86781480448;ELEKTROINSTALACIJE ČAJKO DOO ZA ELEKTROINSTALACIJE;1750.00;1;0.00
2025;41686661337;AUTO MOTO KRIŽANIĆ JDOO ZA POPRAVAK MOTORNIH VOZILA I TRG;1750.00;1;0.00
2025;66423214182;AUTO SERVIS FALETAR JDOO;1750.00;1;0.00
2025;71164342309;SALONI BERNARDA DOO ZA FRIZERSKE USLUGE;1750.00;1;0.00
2025;97410484477;HRDAS OBRT ZA MONTAŽU I POPRAVAK NAMJEŠTAJA VL DAVOR HRDAS;1750.00;1;0.00
2025;59170007106;BROWS AND BEAUTY JDOO ZA USLUGE;1750.00;1;0.00
2025;69525298855;VETERINARSKA BOLNICA HOSPIVET DOO;1750.00;4;0.00
2025;46118426168;HDO - HRVATSKO DRUŠTVO ODRŽAVATELJA;1725.00;1;0.00
2025;47178614720;NIKOM REKLAM DOO ZA IZGRADNJU SVJETLEĆIH REKL I TRG;1725.00;1;0.00
2025;83937553129;CEROVSKI DOO;1725.00;1;0.00
2025;48270876028;DUN & BRADSTREET DOO;1714.28;2;0.00
2025;78093047651;24 SATA DOO;1712.51;2;0.00
2025;54421915834;UDRUGA ZMAYA;1700.00;2;0.00
2025;68464748098;JUPIII JDOO;1700.00;2;0.00
2025;68596604054;HRVATSKO DRUŠTVO ZA ROBOTIKU;1700.00;1;0.00
2025;94419785201;NAKLADA CERES DOO;1700.00;2;0.00
2025;96312589061;UDRUGA ZA PREVENCIJU PREKOMJERNE TEŽINE HRVATSKA;1700.00;1;0.00
2025;99987305172;ODVJETNIČKO DRUŠTVO JELIĆ, VUKOVIĆ & VUKŠIĆ;1688.93;3;0.00
2025;72931567836;OPĆINSKI SUD SESVETE;1684.29;24;0.00
2025;04492664153;MEDICAL INTERTRADE D.O.O.;1683.75;1;0.00
2025;49026633125;POLET DOO;1680.00;1;0.00
2025;51028550278;ZAVOD ZA INTEGRALNU KONTROLU D.O.O.;1675.00;2;0.00
2025;70812508533;ORCUS PLUS DOO;1674.63;2;0.00
2025;50142085426;FOLIJE FENESTRA DOO;1670.00;1;0.00
2025;31256899660;FOTO STUDIO CENTAR DOO;1660.25;4;0.00
2025;49670290778;ANDRIN CONSULT DOO;1659.02;2;0.00
2025;44430332290;SVE ZA SPORT DOO ZA USLUGE TURISTIČKA AGENCIJA;1648.75;1;0.00
2025;71070402969;GRAD NOVI MAROF;1642.61;1;0.00
2025;34788479431;FRIZERSKI SALON M ART USLUŽNI OBRT VL MARTINA VUGRIN PRENKA;1600.00;1;0.00
2025;75214191352;SANDREJA STYLE JDOO;1600.00;1;0.00
2025;38880270076;PERINIĆ SISTEMI DOO;1600.00;1;0.00
2025;48804733198;FRIZERSKI SALON DE PORRES OBRT ZA USLUG.VL.VALENTINA ČABRAJA;1600.00;1;0.00
2025;90420751653;AUTO LIM DOO;1600.00;1;0.00
2025;26276208658;FRIZERSKI SALON NIKA VL NIKA POPOVIĆ;1600.00;1;0.00
2025;53711580512;HEROON DOO;1600.00;2;0.00
2025;35910423761;DRUŠTVO SPORTSKE REKREACIJE ZEKAONA;1600.00;1;0.00
2025;77656371628;FRIZERSKI STUDIO S VL SANJA BIČANIĆ;1600.00;1;0.00
2025;87589476148;GO CUT OBRT ZA FRIZERSKE USLUGE VL SENKA GAČIĆ;1600.00;1;0.00
2025;40818366536;LIM PRODUKT DOO ZA PROIZVODNJU I PROMET MET.PROIZVODA;1600.00;1;0.00
2025;06796478190;TEATAR BARAKUDA 2012;1580.00;1;0.00
2025;20845957118;MAER DOO;1575.00;1;0.00
2025;60410423010;GEOTONIKA JDOO;1562.50;1;0.00
2025;29507221619;P AUDIO CENTAR ZAGREB;1562.50;1;0.00
2025;79446233150;MEĐUNARODNA ZRAČNA LUKA ZAGREB DD;1560.02;6;0.00
2025;74647609320;UČILIŠTE IN KONZALTING  ZAŠTITA;1560.00;1;0.00
2025;87297014856;OPĆINSKI SUD U NOVOM ZAGREBU;1540.79;12;0.00
2025;41910720462;LERA ROVINJ DOO;1530.00;1;0.00
2025;13806526186;SAMOBORSKA BANKA DD;1524.00;12;0.00
2025;11578972258;E TOURS DOO PUTNIČKA AGENCIJA;1508.44;4;0.00
2025;76080865307;OTIS DIZALA D.O.O.;1503.01;11;0.00
2025;98383490992;IN CONTROL DOO;1500.00;1;0.00
2025;57761306070;FRIZERSKI SALON VILA VL VESNA MIOKOVIĆ;1500.00;1;0.00
2025;76335880869;TRISTOTROJKA;1500.00;2;0.00
2025;71476965189;UDRUGA STUDENTATA DUBROVNIKA LIBERTAS;1500.00;2;0.00
2025;44622295635;HRVATSKA UDRUGA ARS ORGANI SISCIAE;1500.00;2;0.00
2025;91866261509;L L BARABA JDOO ZA USLUGE;1500.00;1;0.00
2025;45944055974;J F K OBRT ZA FRIZERSKE USLUGE VL JOSIP KNEŽIĆ;1500.00;1;0.00
2025;38158569447;CUT TIME OBRT ZA USLUGE VL STJEPAN VUČKOVIĆ;1500.00;1;0.00
2025;02296067655;GROOMING STUDIO MIA DONA VL MATEJA TOŠIĆ;1500.00;1;0.00
2025;32961633311;D STONE DIZAJN VL DAVORKA TOPOLOVAC;1500.00;1;0.00
2025;46731869001;FABRIKA FRIZERSKI OBRT VL ANA BOŠNJAK;1500.00;1;0.00
2025;12526979697;OKUD TREŠNJEVKA;1500.00;2;0.00
2025;66297825417;ABM DESIGN DOO ZA USLUGE;1500.00;1;0.00
2025;48074464528;OPĆINSKI SUD U DUBROVNIKU;1500.00;2;0.00
2025;16919791860;BEAUTY ATELIER K JDOO ZA USLUGE;1500.00;1;0.00
2025;54314359710;ID PROJEKT OBRT ZA ELEKTROINSTALACIJE VL IVICA DOMENKUŠ;1500.00;1;0.00
2025;40427782294;TEMPUS REGULA JDOO;1500.00;2;0.00
2025;69454459128;INTENSO WELL DOO;1500.00;1;0.00
2025;07715587680;STUDIO MILA DOO;1500.00;1;0.00
2025;68580128211;BILIĆ - ERIĆ D.O.O. ZA PRIVATNU ZAŠTITU;1500.00;12;0.00
2025;95045225723;FILM OBRT ZA USLUGE VL MIRNA BARTOLIĆ;1500.00;1;0.00
2025;32378565214;BONITA OBRT ZA KOZMETIČKE USLUGE VL ANITA JELICA FLETKO;1500.00;1;0.00
2025;14272271395;DL INSTALACIJE OBRT ZA USLUGE VL DARKO LOVRIĆ;1500.00;1;0.00
2025;36776216753;PARLI EVENT JDOO ZA UGOSTITELJSTVO USLUGE I TRGOVINU;1500.00;1;0.00
2025;16380264256;ELLE OBRT ZA KOZMETIČKE USL VL MIHAELA PAJIĆ;1500.00;1;0.00
2025;58124794871;IVONA RAVLIĆ JDOO;1500.00;1;0.00
2025;37069209636;CUBA OBRT ZA USLUGE VL MIRELA BERISHA;1500.00;1;0.00
2025;02156877076;FOND STJEPAN ŠULEK;1500.00;2;0.00
2025;05579567256;MALILI USLUGE JDOO;1500.00;1;0.00
2025;69003941831;GLAM LAB DOO ZA USLUGE;1500.00;1;0.00
2025;09371547096;MARITA STUDIO JDOO;1500.00;1;0.00
2025;61675996134;DENIQUE JDOO ZA USLUGE;1500.00;1;0.00
2025;59789039703;POTLAČEK AND PIKULA AUTOTIM DOO ZA USLUGE;1500.00;1;0.00
2025;82261866801;FENSI ŠMENSI FRIZERSKI STUDIO VL DANIJELA JELIĆ;1500.00;1;0.00
2025;51751238773;INESTYLE OBRT ZA USLUGE VL INES BERANEK;1500.00;1;0.00
2025;94401084206;CENTAR ZA TRADICIJSKU KULTURU ETNOTEKA;1500.00;2;0.00
2025;51555534187;GEOBOND DOO;1500.00;1;0.00
2025;42568664343;FRIZERSKI SALON OBRT ZA USLUGE VL INGRID BOSAK;1500.00;1;0.00
2025;34706029488;HRVATSKI FOTOGRAFSKI CENTAR;1500.00;2;0.00
2025;26271425900;PLASCH HAIR JDOO;1500.00;1;0.00
2025;00374964821;TAEKWONDO KLUB DUBRAVA;1500.00;1;0.00
2025;25731281616;MITA EL JDOO;1500.00;1;0.00
2025;00169153764;KLAPA GRDELIN ZAGREB;1500.00;2;0.00
2025;96573444919;HRVATSKA MREŽA ZDRAVIH GRADOVA;1500.00;1;0.00
2025;83906217526;TRIK ONE  JDOO ZA USLUGE;1500.00;1;0.00
2025;99917958785;GEOEXPERT IGM D.O.O.;1500.00;1;0.00
2025;20329842324;JOSIPOVIĆ INTERIJERI  VL JOSO JOSIPOVIĆ;1500.00;1;0.00
2025;09318148721;ABC HAIR CONCEPT;1500.00;1;0.00
2025;00671347544;SUVAJA JDOO ZA TRGOVINU I USLUGE;1500.00;1;0.00
2025;99127335475;AUTO KLUB DUBRAVA;1500.00;1;0.00
2025;35450539090;HRVATSKI KATOLIČKI ZBOR MI;1500.00;2;0.00
2025;32976865343;INTER SIG DOO;1500.00;1;0.00
2025;59839501678;SIVA ZONA PROSTOR SUVREMENE MEDIJSKE UMJETNOSTI;1500.00;2;0.00
2025;41545541828;BEAUTY STUDIO CALM , VL MAJA KROG;1500.00;1;0.00
2025;35289237704;FRANMARI OBRT ZA DIZAJN VL EVICA MILETIĆ;1500.00;1;0.00
2025;56193541961;KONFA MEDIA DOO;1480.47;4;0.00
2025;18973844810;UNITED FIBER DOO;1480.00;1;0.00
2025;57524651551;FILIDA PUTNIČKA AGENCIJA DOO;1480.00;1;0.00
2025;73646960228;BEST RESTAURANTS DOO;1476.60;3;0.00
2025;34425332342;ZAKLADA ZLATKO CRNIĆ;1459.95;1;0.00
2025;63765012512;UDRUGA JEDNA NOVA PORUKA;1450.00;1;0.00
2025;45257593233;MARKEK DOO;1449.88;2;0.00
2025;93075770066;AUTOKLUB RIJEKA;1442.00;24;0.00
2025;85644690123;IMPORTANNE CENTAR D.O.O.;1440.73;2;0.00
2025;68580945674;TERRA TENT DOO;1420.00;1;0.00
2025;53855410149;EXPERIENTIA DOO;1411.77;6;0.00
2025;78796880101;MILENIJ HOTELI D.O.O.;1404.50;5;0.00
2025;39753545974;DOMINOVIĆ DOO ZA TRGOVINU I USLUGE;1402.73;2;0.00
2025;28817560444;HRVATSKI LOVAČKI SAVEZ;1400.00;1;0.00
2025;86828835656;FORTUNA DOO;1400.00;1;0.00
2025;35786170284;FAST LANE JDOO;1390.00;1;0.00
2025;88449424130;NOGOMETNI KLUB DINAMO ODRANSKI OBREŽ;1390.00;1;0.00
2025;75665455333;UNIQA OSIGURANJE D.D.;1389.00;3;0.00
2025;90439696130;VULKAL DOO;1384.20;5;0.00
2025;77667944125;MATICA UMIROVLJENIKA HRVATSKE;1375.00;2;0.00
2025;32663870218;HRVATSKI INSTITUT INTERNIH REVIZORA;1357.50;2;0.00
2025;14405959093;KAOOOSSS;1350.00;1;0.00
2025;25953903177;ŽEPOH DOO;1349.91;1;0.00
2025;85007697972;GALOP PRIJEVOZ DOO;1345.00;2;0.00
2025;60327383256;BONAVIA RIJEKA DOO;1344.00;4;0.00
2025;10698224903;ZU ZA LJEKARNIČKU DJELATNOST LJEKARNE VAŠE ZDRAVLJE;1327.96;1;0.00
2025;66486182714;MINISTARSTVO OBRANE RH;1311.74;50;0.00
2025;71629027685;ECCOS INŽENJERING DOO;1310.00;1;0.00
2025;09444325229;PARATENISKI KLUB SIRIUS;1300.00;1;0.00
2025;66764992314;UDRUGA PRIGORSKI DAN;1300.00;2;0.00
2025;41036267867;DOMKO DOO;1287.50;1;0.00
2025;53605605523;PRINTSHOP DOO;1270.51;3;0.00
2025;95066869516;ARHITEKTURA SIGURNOSTI D.O.O.;1260.87;1;0.00
2025;86648038250;ILIRIC-EKO D.O.O. ZA USLUGE;1250.00;1;0.00
2025;53848380014;ALMA FASHION JDOO ZA USLUGE I TRGOVINU;1250.00;1;0.00
2025;99489406751;CENTAR ZA PROMET I LOGISTIKU DOO ZA USLUGE;1250.00;1;0.00
2025;78439412024;LIDER PROJEKT DOO;1250.00;1;0.00
2025;51596086621;RESPECT PROJECT DOO;1250.00;1;0.00
2025;82376202251;EMARKER DOO;1236.00;4;0.00
2025;33109439257;USTANOVA ZA OBR ODRASLIH IZ PODRUČJA INOV LID BIZ AGIL ILBA;1225.26;4;0.00
2025;65278787645;DOBAR PARTNER DOO;1223.55;1;0.00
2025;80064107459;TFK UPRAVLJANJE DOO;1215.88;19;0.00
2025;84698789700;MULLER TRGOVINA ZAGREB DOO;1215.00;1;0.00
2025;34650596827;AKTA DOO;1211.25;1;0.00
2025;12859943483;HRVATSKI SAVEZ UDRUGA TJELESNIH INVALIDA;1200.00;1;0.00
2025;90896496260;IMPERIAL RIVIERA D.D.;1200.00;1;0.00
2025;84232034227;UDRUGA ERGO ARTIS;1200.00;2;0.00
2025;31775663619;POEZIJA SUBOTOM;1200.00;2;0.00
2025;63858138148;HRVATSKO ČITATELJSKO DRUŠTVO;1200.00;2;0.00
2025;14112477239;NAPRIJED COMMERCE DOO;1193.13;1;0.00
2025;43188926272;NOBIUM D.O.O. ZA SAVJETOVANJE I INŽ. INFORM. I KOM. SUSTAVA;1187.50;1;0.00
2025;35157849903;GHIA SPORT D.O.O.;1168.92;1;0.00
2025;84375283263;BIROTEHNIKA CENTAR ZA DOPISNO OBRAZOVANJE;1166.33;4;0.00
2025;77599516175;KAUMA DOO;1143.20;4;0.00
2025;73073299425;LAUF SPORT LAB DOO;1131.25;2;0.00
2025;28524583246;BEZ SLUHA JDOO ZA USLUGE;1130.00;2;0.00
2025;16381590465;HUMS;1125.00;1;0.00
2025;82752153530;ZAGREBINSPEKT D.O.O.;1112.50;2;0.00
2025;10270967156;PRINTERA GRUPA DOO GRAFIČKA PROIZVODNJA I TRGOVINA;1107.50;1;0.00
2025;94275561661;ORONTIUS DOO ZA TRGOVINU I USLUGE;1104.00;1;0.00
2025;28797113989;H(RANA);1100.00;1;0.00
2025;54459816781;DOBROVOLJNO VATROGASNO DRUŠTVO BUZIN;1100.00;1;0.00
2025;58358923567;UDRUGA ZA AUTIZAM I OSTALE NEURODIVERGENTNOSTI ASK;1100.00;1;0.00
2025;31608194500;CRESCAT DOO;1095.16;1;0.00
2025;26217708909;SOLARIS D.D.;1083.60;2;0.00
2025;47007059561;TOWN SIGHT JDOO;1080.00;1;0.00
2025;70951823096;DV DJEČJI SAN;1080.00;3;0.00
2025;01158686369;DJEČJI VRTIĆ MALI PRIJATELJI;1080.00;3;0.00
2025;31890369785;SITOTIS TISKARA KARLUŠIĆ DOO ZA GRAFIČKU DJELATNOST;1062.50;1;0.00
2025;53339237141;MAXSIMPLE JDOO;1062.50;1;0.00
2025;62750394385;AUTO - HRVATSKA D.O.O.- STANICA ZA TEH.PREGLED VOZILA RIJEKA;1061.00;23;0.00
2025;85031837779;INOVINE D.D.;1060.00;2;0.00
2025;62588918891;IVIČEK DOO;1056.00;1;0.00
2025;42721290987;UMJETNIČKA ORGANIZACIJA RIKŠAFILM;1050.00;1;0.00
2025;48978886870;UDRUGA MAKETARA HRVATSKIH BRANITELJA DOMOVINSKOG RATA;1044.00;1;0.00
2025;71176740176;KLALEDA D.O.O.;1032.50;1;0.00
2025;93830136269;VMD SERVIS DOO;1015.95;13;0.00
2025;36233544501;GRAĐEVINSKI RADOVI D.O.O.;1010.00;4;0.00
2025;65569406218;DV KAPLJICA;1008.68;2;0.00
2025;43805471123;HRVATSKO UDRUŽENJE ZA CHRONOVU BOLEST I ULCEROZNI KOLITIS;1000.00;1;0.00
2025;66078036556;VJEŠTAK D.O.O. ZA VJEŠTAČENJE I DRUGE USLUGE;1000.00;1;0.00
2025;09377481666;GOSPODARSKI LIST DD;1000.00;2;0.00
2025;95770186528;OEL LAETUS D.O.O.;1000.00;1;0.00
2025;91091923820;TAEKWONDO KLUB SUSEDGRAD SOKOL;1000.00;1;0.00
2025;71127634672;TAI VORTA;1000.00;2;0.00
2025;76262593640;INSTITUT ZA STEM EDUKACIJU I AFTERSCHOOL PROGRAME;1000.00;1;0.00
2025;33587819328;CONCEPT ABK DOO;1000.00;1;0.00
2025;68800865154;HRVATSKI CENTAR ZA ISTRAŽIVAČKO NOVINARSTVO I SLOBODU MEDIJA;1000.00;1;0.00
2025;06674378579;KONSTRUKTA DOO;1000.00;1;0.00
2025;94004143931;PASE ZAGREB CONSULTING DOO;1000.00;1;0.00
2025;03981250245;NULA TRI GO DOO ZA DIZAJN;1000.00;1;0.00
2025;18940471354;UDRUGA ALKO APSTINENATA DUBRAVA CENTAR I;1000.00;1;0.00
2025;15116335069;PLATFORMA HR. ŽUP. I GRAD. ZA SMANJENJE RIZIKA OD KATASTROFA;1000.00;2;0.00
2025;67025642845;ANDRO INTERNACIONAL D.O.O.;997.50;1;0.00
2025;49756433865;GAJ GRUPA D.O.O. ZA TRGOVINU I USLUGE;995.41;2;0.00
2025;32787730056;UDRUGA POSLODAVACA U ZDRAVSTVU HRVATSKE;990.00;2;0.00
2025;01842858987;TAMBURAŠKI SASTAV NI 5 NI 6;990.00;1;0.00
2025;14659862131;GREGIĆ ADVISORY DOO;975.00;1;0.00
2025;17974548041;INDUSTRIJSKA MJERENJA DOO;975.00;2;0.00
2025;35067158852;M B SEMINAR DOO;962.50;4;0.00
2025;11374156664;Z - EL D.O.O. ZA PROMET ELEKTRONIČKIM KOMPONENTAMA;958.28;3;0.00
2025;64942661827;GRAD JASTREBARSKO;956.26;2;0.00
2025;99144587644;ING EKSPERT D.O.O.;945.00;1;0.00
2025;98470399801;FORMEL DOO;945.00;1;0.00
2025;78043520516;STEGA TISAK D.O.O.;931.88;1;0.00
2025;01942351600;MI2 STUDIO DOO ZA PROJEKTIRANJE TRGOVINU I USLUGE;930.00;1;0.00
2025;14406266414;ADRIATIC TRAVEL & TRADE DOO;926.00;1;0.00
2025;38981878272;I P S JDOO;900.00;1;0.00
2025;29091031016;LEPTIR-BITI DOO;900.00;1;0.00
2025;40332346074;UDRUGA UMIROVLJENIKA JAKUŠEVEC HRELIĆ;900.00;1;0.00
2025;82513385036;NOGOMETNI KLUB BLATO;900.00;1;0.00
2025;19702615933;VICTOR ENERGY DOO;900.00;1;0.00
2025;08278545377;FIRE BROTHERS DOO;899.00;1;0.00
2025;73735886955;CARTA MAGICA DOO ZA TRGOVINU I USLUGE;897.36;1;0.00
2025;19973542832;WEBPOWER ADRIA DOO;887.50;6;0.00
2025;36036279818;FLINK D.O.O.;886.91;1;0.00
2025;58843087891;AGENCIJA ZA KOMERCIJALNU DJELATNOST PRO.,USL. I TRG. D.O.O.;882.55;6;0.00
2025;70427667907;MURMUR ARHITEKTURE DOO;875.44;1;0.00
2025;23359164583;METEOR GRUPA - LABUD DOO;875.00;1;0.00
2025;09758463513;GIFTICO DOO;873.70;1;0.00
2025;86231081842;PETRIĆ I KAJIĆ ODVJETNIČKO DRUŠTVO DOO;845.35;1;0.00
2025;91448726740;ASTREJA PLUS D.O.O.;838.44;3;0.00
2025;74887997071;TEHNO MAG DOO;829.96;1;0.00
2025;09201087238;COMPING D.O.O.;829.50;5;0.00
2025;58389924351;POGREBNO PODUZEĆE ZAGREB D.O.O.;829.50;5;0.00
2025;51572924444;VIRTUAL D.O.O.;812.50;1;0.00
2025;50284776047;TAMBURAŠKI SASTAV PRESTO;800.00;1;0.00
2025;08954544114;DRUŠTVO GRAĐEVINSKIH INŽENJERA ZAGREB;800.00;1;0.00
2025;75592902483;KLUB MLADIH TEHNIČARA GORNJI GRAD;800.00;1;0.00
2025;87337408652;DRUŠTVO ZA POPULARIZACIJU ZNANOSTI VINKO DVORAK;800.00;1;0.00
2025;98254475563;SATIRA DOO;795.16;3;0.00
2025;06855487087;MT MJERNA TEHNIKA D.O.O.;787.50;2;0.00
2025;11986338639;INSTITUT ZA DRUŠTVENA ISTRAŽIVANJA SVEUČILIŠTA U ZAGREBU;782.00;1;0.00
2025;31147921878;IKARPLAST D.D.;781.00;26;0.00
2025;59964152545;MIKRONIS D O O;774.00;1;0.00
2025;67998311121;KRISTALNO ČISTO DOO;771.19;1;0.00
2025;04236338614;ENERGO BIOMASA DOO;767.00;1;0.00
2025;49733628869;BINĐO D.O.O. ZA USLUŽNE DJELATNOSTI U ŠUMARSTVU I GRAĐEVINA.;762.50;1;0.00
2025;92313875544;STUDIO DORTI DOO ZA USLUGE I TRGOVINU;754.38;1;0.00
2025;51709192747;GRAĐANSKA UDRUGA DUGAVE;750.00;1;0.00
2025;60629252994;EQUI VET DOO ZA USLUGE;750.00;3;0.00
2025;25308026432;UMJETNIČKA ORGANIZACIJA PROJEKT;750.00;2;0.00
2025;38503502855;NOGOMETNI KLUB ĆIRO BLAŽEVIĆ ACADEMY;750.00;1;0.00
2025;38442933576;EKONOMSKO TEHNIČKI PROJEKT DOO;750.00;1;0.00
2025;72912838369;KAZALIŠNA DRUŽINA TEATAR PRESTIGE;750.00;1;0.00
2025;59859453451;HOĆEMO PRAVEDNO;750.00;1;0.00
2025;29625629048;SAN BOX DOO ZA TRGOVINU I USLUGE;744.38;2;0.00
2025;34993239589;SEECP TURIZAM DOO;720.35;1;0.00
2025;27208467122;SVEUČILIŠTE U ZAGREBU EKONOMSKI FAKULTET;720.00;17;0.00
2025;76221238110;PROMET D.O.O. ZA PRIJEVOZ PUTNIKA MAKARSKA;702.00;24;0.00
2025;96371000697;SVEUČILIŠTE U OSIJEKU PREHRAMBENO TEHNOLOŠKI FAKULTET OSIJEK;700.00;2;0.00
2025;14155634297;PARTNER GRADNJA D.O.O.;700.00;1;0.00
2025;09587187627;STATOM DOO;700.00;1;0.00
2025;65282539610;ZAVIČAJNO DRUŠTVO VIROVITIČANA U ZAGREBU;700.00;1;0.00
2025;52186644974;BILUX DOO;687.50;1;0.00
2025;30778480816;ARCHERY POINT JDOO;680.00;1;0.00
2025;10604441351;AUTO MOTO KLUB KRIŽEVCI;680.00;24;0.00
2025;79643248889;IN TRI DOO ZA MULTIMEDIJALNE DJELATNOSTI;660.00;1;0.00
2025;60523674656;PRO SLAP DIZAJN JDOO;658.75;1;0.00
2025;95186057663;DESKON PROJEKTIRANJE JDOO;650.00;1;0.00
2025;70108447975;NAKLADA SLAP IZDAVAČKI I GRAFIČKO DOO;647.31;1;0.00
2025;10489645447;GLINA PROMET DOO;641.25;1;0.00
2025;11725503561;DJEČJI VRTIĆ MASLAČAK;640.00;2;0.00
2025;76149261107;PROZIRNI NAMJEŠTAJ DOO;631.25;1;0.00
2025;42522821718;EDZ ELEKTRONIČKO DRUŠTVO ZAGREB;630.00;1;0.00
2025;80771247859;STRUCTURING DOO;627.12;1;0.00
2025;40627607407;PUĆO D.O.O.;626.69;2;0.00
2025;21142433552;EURO DIJAMANT DOO;625.00;1;0.00
2025;91100547771;LUXOR GRUPA DOO ZA USLUGE;625.00;1;0.00
2025;04269148903;PLAVI PROSTOR DOO;621.40;13;0.00
2025;66445126397;MATE D.O.O. ZA MARKETING TEHNOLOGIJA;600.90;2;0.00
2025;62084414176;NJEMAČKA ŠKOLSKA UDRUGA;600.00;1;0.00
2025;70495514263;MLADI ZA BREZOVICU;600.00;2;0.00
2025;78021427188;F - B TOURS D.O.O. ZA TRGOVINU, USLUGE I PUTNIČKA AGENCIJA;600.00;1;0.00
2025;20493474222;AGOGA CENTAR ZA SPORT I REKREACIJU;600.00;1;0.00
2025;88316173290;UMJETNIČKA ORGANIZACIJA MAXIMUM;600.00;2;0.00
2025;47256166855;KRONIKE VELIKE GORICE DOO;600.00;1;0.00
2025;38304616284;OPĆINSKI SUD U PULI POLA;600.00;1;0.00
2025;94989605030;KRAŠ DD;599.50;1;0.00
2025;80570130360;METALIKA DOO;595.10;1;0.00
2025;80096790804;VINDIJA TRGOVINA DOO;594.27;1;0.00
2025;44138062462;VINDIJA D.D.;594.26;1;0.00
2025;95562949871;CENTAR ZA RAČUNOVODSTVO I FINANCIJE D.O.O.;583.40;2;0.00
2025;56930405488;SLAVONIJATRANS TEHNIČKI PREGLEDI D.O.O.;581.00;24;0.00
2025;22938688079;AG PROJEKT DOO;571.71;1;0.00
2025;76598425509;MATIĆ DOO;566.06;9;0.00
2025;89811416156;RADNO PRAVO ROSIP D.O.O.;565.00;2;0.00
2025;63420097130;O TOURS PCO DOO;556.00;2;0.00
2025;53848806583;OSOR PROMET D.O.O.;554.35;1;0.00
2025;92795490907;MEDECINC DU MONDE ASBL-DOKTERS VAN DE WERELD VZW;550.00;1;0.00
2025;25767144455;PLANET IX DOO;542.50;1;0.00
2025;76842508189;ZAGREBAČKE PEKARNE KLARA D.D.;541.12;12;0.00
2025;05957540364;ŠAHOVSKI KLUB VRSTUN;540.00;1;0.00
2025;37322381288;O K TEH DOO ZA TRGOVINU I USLUGE;539.98;1;0.00
2025;54597133705;KIT DOO ZA TRGOVINU I USLUGE;521.24;1;0.00
2025;55828087505;PROADRIA DOO;520.60;2;0.00
2025;67873793120;BIKE TOURS ZAGREB JDOO;517.50;1;0.00
2025;95009391308;KLEK COMMERCE D.O.O. ZA TRGOVINU I USLUGE;503.00;24;0.00
2025;43952000920;UMJETNIČKA ORGANIZACIJA SHOOMA;500.00;1;0.00
2025;90481313264;INTRADOS PROJEKT DOO;500.00;1;0.00
2025;54510417195;BASSI OBRT ZA USLUŽNE DJELATNOSTI VL LUKA BIŠĆAN;500.00;1;0.00
2025;16495188637;ART CON I ING DOO;500.00;1;0.00
2025;36900094215;MEĐUNARODNA AKADEMIJA ODRŽIVOG RAZVOJA;500.00;1;0.00
2025;02229990068;GOGING DOO;500.00;1;0.00
2025;49410722599;PETNAESTA UMJETNOST DOO ZA TV I FILMSKU PRODUKCIJU;500.00;1;0.00
2025;97493922891;FOLKLORNI ANSAMBL TUROPOLJE;500.00;1;0.00
2025;88300141132;UDRUGA ZA PROMICANJE I RAZVOJ ŠAHA MAT U 2;500.00;1;0.00
2025;29904594015;CENTAR DO;500.00;1;0.00
2025;02059736476;IDA DIDACTA D.O.O.;497.87;2;0.00
2025;15880565001;GURMAN DOO;494.80;1;0.00
2025;63634588885;ME ET ME DOO ZA USLUGE TURISTIČKA AGENCIJA;493.00;1;0.00
2025;09248242550;UDRUGA RAČUNOVOĐA  FINANCIJSKIH DJELATNIKA;490.00;2;0.00
2025;24929691978;DVOR TRAKOŠĆAN;490.00;1;0.00
2025;43369687715;LUXUS SPORT DOO ZA TRGOVINU I USLUGE;475.00;1;0.00
2025;90723880314;PAPYRUS DOO ZA TRGOVINU I USLUGE;474.79;1;0.00
2025;52278424824;INFORMATIKA SISTEMI DOO;473.36;1;0.00
2025;78759188952;OLYMPIA VODICE DD;471.20;2;0.00
2025;61970000850;UDRUGA LASTIN REP;470.00;1;0.00
2025;65413332216;MAJC DOO;468.75;1;0.00
2025;00438631100;PIXEL STUDIO D.O.O.;462.10;1;0.00
2025;81273950425;PROJECTUS GRUPA DOO;459.78;1;0.00
2025;41849057634;INTEGRA DOO;450.00;1;0.00
2025;43034249665;ELOQUENTIA OBRT ZA PREVOĐENJE I INT USLUGE VL DENIS PAVIĆ;450.00;2;0.00
2025;52516630471;DOBROVOLJNO VATROGASNO DRUŠTVO TRPUCI;450.00;1;0.00
2025;67939934253;STRELJAČKO DRUŠTVO KUPINEČKI KRALJEVEC;450.00;1;0.00
2025;53690373236;NOGOMETNI KLUB DRAGONOŽEC;450.00;1;0.00
2025;95868917219;ODVJETNIČKO DRUŠTVO VUKINA I PARTNERI DOO;450.00;1;0.00
2025;55374795340;MIRKO HVALA JDOO ZA VJEŠTAČENJA I USLUGE;449.21;1;0.00
2025;41317489366;HEP PLIN DOO;446.62;24;0.00
2025;94766180676;CONVENTUS CREDO DOO;440.00;1;0.00
2025;26826437822;INTEROMNIA DOO;438.96;2;0.00
2025;56096703931;UDRUGA NAŠA PIKICA;430.00;1;0.00
2025;77197933387;GANIMA DOO;429.25;1;0.00
2025;82603658285;NEOVET DOO ZA VETERINARSKU DJELATNOST;425.00;3;0.00
2025;83997642580;ARENA CENTAR ZAGREB  DOO;421.40;1;0.00
2025;14666659478;LUMUS LOGISTIKA JDOO;420.00;1;0.00
2025;06916431329;SUNCE HOTELI DD;420.00;1;0.00
2025;07928840919;PORIV JDOO;411.25;2;0.00
2025;18603636274;TEHNOPRAH DOO;408.75;1;0.00
2025;79014493590;DOMATO LD DOO;406.25;2;0.00
2025;88826408293;AUTOSERVISNI CENTAR D.D.;406.00;24;0.00
2025;68581456127;HRVATSKI AUTOKLUB - TEMELJNI AUTOKLUB VARAŽDIN;405.00;24;0.00
2025;46897060061;BP -DIG DOO;405.00;1;0.00
2025;49182241027;HOTEL TRAKOŠĆAN DOO;404.77;1;0.00
2025;34681350689;GLAS GRAĐANSKO LIBERALNI SAVEZ;400.00;1;0.00
2025;20271438695;DOBROVOLJNO VATROGASNO DRUŠTVO BELOVAR;400.00;2;0.00
2025;79358074021;DOBROVOLJNO VATROGASNO DRUŠTVO KAŠINA GORNJA;400.00;2;0.00
2025;36315621653;NANOSEC TRADE JDOO ZA TRGOVINU I USLUGE;400.00;1;0.00
2025;34380325084;GEO ZIK JDOO;399.87;1;0.00
2025;27921976652;NOVA FORMA DOO ZA PROIZVODNJU PROMET I USLUGE;399.65;1;0.00
2025;31375495391;PENTA D.O.O.;396.00;1;0.00
2025;62767157304;UTILIUM DOO TRGOVINA I USLUGE;394.90;1;0.00
2025;65638061875;SUPERKNJIŽARA DOO ZA TRGOVINU I USLUGE;390.02;1;0.00
2025;28370392421;AK VINKOVCI;390.00;21;0.00
2025;82935099849;ŽIVI BAR DOO;378.28;1;0.00
2025;00620826722;TENDERI D.O.O. OBRADA I DISTRIBUCIJA PODATAKA;377.84;1;0.00
2025;56822948795;SAVEZ ENERGETIČARA HRVATSKE;376.25;3;0.00
2025;29981688032;KOMUNIKACIJE PLUS D.O.O.;375.00;1;0.00
2025;27381849425;LABO DOO;375.00;1;0.00
2025;69882918953;FOODFEST DOO;370.00;3;0.00
2025;92679326191;BENKOVO DOO;370.00;2;0.00
2025;21634912096;KAVALA DOO;364.20;1;0.00
2025;14064365692;PROLUFT ISUŠIVANJE DOO;362.50;1;0.00
2025;22413472900;MINISTARSTVO GOSPODARSTVA I ODRŽIVOG RAZVOJA;362.00;3;0.00
2025;29824444539;MASTER MEDIA DOO ZA USLUGE;360.00;1;0.00
2025;54576376096;HERZ D.D.;358.00;24;0.00
2025;63701153601;ART MATERIJAL, D.O.O. ZA TRGOVINU;356.26;1;0.00
2025;71642207963;BAUHAUS-ZAGREB K.D.;351.68;1;0.00
2025;89104907543;KOTURALJAŠKI KLUB MEDVEŠČAK;350.00;1;0.00
2025;35561336239;JSN COMON DOO;350.00;1;0.00
2025;16772879606;MALI ŠAHISTI DOO;350.00;1;0.00
2025;52608448846;UDRUGA ZA PROMICANJE AKTIVNOG NAČINA ŽIVOTA ODRASLIH OSOBA;350.00;1;0.00
2025;00912607863;UVIJEK VRIJEDNI DOO;340.70;1;0.00
2025;65237870203;AMERIČKA MEĐUNARODNA ŠKOLA U ZAGREBU;340.00;1;0.00
2025;37731280508;APPA 365 DOO;340.00;1;0.00
2025;81978173962;KAIROS IZDAVAŠTVO D.O.O.;337.05;2;0.00
2025;61420757013;AUTO KLUB NOVA GRADIŠKA;336.00;24;0.00
2025;15912171307;BOLJI UPRAVITELJ ZGRADA JDOO;319.40;4;0.00
2025;88645558956;MDM UPRAVLJANJE DOO;313.96;20;0.00
2025;84874223202;LOVAC TRGOVINA VELEPRODAJA D.O.O;312.50;1;0.00
2025;22351243521;MALI PARTY JDOO;312.50;1;0.00
2025;23073828879;GODJI DOO ZA SAVJETOVANJE I USLUGE;312.50;1;0.00
2025;41396589417;GRANDIS DOO;312.50;1;0.00
2025;74228338976;AVITEH DOO;311.75;2;0.00
2025;48123137525;SMART BIZ DOO;311.25;1;0.00
2025;37553848651;LANIŠTE D.O.O. ZA GRADITELJSTVO I USLUGE;311.06;1;0.00
2025;80171853973;HITCHTONE MUSIC & PROMOTION;300.00;1;0.00
2025;94139426897;USTANOVA ZA ZDRAVSTVENU SKRB PROFOZIĆ;300.00;5;0.00
2025;71381714109;PLESNI CENTAR ZAGREB DOO ZA PLESNE DJEL USL I TRGOVINU;300.00;1;0.00
2025;44845612948;CREADISO DOO;300.00;1;0.00
2025;55141567365;UČILIŠTE EU PROJEKTI;300.00;1;0.00
2025;25170721692;PRINT STUDIO D.O.O.;299.50;1;0.00
2025;10044285421;AUTO KLUB HVAR;298.00;24;0.00
2025;69924559109;RADVISORY JDOO;296.00;2;0.00
2025;24134265432;MARTOM FLORA DOO;295.84;1;0.00
2025;58839546584;HOTEL OSIJEK DOO ZA TURIZAM;292.92;2;0.00
2025;72908368249;OPĆINA OMIŠALJ;291.05;11;0.00
2025;28674400422;AUTOSLAVONIJA D.D. ZA TRG.,POPRAVAK I ODRŽ. MOTORNIH VOZILA;286.00;25;0.00
2025;46377257342;KLINIČKI BOLNIČKI CENTAR ZAGREB;284.90;10;0.00
2025;40081859293;IGLU ŠPORT D.O.O. ZA TRGOVINU, USLUGE I PROZVODNJU;279.60;1;0.00
2025;57500462912;HRVATSKE AUTOCESTE D.O.O.;279.56;3;0.00
2025;32874587842;DRAGER SAFETY D.O.O.;275.78;1;0.00
2025;75444587892;PAMIGO DOO;271.60;1;0.00
2025;54350123718;MOVA SERVIS DOO;268.25;1;0.00
2025;58933898865;BRIŠAR SERVIS D.O.O.;265.60;1;0.00
2025;37357453647;AGENCIJA APPA DOO;265.00;2;0.00
2025;58203211592;PAN-PEK D.O.O.;262.40;1;0.00
2025;43505502369;METROPOLITAN HRVATSKA DOO;260.00;1;0.00
2025;70472000715;BALON CENTAR DOO ZA USLUGE;255.00;1;0.00
2025;57812223496;AUTOMAT CAFFE DOO;255.00;1;0.00
2025;34695138237;M SAN GRUPA DOO;250.00;1;0.00
2025;45763429642;DJEČJI VRTIĆ CIPELICA;247.50;3;0.00
2025;61160611372;AGROSERVIS STP DOO;242.00;24;0.00
2025;05461674840;BUG  D.O.O.;240.00;3;0.00
2025;02156897147;PINO KONZALTING DOO;231.25;1;0.00
2025;85987073424;TEAM PRINT DOO;225.00;1;0.00
2025;48567510815;BRODIĆ PROMET D.O.O.;225.00;1;0.00
2025;77351182595;LINK 2 D.O.O. ZA PROJEKT.,PROIZ. I MONT. EL. NAD. I IN. SUS.;225.00;1;0.00
2025;81709522951;SUPRA PRIND PUBLIC DOO ZA USLUGE;225.00;1;0.00
2025;90263048519;ELZAS D.O.O.;222.75;1;0.00
2025;82822119818;SEPTUM DOO;222.00;1;0.00
2025;55462057999;MV LOGISTIC DOO;220.00;1;0.00
2025;49721702445;AUTOPRIJEVOZ D.D.;218.00;23;0.00
2025;33949636978;TRAVAŠ I PARTNERI ODVJETNIČKO DRUŠTVO DOO;214.05;1;0.00
2025;24796394086;ŠKOLSKE NOVINE D.O.O.;210.00;2;0.00
2025;56373381765;LEKATRON DOO;206.25;1;0.00
2025;38110026192;ZAGREBAČKI ODBOJKAŠKI SAVEZ;200.00;1;0.00
2025;67238074847;DOBROVOLJNO VATROGASNO DRUŠTVO BLAGUŠA;200.00;1;0.00
2025;06880630974;DOBROVOLJNO VATROGASNO DRUŠTVO KOBILJAK;200.00;1;0.00
2025;57881852421;KB DOO ZA PROIZVODNJU I TRGOVINU;195.44;1;0.00
2025;87950783661;HRVATSKA REGULATORNA AGENCIJA ZA MREŽNE DJELATNOSTI;195.06;3;0.00
2025;61037058902;MAGIC OMENS DOO ZA TRGOVINU I USLUGE;194.00;1;0.00
2025;33650879020;PAMETNA KUĆA DOO;192.00;1;0.00
2025;56956156104;METAL- PROJEKT D.O.O.;190.00;1;0.00
2025;14426038690;DOMINION DOO;187.50;1;0.00
2025;44839495381;GOLDTOURS DOO;185.00;1;0.00
2025;08263388075;UDRUGA PRAVNIKA U ZDRAVSTVU;180.00;1;0.00
2025;85264201698;ATLETSKI KLUB MAKSIMIR;175.00;1;0.00
2025;00756356319;HM PROMOTION DOO ZA INFORMACIJSKE TEHNOLOGIJE;173.13;2;0.00
2025;78790858154;MEDICINSKA NAKLADA D.O.O.;167.20;1;0.00
2025;76656069231;ODVJETNIK DRAŽEN JERKOVIĆ;164.72;1;0.00
2025;37268254106;GRADSKA LJEKARNA ZAGREB;162.95;1;0.00
2025;26416570803;SVEUČILIŠTE J J STROSSMAYERA U OSIJEKU - PRAVNI FAKULTET;162.00;6;0.00
2025;23950119865;HOTEL VARAŽDIN DOO;159.52;1;0.00
2025;50263490046;ROMBIKE SERVISI I USLUGE JDOO;154.00;1;0.00
2025;91090634935;AUTOKLUB SUPETAR;153.00;1;0.00
2025;91361450490;ZAGREBAČKI BUBNJARI;150.00;1;0.00
2025;95098435767;VENI VOCALIS DOO;149.00;1;0.00
2025;67315925657;BARNJAK STIPO;147.00;1;0.00
2025;51794570679;HUZRM;140.00;1;0.00
2025;36941458821;CENTAR KOVAČIĆ D.O.O.;139.00;22;0.00
2025;23988915754;ROMOS COMMERCE DOO;136.46;1;0.00
2025;91653777677;INTERVEKTOR DOO;134.63;1;0.00
2025;09931144729;ODVJETNIČKO DRUŠTVO TODTLING I PARTNERI DOO;133.38;1;0.00
2025;64125437677;PONIKVE VODA D.O.O.;133.20;12;0.00
2025;29400498330;STANICA ZA TEHNIČKI PREGLED VOZILA D.O.O. - PITOMAČA;133.00;24;0.00
2025;61452840082;IZDAVAČKA KUĆA POSLOVNA LITERATURA D.O.O.;131.04;1;0.00
2025;32603881196;AUTOPROMET D.D.;128.00;20;0.00
2025;69410598395;CENTAR ZA PROFESIONALNU REHABILITACIJU ZAGREB;127.44;1;0.00
2025;42718923078;AUTO KLUB NAŠICE;127.00;22;0.00
2025;27566638716;BONUS OPINIO DOO;126.00;1;0.00
2025;77434030734;ŠTAJDUHAR I JUREC BARAS ODVJETNIČKO DRUŠTVO DOO;125.00;2;0.00
2025;31581956726;PROMO VECTOR DOO;121.00;1;0.00
2025;62462242629;VG VODOOPSKRBA D.O.O.;120.18;12;0.00
2025;68387692968;PINERO DOO ZA MARKETING I POSREDOVANJE;120.00;1;0.00
2025;68755468505;HOTEL SPLIT DD;118.72;1;0.00
2025;99333100809;STANICA ZA TEHNIČKI PREGLED VOZILA BLATO DOO;116.00;20;0.00
2025;99702507717;HRVATSKI SAVJET ZA ZELENU GRADNJU;112.50;1;0.00
2025;36974788949;TELEGRAM MEDIA GRUPA D.O.O.ZA IZDAVAŠTVO I PRUŽANJE INT.USL.;108.99;2;0.00
2025;47681661111;ARTO DOO;108.00;1;0.00
2025;03289395043;NUCLEUS DOO;104.90;1;0.00
2025;49501583140;ŠTOKIĆ TOMISLAV;103.60;1;0.00
2025;11314928010;DINO I LUKA DOO;100.00;1;0.00
2025;34016189309;SVEUČILIŠNI RAČUNSKI CENTAR SRCE;88.00;1;0.00
2025;00966532199;VD JAVNOG BILJEŽNIKA IVAN VULJANIĆ;87.50;7;0.00
2025;94124811986;DM-DROGERIE MARKT DOO;86.19;1;0.00
2025;94443043935;UPI - 2M PLUS D.O.O.;82.84;2;0.00
2025;49090390961;BALDINISTUDIO DOO;80.00;1;0.00
2025;28221820465;AUTO KLUB PAZIN;80.00;19;0.00
2025;18603084012;VAL SAVJETOVANJE DOO;80.00;1;0.00
2025;85821188970;ARANEA MALOPRODAJA DOO ZA TRGOVINU I USLUGE;79.00;1;0.00
2025;02958272670;HRVATSKI ZAVOD ZA ZDRAVSTVENO OSIGURANJE;76.51;2;0.00
2025;65553879500;HGSPOT GRUPA DOO;73.71;1;0.00
2025;17231519023;KAZNIONICA U VALTURI ODJEL ZA RAD I STRUKOVNU IZOBRAZBU;72.00;22;0.00
2025;67154708735;ESC 1 DOO U STEČAJU;67.85;1;0.00
2025;98828194905;ISTYLE DOO;65.96;1;0.00
2025;38453148181;JADROLINIJA;65.20;1;0.00
2025;30777726033;FLIBA DOO;63.70;1;0.00
2025;74500888901;POSIFLEX DOO;62.50;1;0.00
2025;24783614642;BONIĆ DRAŽEN;60.00;1;0.00
2025;81700550832;REPUBLIKA HRVATSKA MINISTARSTVO UPRAVE;60.00;2;0.00
2025;90449789256;FRIGO & CO DOO;57.60;1;0.00
2025;67131617872;DS SMITH BELIŠĆE CROATIA DOO;57.00;20;0.00
2025;85266453930;JAVNI BILJEŽNIK ANDREJA LEVATIĆ MARIN;56.68;2;0.00
2025;22341026596;SVEUČILIŠTE VERN;53.08;2;0.00
2025;50090625176;M.E.P. D.O.O.;52.65;1;0.00
2025;38027917553;VD JAVNOG BILJEŽNIKA TOMISLAV GAROFULIĆ;50.00;4;0.00
2025;79989039179;DURTECH GROUP DOO;49.80;3;0.00
2025;09674238936;M S DOO;49.00;1;0.00
2025;21688419865;CMC GROUP DOO;48.00;1;0.00
2025;78866932443;OPĆINSKI SUD U ZADRU;45.46;1;0.00
2025;71259740533;FAKULTET KEMIJSKOG INŽENJERSTVA I TEHNOLOGIJE;40.00;1;0.00
2025;26093119930;SVEUČILIŠTE U RIJECI EKONOMSKI FAKULTET;39.82;2;0.00
2025;29113541841;VODOOPSKRBA I ODVODNJA ZAPREŠIĆ D.O.O.;39.72;12;0.00
2025;13439120211;BINA ISTRA DD;38.40;2;0.00
2025;18180861064;ZAHVALE I SJEĆANJA DOO;37.74;3;0.00
2025;95596568733;VRŠITELJ DUŽNOSTI JAVNOG BILJEŽNIKA IVAN MARČINKO;37.50;3;0.00
2025;52876285874;MRVICA M DOO;36.00;1;0.00
2025;64293991678;REISSWOLF DOO;35.75;1;0.00
2025;61469620638;DRŽAVNI ARHIV U SPLITU;34.46;1;0.00
2025;82667270868;AUTOCESTA ZAGREB-MACELJ DOO;32.10;10;0.00
2025;75550985023;PETROL D.O.O.;32.00;2;0.00
2025;45237012600;SAVA OSIGURANJE DD PODRUŽNICA HRVATSKA;30.00;2;0.00
2025;60277424315;AKADEMIJA ZA UMJETNOST I KULTURU U OSIJEKU;27.00;1;0.00
2025;25329931628;SVEUČILIŠTE U ZAGREBU KINEZIOLOŠKI FAKULTET;26.54;2;0.00
2025;18711058267;ODVJETNIČKO DRUŠTVO ĆURKOVIĆ I ŠANJUG DOO;25.25;1;0.00
2025;37772539978;KAMENJAK DOO;22.63;1;0.00
2025;43600498596;KOMUNALNE USLUGE CRES LOŠINJ D.O.O.;21.00;7;0.00
2025;14828046348;OPĆINSKI SUD U VARAŽDINU;20.76;1;0.00
2025;72070979111;PROEN ENERGETIKA NEKRETNINA D.O.O.;20.75;2;0.00
2025;10839679016;SVEUČILIŠTE U ZADRU;20.00;1;0.00
2025;02024882310;SVEUČILIŠTE U ZAGREBU FAKULTET ORGANIZACIJE I INFORMATIKE;20.00;1;0.00
2025;99454315441;SVEUČILIŠTE U ZAGREBU FAKULTET HRVATSKIH STUDIJA;20.00;1;0.00
2025;29845096215;SVEUČILIŠTE U SPLITU;19.91;1;0.00
2025;84202464143;STEČAJNA MASA IZA KONUS PROJEKTA DOO;19.91;1;0.00
2025;75480885018;VELEUČILIŠTE U KRIŽEVCIMA;19.91;1;0.00
2025;77802735473;IMP TERMOTEHNIKA REGULACIJA D.O.O.;19.88;1;0.00
2025;85712407576;CRUCIS PROJEKT DOO ZA TRGOVINU I USLUGE;15.00;1;0.00
2025;99084771962;RUMBOCI JDOO;15.00;1;0.00
2025;74610670107;OPĆINSKI SUD U SISKU STALNA SLUŽBA U PETRINJI;14.40;1;0.00
2025;87680911390;UPIS NEKRETNINA DOO;13.80;1;0.00
2025;34631330035;ĐURICA NADA;13.27;1;0.00
2025;24444413949;AT ITPS DOO;12.72;1;0.00
2025;18623146104;SUĆUT DOO;11.88;1;0.00
2025;09665214153;OSMRTNICE DOO;11.03;1;0.00
2025;90017522601;ISTARSKA ŽUPANIJA;5.30;1;0.00
2025;74084245037;OPĆINSKI SUD U CRIKVENICI;0.39;1;0.00
2025;87682591133;AUTO HRVATSKA PRODAJNO SERVISNI CENTRI DOO;0.00;2;0.00
2025;91778750999;INFOMEDIAOFFICE DOO;0.00;2;0.00
2025;16050079665;AP SUSTAVI NAPAJANJA DOO;0.00;2;0.00
2025;85096116847;INFOSCOPE DOO;0.00;2;0.00
2025;93639623152;DOMENA DEA DOO;0.00;2;0.00
2025;25339781941;ODVJETNIČKO DRUŠTVO TEREŠAK & PARTNERI;0.00;2;0.00
2025;60933160251;CUSPIS DOO;0.00;2;0.00
2025;65119154523;KLINIČKA BOLNICA SVETI DUH;-116905.10;10;-0.01
2026;82031999604;ZAGREBAČKI ELEKTRIČNI TRAMVAJ DOO;155640285.60;459;12.48
2026;85584865987;ZAGREBAČKI HOLDING D.O.O.;155528161.40;4111;12.47
2026;18683136487;MINISTARSTVO FINANCIJA;58161796.01;547;4.66
2026;74971361430;STRABAG DOO;25796459.58;24;2.07
2026;59365213244;UPRAVLJANJE SPORTSKIM OBJEKTIMA;22417961.92;24;1.80
2026;23057039320;ERSTE STEIERMARKISCHE BANK;21817356.49;49;1.75
2026;73807462275;SPORTSKI SAVEZ GRADA ZAGREBA;18666666.69;7;1.50
2026;89931241548;KAMGRAD D.O.O.;16008036.52;6;1.28
2026;92963223473;ZAGREBAČKA BANKA  D.D. ZAGREB;15833682.66;135;1.27
2026;93571946376;KNJIŽNICE GRADA ZAGREBA;14931187.66;53;1.20
2026;92366589656;JAVNA VATROGASNA POSTROJBA GRADA ZAGREBA;13421092.93;49;1.08
2026;14482540987;IZGRADNJA FUTURA D.O.O.;11505587.86;26;0.92
2026;02535697732;PRIVREDNA BANKA ZAGREB DD;10306005.72;50;0.83
2026;83416546499;VODOOPSKRBA I ODVODNJA D.O.O.;9703542.61;6516;0.78
2026;03744272526;GRADSKO STAMBENO KOMUNALNO GOSPODARSTVO D.O.O.;9457468.30;341;0.76
2026;10852199405;HRVATSKO NARODNO KAZALIŠTE;8801157.23;34;0.71
2026;89436606278;MEKATRONIK URETIM TEKNOLOJI MUHENDISLIK ANONIM SIRKETI;7970582.95;8;0.64
2026;07410147801;NILUFER YONETIM DANISMANLIGI INSAAT SANAYI TICARET ANONIM SI;7833552.10;14;0.63
2026;77931216562;URIHO USTANOVA ZA PROF.REHABILITACIJU I ZAP.OSOBA S INVAL.;6401702.14;39;0.51
2026;76370234816;ELICOM D.O.O.;6047776.03;27;0.48
2026;59569102212;ZAGREBAČKO GRADSKO KAZALIŠTE KOMEDIJA;5993240.44;64;0.48
2026;94948888880;XELEMENT DOO SARAJEVO PODRUŽNICA ZAGREB;5910020.89;6;0.47
2026;63073332379;HEP OPSKRBA D.O.O.;5714518.55;178;0.46
2026;38657725741;ZAGREBAČKA FILHARMONIJA;5307086.04;60;0.43
2026;62485998118;HEDOM  D.O.O.;5285345.53;17;0.42
2026;70362197460;USTANOVA DOBRI DOM GRADA ZAGREBA;5081669.13;21;0.41
2026;81106567513;DV VRAPČE;4502230.05;65;0.36
2026;69262261098;USTANOVA ZOOLOŠKI VRT GRADA ZAGREBA;4338200.00;7;0.35
2026;97345554668;DV BAJKA;4291021.39;57;0.34
2026;78913530404;JUKIĆ - DAM D.O.O.;4229460.00;6;0.34
2026;91678676896;COMBIS D.O.O.;4003876.46;32;0.32
2026;13254939546;ZAGREBAČKO KAZALIŠTE MLADIH;3966218.21;70;0.32
2026;31015599358;DV ŠEGRT HLAPIĆ;3943664.61;76;0.32
2026;69476494959;DV GAJNICE;3888825.78;76;0.31
2026;88388890400;DV JARUN;3850386.74;57;0.31
2026;76109957666;DV UTRINA;3811155.99;78;0.31
2026;78167252842;DV GRIGOR VITEZ;3757225.82;56;0.30
2026;31422239000;DV SESVETE;3756433.68;68;0.30
2026;66494507454;DV SUNČANA;3754271.28;63;0.30
2026;23901219315;GRADSKO DRAMSKO KAZALIŠTE GAVELLA;3730446.48;55;0.30
2026;49823978318;DV TRNSKO;3575057.81;73;0.29
2026;00000000001;EUROPEAN INVESTMENT BANK;3570145.86;3;0.29
2026;42776586352;DV MARKUŠEVEC;3438760.19;68;0.28
2026;03864029789;DV ZAPRUĐE;3432693.12;76;0.28
2026;38262788673;GIP PIONIR D.O.O.;3424129.27;7;0.27
2026;13433301401;DV BUKOVAC;3410471.51;61;0.27
2026;13530191392;TEH - GRADNJA D.O.O.;3376421.49;15;0.27
2026;81468897500;DV TRAVNO;3352162.50;84;0.27
2026;09462989768;DV ŠPANSKO;3340782.88;76;0.27
2026;14774069475;DV EN TEN TINI;3329619.84;63;0.27
2026;33985054792;DV CVRČAK;3320481.71;80;0.27
2026;67939296499;DOM ZA STARIJE OSOBE TREŠNJEVKA ZAGREB;3304908.86;50;0.26
2026;20169135633;DV TRATINČICA;3250519.44;73;0.26
2026;05850332623;DV MALEŠNICA;3222899.34;89;0.26
2026;95660678441;ZAGREBAČKI VELESAJAM DOO;3197394.64;290;0.26
2026;54493774760;KONCERTNA DVORANA VATROSLAVA LISINSKOG;3195978.60;40;0.26
2026;08505654578;DV VRBIK;3189161.81;69;0.26
2026;23023589098;MODULOR CONSTRUCTIONS DOO;3119754.07;7;0.25
2026;14638236220;DV HRVATSKI LESKOVAC;3083416.09;84;0.25
2026;50467501180;DV RADOST;3078841.21;75;0.25
2026;02111947694;DV PREČKO;3056194.49;58;0.25
2026;21520217808;SITOLOR DOO;3019504.57;17;0.24
2026;12988772690;P.G.P. D.O.O.;3001936.71;28;0.24
2026;03901084957;DV LEPTIR;2970924.45;73;0.24
2026;08407195933;DV KUSTOŠIJA;2896983.58;64;0.23
2026;48490379132;PREDUZEĆE ZA PROIZVODNJU TRGOVINU I USLUGE MODULOR DOO;2873270.96;10;0.23
2026;78118217052;DV JABUKA;2843731.26;75;0.23
2026;63303576952;DV DUGA;2797433.09;71;0.22
2026;45434922757;DV BOTINEC;2774010.47;80;0.22
2026;58673709931;DV ŠUMSKA JAGODA;2761029.05;71;0.22
2026;79960056463;AGRAD PROJEKT DOO;2745625.77;21;0.22
2026;78352024822;MUZEJ SUVREMENE UMJETNOSTI;2715549.65;40;0.22
2026;37849898335;MAR DOO ZA GRADITLJSTVO I RADOVE U ENERGETICI;2701837.22;13;0.22
2026;40201821835;DV VEDRI DANI;2683377.56;66;0.22
2026;44879111575;NASTAVNI ZAVOD ZA HITNU MEDICINU GRADA ZAGREBA;2678540.90;31;0.21
2026;36358816855;DV ZRNO;2674052.76;67;0.21
2026;31128033678;DV PČELICA;2656535.98;53;0.21
2026;61817894937;GRAD ZAGREB;2649880.53;1921;0.21
2026;94870424008;DV VJEVERICA;2607909.05;68;0.21
2026;56654700279;DV SIGET;2586572.25;60;0.21
2026;24611744274;AQUATERM DOO;2579944.72;8;0.21
2026;10295750223;DV SUNCE;2569889.56;61;0.21
2026;87101832767;DV KOLIBRI;2567758.89;64;0.21
2026;41077368443;DV RAZLIČAK;2560236.00;58;0.21
2026;71812732448;CENTAR ZA PRUŽANJE USLUGA U ZAJEDNICI MALI DOM;2539921.42;13;0.20
2026;69945190946;DV SAVICA;2531003.26;61;0.20
2026;07292798848;HRVATSKI CRVENI KRIŽ GRADSKO DRUŠTVO CRVENOG KRIŽA ZAGREB;2519730.25;95;0.20
2026;41026360834;DV SOPOT;2511307.44;71;0.20
2026;05240563443;RESALTA DOO;2502515.85;8;0.20
2026;99506331443;DV TREŠNJEVKA;2495076.36;64;0.20
2026;31002922849;SPEGRA D.O.O.;2488373.52;13;0.20
2026;46986958358;DV VLADIMIR NAZOR;2488138.84;65;0.20
2026;52044657571;GRADITELJ SVRATIŠTA D.O.O.;2461258.73;415;0.20
2026;17353680710;DV PETAR PAN;2449689.57;69;0.20
2026;59596000383;DV MEDO BRUNDO;2448249.96;67;0.20
2026;20142998436;STORM COMPUTERS D.O.O.;2432440.10;30;0.20
2026;26804323093;GRADSKO KAZALIŠTE KEREMPUH;2409230.88;30;0.19
2026;92781436923;DV POLETARAC;2386943.93;56;0.19
2026;40838744815;BBR ADRIA D.O.O.;2385317.48;6;0.19
2026;79532938998;DV IVANA BRLIĆ MAŽURANIĆ;2352558.45;61;0.19
2026;22702558967;DV BUDUĆNOST;2346522.55;62;0.19
2026;53150371536;HRVATSKI PRIRODOSLOVNI MUZEJ;2321653.78;46;0.19
2026;68441960124;CENT ZA PRUŽ USL U ZAJ ZAGREBAČKI CENT ZA NEOVISNO ŽIVLJENJE;2259640.00;8;0.18
2026;46201053599;DV MALI PRINC;2221677.96;69;0.18
2026;02728849314;MUZEJ ZA UMJETNOST I OBRT;2215310.61;63;0.18
2026;62112881951;DV REMETINEC;2211519.05;72;0.18
2026;91030829427;DV MILAN SACHS;2206916.52;65;0.18
2026;00053084642;DOM ZDRAVLJA ZAGREB CENTAR;2187305.89;230;0.18
2026;25683592460;DV TATJANA MARINIĆ;2169333.82;63;0.17
2026;43821234370;DV MAKSIMIR;2165320.44;47;0.17
2026;53838475417;ZAGREBAČKO KAZALIŠTE LUTAKA;2162547.75;37;0.17
2026;19262409274;DV POTOČNICA;2109047.47;69;0.17
2026;34319349088;DOM ZA STARIJE OSOBE SVETA ANA ZAGREB;2105195.06;39;0.17
2026;64112328386;DV SREDNJACI;2094157.98;70;0.17
2026;36861051455;DV TRNORUŽICA;2046105.30;64;0.16
2026;49466263965;DV IZVOR;2032593.57;60;0.16
2026;52822555432;DV ZVONČIĆ;2032478.97;59;0.16
2026;46830600751;HEP - OPERATOR DISTRIBUCIJSKOG SUSTAVA D.O.O.;1979843.62;56;0.16
2026;21384342053;DV MATIJA GUBEC;1957008.61;69;0.16
2026;30468132163;DOM ZA STARIJE I NEMOĆNE OSOBE PARK;1954809.89;10;0.16
2026;66896155710;DOM ZDRAVLJA ZAGREB ZAPAD;1939190.69;38;0.16
2026;86792006248;DOM ZA STARIJE OSOBE DUBRAVA - ZAGREB;1909868.60;50;0.15
2026;30881792156;DV MEDVEŠČAK;1899160.68;67;0.15
2026;56980862387;DV ISKRICA;1817830.77;57;0.15
2026;88901930764;BMP RESIDENCE DOO;1816274.00;2;0.15
2026;28265486672;GRADSKO KAZALIŠTE TREŠNJA;1793845.22;33;0.14
2026;90093318654;DOM ZA STARIJE OSOBE MAKSIMIR;1772759.06;35;0.14
2026;85671777188;DOM ZA STARIJE OSOBE CENTAR;1754566.15;31;0.14
2026;10970597007;DV KRIJESNICE;1748801.37;58;0.14
2026;57464039766;SEMAFOR D.O.O.;1744979.08;16;0.14
2026;02994650199;APIS IT D.O.O.;1711808.43;80;0.14
2026;41389203676;PLANIGRAD PROJEKT D.O.O.;1710022.69;9;0.14
2026;56787155320;DOM ZA STARIJE OSOBE TRNJE;1709215.05;37;0.14
2026;68127446342;MUZEJ GRADA ZAGREBA;1661712.97;34;0.13
2026;79157146686;ARHEOLOŠKI MUZEJ U ZAGREBU;1660763.60;42;0.13
2026;88026390655;DOM ZA STARIJE OSOBE MEDVEŠČAK ZAGREB;1642009.90;34;0.13
2026;03430970424;MONTERRA DOO;1616604.95;7;0.13
2026;72101160705;KOPKO DOO;1590352.71;7;0.13
2026;87939104217;HRVATSKA POŠTANSKA BANKA D.D.;1589827.32;56;0.13
2026;16890821011;DOM ZA STARIJE OSOBE SVETI JOSIP ZAGREB;1583832.36;54;0.13
2026;43105237892;DOMINVEST DOO;1565409.55;22;0.13
2026;67001695549;KING ICT D.O.O.;1507310.29;14;0.12
2026;99544354954;ETNOGRAFSKI MUZEJ;1457380.64;51;0.12
2026;42602329951;DOM ZA STARIJE OSOBE KSAVER;1444796.45;39;0.12
2026;46432791617;DOM ZA STARIJE OSOBE PEŠČENICA, ZAGREB;1440246.51;43;0.12
2026;98656691838;JEDINSTVO KRAPINA DOO;1431701.16;10;0.11
2026;18043707978;PORT ZAGREB DOO;1430900.00;1;0.11
2026;48299645518;KODEKS GRADITELJSTVO DOO;1418468.25;21;0.11
2026;78356795960;JAVNA USTANOVA ZA UPRA PRIRODNIM VRIJEDNOSTIMA GRADA ZAGREBA;1411667.46;9;0.11
2026;70200207247;ZAVOD ZA PROSTORNO UREĐENJE GRADA ZAGREBA;1381800.00;14;0.11
2026;51439010603;CENTAR ZA REHABILITACIJU SILVER;1336062.84;12;0.11
2026;11909496026;VATROGASNA ZAJEDNICA GRADA ZAGREBA;1300950.00;7;0.10
2026;53056966535;RAIFFEISENBANK AUSTRIA DD;1294705.76;38;0.10
2026;97795935846;SUSTAV JAVNIH BICIKALA DOO ZA USLUGE;1270625.00;6;0.10
2026;93298204867;REGIONALNA ENERGETSKO KLIMATSKA AGENCIJA SZ HRVATSKE;1265400.00;7;0.10
2026;04280410389;CONCORDIA CONSULTING D.O.O.;1263713.39;12;0.10
2026;71120174296;GRADNJAPROJEKT-ZAGREB D.O.O.;1223215.40;2;0.10
2026;15589224990;KULTURNI CENTAR TRAVNO;1212579.69;45;0.10
2026;36955576207;OŠ ŽUTI BRIJEG;1211693.42;66;0.10
2026;37198918530;"TEHNIČKI MUZEJ ""NIKOLA TESLA""";1196121.67;28;0.10
2026;40477323596;CENTAR ZA KULTURNO DRUŠTVENI RAZVOJ NOVI PROSTORI KULTURE;1165590.59;45;0.09
2026;91692114950;GKT GRADIN DOO ZA GRADITELJSTVO I TRGOVINU;1148604.16;10;0.09
2026;47521323377;NARODNO SVEUČILIŠTE DUBRAVA;1121728.43;62;0.09
2026;93245284305;ING GRAD DOO;1086148.12;10;0.09
2026;60550309153;ABYSALTO DOO;1083033.19;53;0.09
2026;24061503881;OŠ IVE ANDRIĆA;1030864.77;84;0.08
2026;15907062900;HEP TOPLINARSTVO D.O.O;1020068.87;2216;0.08
2026;69693144506;HRVATSKE ŠUME D.O.O.;1016912.71;5;0.08
2026;47122918755;DV SESVETSKI KRALJEVEC;1016676.66;34;0.08
2026;84398178962;GRADSKO KAZALIŠTE ŽAR PTICA;1014190.41;45;0.08
2026;79939132551;MODIFIKACIJA ING DOO;1006801.47;16;0.08
2026;53921712112;ZAGREBAČKI INOVACIJSKI CENTAR D.O.O.;995820.56;4;0.08
2026;35479553908;VENDO PET DOO ZA TRGOVINU I USLUGE;981684.93;9;0.08
2026;03547184733;DJEČJA BOLNICA SREBRNJAK;978299.64;13;0.08
2026;69003884190;NEOS DOO;910495.00;3;0.07
2026;98039404134;OKI  MONT D.O.O.;891691.55;17;0.07
2026;47377939383;OŠ AUGUSTA ŠENOE;890703.45;99;0.07
2026;88696689887;SUVAG POLIKLINIKA ZA REHABILITACIJU SLUŠANJA I GOVORA;884461.49;94;0.07
2026;33995559159;OŠ SAVSKI GAJ;881108.20;76;0.07
2026;90357089001;OŠ LUKA;862775.81;74;0.07
2026;12127688152;VG5 DOO;845164.50;1;0.07
2026;39884669514;ŠKOLA ZA GRAFIKU DIZAJN I MEDIJSKU PRODUKCIJU;839712.24;70;0.07
2026;43754709384;PANON TRADE D.O.O.;825530.00;1;0.07
2026;33660638418;BONAVIA DOO;822591.63;4;0.07
2026;44900859510;OŠ KRALJA TOMISLAVA;805659.16;72;0.06
2026;63467332374;CENTAR ZA AUTIZAM;799653.18;84;0.06
2026;38198952349;DOM ZA DJECU I ODRASLE-ŽRTVE OBITELJSKOG NASILJA DUGA-ZAGREB;781497.15;9;0.06
2026;62873946841;OŠ MARKUŠEVEC;777322.34;66;0.06
2026;89479352022;CENTAR ZA KULTURU I FILM AUGUSTA CESARCA;777208.04;40;0.06
2026;33971755655;VESELČIĆ DOO;768825.28;22;0.06
2026;82390971460;USTANOVA ZAGREB FILM;763615.39;40;0.06
2026;62432304595;KULTURNO INFORMATIVNI CENTAR;763311.51;52;0.06
2026;79421023865;SWARCO CROATIA DOO;759624.13;23;0.06
2026;03712423434;MIG ZAGREB DOO;748173.08;2;0.06
2026;76147034208;OŠ ANTUNA MIHANOVIĆA;746623.34;78;0.06
2026;45058007791;CENTAR MLADIH RIBNJAK;743399.02;43;0.06
2026;74149875115;ZAGREBAČKI CENTAR ZA GOSPODARENJE OTPADOM;727441.20;5;0.06
2026;52480497296;ŠUŠKOVIĆ GRAĐENJE D.O.O.;725694.20;8;0.06
2026;09149352137;OŠ DRAGUTINA DOMJANIĆA;708326.10;75;0.06
2026;04318334164;OŠ ANTE KOVAČIĆA;702110.50;81;0.06
2026;50159258035;RAZVOJNA AGENCIJA ZAGREB ZA KOORD  I POTICANJE REG RAZVOJA;695953.05;15;0.06
2026;07777553720;ELEKTROKOVINA LIGHTING DOO;693281.25;4;0.06
2026;07628779327;OŠ TITUŠA BREZOVAČKOG;688791.58;73;0.06
2026;50582521257;OŠ MALEŠNICA;680664.64;85;0.05
2026;23485687544;HRVATSKI ŠKOLSKI MUZEJ;676420.44;45;0.05
2026;95032181708;GDI DOO;668021.37;24;0.05
2026;60669015692;OŠ GUSTAVA KRKLECA;664595.16;86;0.05
2026;43965974818;HEP ELEKTRA DOO;664515.32;4376;0.05
2026;29524210204;A 1 HRVATSKA DOO;659100.97;18;0.05
2026;03287241147;CENTAR KULTURE NA PEŠĆENICI;648038.04;53;0.05
2026;77886974479;INFOMARE DOO;643985.00;8;0.05
2026;47019050170;CENTAR ZA PRUŽANJE USL. U ZAJEDNICI SAVJETOVALIŠTE LUKA RITZ;639320.00;8;0.05
2026;39982939568;CESTODOM DOO;637042.75;73;0.05
2026;52960882634;OŠ MATE LOVRAKA;634652.99;71;0.05
2026;69136218794;OŠ PREČKO;624211.24;95;0.05
2026;30730085385;OŠ DUGAVE I;619967.52;77;0.05
2026;52098670500;BOLČEVIĆ GRADNJA D.O.O.;614280.17;10;0.05
2026;85546467214;M COM USLUGE D.O.O.;613725.76;35;0.05
2026;40723003638;OŠ ALOJZIJA STEPINCA;613526.52;83;0.05
2026;97103671104;DOM ZDRAVLJA ZAGREB ISTOK;605052.44;50;0.05
2026;64507525513;OŠ BREZOVICA;603092.93;76;0.05
2026;89114805760;DRAEGER MEDICAL CROATIA DOO ZA TRGOVINU I USLUGE;602002.00;2;0.05
2026;09253797076;AKD - ZAŠTITA D.O.O. ZA ZAŠTITU OSOBA I IMOVINE;596001.38;64;0.05
2026;27893203755;OŠ JURE KAŠTELANA;594552.95;74;0.05
2026;99118997944;OŠ KAJZERICA;593951.77;70;0.05
2026;51680110311;CENTAR ZA KULTURU TREŠNJEVKA;592354.05;37;0.05
2026;44408806616;VIBRO LIMES D.O.O.;590000.00;3;0.05
2026;43566372258;GRADITELJSTVO I TRGOVINA PERIĆ D.O.O.;580179.27;5;0.05
2026;85286272245;OŠ PAVLEKA MIŠKINE;578072.81;67;0.05
2026;48896313673;BRIMUS D.O.O.;577565.84;16;0.05
2026;37394657906;DV DJEČJA IGRA;571717.41;11;0.05
2026;81002091960;OŠ IVANA CANKARA;568287.48;77;0.05
2026;32430086141;OŠ RETKOVEC;567440.61;88;0.05
2026;03868412563;PRIMAT - RD D.O.O.;562909.31;3;0.05
2026;27854662356;OŠ JELKOVEC;560644.36;53;0.04
2026;24802180410;OŠ SESVETSKI KRALJEVEC;560118.61;71;0.04
2026;87311810356;HRVATSKA POŠTA D.D.;559261.08;58;0.04
2026;54303952361;OŠ GRIGORA VITEZA;556248.23;93;0.04
2026;08579918418;OŠ GROFA JANKA DRAŠKOVIĆA;553317.32;72;0.04
2026;85965934616;NERING D.O.O.;549833.74;6;0.04
2026;89692114282;OŠ MARIJE JURIĆ ZAGORKE;541914.11;96;0.04
2026;50296913346;USTANOVA ZA SVEOBUHV. SKRB O PR. 1. GARD. BR. TIGROVI I JED.;541831.91;11;0.04
2026;47340618999;OŠ SESVETE;540802.54;69;0.04
2026;78390068967;DV DJEČJI KORACI;539887.47;11;0.04
2026;08466144831;OŠ IVANA MEŠTROVIĆA;539267.97;87;0.04
2026;48787627264;OŠ ŠPANSKO ORANICE;536414.20;64;0.04
2026;66184539220;OŠ BARTOLA KAŠIĆA;535241.11;70;0.04
2026;78027759648;GALERIJA KLOVIĆEVI DVORI;533544.30;19;0.04
2026;47193049641;OŠ LUČKO;528007.52;76;0.04
2026;86895308451;OŠ BRESTJE;525795.77;76;0.04
2026;06637660960;ADRIA GRUPA D.O.O.;525015.21;38;0.04
2026;03887717590;HRVATSKI GIMNASTIČKI SAVEZ;525000.00;1;0.04
2026;18493858124;HRVATSKI RUKOMENI SAVEZ;525000.00;1;0.04
2026;19780265434;OŠ JOSIPA RAČIĆA;522268.63;56;0.04
2026;31407932125;CENTAR ZA KULTURU I INFORMACIJE MAKSIMIR;521345.33;41;0.04
2026;97699903366;OŠ FRANA GALOVIĆA;519954.29;86;0.04
2026;00733311237;OŠ ŽITNJAK;518700.72;94;0.04
2026;76253821370;HIDROSTRES D.O.O.;510802.03;10;0.04
2026;32542348836;OŠ NIKOLE TESLE;507419.01;72;0.04
2026;38401467477;MUZEJ PRIGORJA;507155.11;41;0.04
2026;67787842481;OŠ SILVIJA STRAHIMIRA KRANJČEVIĆA;505415.28;73;0.04
2026;85778249664;OŠ SVETA KLARA;502695.99;64;0.04
2026;97705154133;OŠ BUKOVAC;501007.35;66;0.04
2026;39584056263;OŠ PETRA ZRINSKOG;498834.17;65;0.04
2026;02848440254;OŠ VOLTINO;495477.08;69;0.04
2026;33392005961;NASTAVNI ZAVOD ZA JAVNO ZDRAVSTVO DR. ANDRIJA ŠTAMPAR;493247.63;99;0.04
2026;92120285716;OŠ MATIJE GUPCA;491395.63;63;0.04
2026;44813808316;OŠ MEDVEDGRAD;490337.55;86;0.04
2026;26189340470;POLJO PROM DOO;488995.63;10;0.04
2026;50789580026;OŠ IVANA GUNDULIĆA;488964.21;89;0.04
2026;16687620362;TGT ADRIATIK DOO;488243.07;2;0.04
2026;99639891810;PROJEKTGRADNJA PLUS D.O.O;488203.25;1;0.04
2026;02907920674;CENTAR ZA KULTURU SESVETE;484220.02;42;0.04
2026;60990397054;OŠ GRANEŠINA;479424.29;58;0.04
2026;00432869176;HRVATSKA OSIGURAVAJUĆA KUĆA D.D.;478871.41;16;0.04
2026;33610682592;POGON - ZAGREBAČKI CENTAR ZA NEZAVISNU KULTURU I MLADE;473055.15;36;0.04
2026;17631431320;VODOTEHNIKA  D.D.;471747.63;13;0.04
2026;30065892494;HAVK MLADOST;470050.00;1;0.04
2026;55860335630;VODOPRIVREDA ZAGREB D.D.;467709.75;4;0.04
2026;34291434133;OŠ OTOK;466009.66;56;0.04
2026;84283102588;OŠ IVANA GRANĐE;465925.35;84;0.04
2026;65319410688;SAVA - SPORT D.O.O. ZA TRGOVINU I USLUGE;465330.40;16;0.04
2026;55295688261;OŠ SESVETSKA SELA;464424.55;74;0.04
2026;43748649227;OŠ VUGROVEC KAŠINA;460190.01;76;0.04
2026;31137271482;OŠ SREDIŠĆE;459303.89;73;0.04
2026;73051728774;OŠ DRAGUTINA TADIJANOVIĆA;458856.03;76;0.04
2026;54702581236;OŠ REMETE;457452.20;66;0.04
2026;48482170643;OŠ STENJEVEC;454057.70;81;0.04
2026;68971787775;OŠ ANTUNA GUSTAVA MATOŠA;453493.32;63;0.04
2026;95728434073;KOŠARKAŠKI KLUB CIBONA;453050.00;1;0.04
2026;34020671941;OŠ VJENCESLAVA NOVAKA;446897.37;76;0.04
2026;29065880963;OŠ TRNSKO;445509.99;78;0.04
2026;81088614312;OŠ VEĆESLAVA HOLJEVCA;444709.91;86;0.04
2026;05668973495;OŠ JORDANOVAC;437206.08;54;0.04
2026;44167454289;BOBOVEC BRANKO;432603.00;1;0.03
2026;35903326209;OŠ JULIJA KLOVIĆA;432190.44;58;0.03
2026;26713979601;OŠ MLADOST;431262.77;80;0.03
2026;09951635001;OŠ RAPSKA;431032.65;74;0.03
2026;00659823560;DV KOCKICA;429222.86;11;0.03
2026;48737778965;TERMORAD DOO;427177.97;73;0.03
2026;88668474687;RANDOM DOO;424571.63;1;0.03
2026;92430141987;DV ČIGRA;424190.00;11;0.03
2026;67871736571;DV BLAŽENA HOZANA;422237.23;11;0.03
2026;87873316089;OŠ DR. IVAN MERZ;418730.96;92;0.03
2026;27060811148;LIPA PROMET D.O.O.;417800.24;21;0.03
2026;55883379580;OŠ RUDEŠ;415872.86;73;0.03
2026;39554538107;OŠ IZIDORA KRŠNJAVOGA;414660.30;70;0.03
2026;51196068839;PSIHIJATRIJSKA BOLNICA ZA DJECU I MLADEŽ;411059.21;20;0.03
2026;02082287342;OŠ NAD LIPOM;409643.33;74;0.03
2026;98427196102;OŠ VRBANI;407041.44;67;0.03
2026;24843164721;UMJETNIČKI PAVILJON ZAGREB;406366.04;37;0.03
2026;28957082165;OŠ DR. ANTE STARČEVIĆA;405818.91;57;0.03
2026;08844695446;OŠ IVANA MAŽURANIĆA;404219.30;62;0.03
2026;61456000823;OŠ ZAPRUĐE;402161.73;60;0.03
2026;85867734506;OŠ GRAČANI;399739.54;59;0.03
2026;74794965060;CENTAR ZA KULTURU NOVI ZAGREB;395295.47;42;0.03
2026;71087160585;OŠ VUKOMEREC;393417.78;56;0.03
2026;86962125052;ŽUPANIJSKE CESTE ZAGREBAČKE ŽUPANIJE;390139.30;2;0.03
2026;00403762661;RUKOMETNI KLUB LOKOMOTIVA;388450.00;1;0.03
2026;80497496808;DV LETEĆI MEDVJEDIĆI;388367.41;11;0.03
2026;00167285641;I GIMNAZIJA;387217.64;64;0.03
2026;54281445057;OŠ BANA JOSIPA JELAČIĆA;386081.29;81;0.03
2026;76234985768;OŠ OTONA IVEKOVIĆA;384486.27;79;0.03
2026;80239334973;LIPA L.P. D.O.O.;382933.43;11;0.03
2026;60113438833;ATLETSKI KLUB DINAMO - ZRINJEVAC;382500.00;1;0.03
2026;97039950668;OŠ ŠESTINE;382408.72;73;0.03
2026;12874101773;GEOTEHNIKA DOO;377681.11;7;0.03
2026;91895220644;OŠ JABUKOVAC - ZAGREB;373411.42;52;0.03
2026;06555189043;DV PANDA;372628.64;11;0.03
2026;35839536339;DV DOBRI;369962.82;11;0.03
2026;26702280390;HRVATSKA BANKA ZA OBNOVU I RAZVITAK;368060.30;132;0.03
2026;45001686598;SVEUČILIŠTE U ZAGREBU MEDICINSKI FAKULTET;367363.93;20;0.03
2026;77278617749;OŠ IVER;367099.12;77;0.03
2026;86998320829;OŠ LOVRE PLEMENITOG MATAČIĆA;364287.96;57;0.03
2026;75232125990;DV JORDANOVAC;364273.82;11;0.03
2026;68487984198;OŠ KUSTOŠIJA;363887.80;56;0.03
2026;13465678686;OŠ ODRA;361603.73;86;0.03
2026;62226620908;KONZUM PLUS DOO;357732.11;96;0.03
2026;59975062998;OŠ KSAVERA ŠANDORA GJALSKOG;357391.34;67;0.03
2026;86073451624;OŠ MARINA DRŽIĆA;356561.81;59;0.03
2026;76937815443;PROKLIMA-TIM D.O.O.;356372.50;5;0.03
2026;07508446885;OŠ MATKA LAGINJE;355313.59;67;0.03
2026;01390776709;OŠ PETRA PRERADOVIĆA;354302.92;74;0.03
2026;85828625994;FOND ZA ZAŠTITU OKOLIŠA I ENERGETSKU UČINKOVITOST;352769.45;2;0.03
2026;23964796710;DV LIMAČ;352409.82;11;0.03
2026;52508873833;OTP BANKA HRVATSKA;350716.24;35;0.03
2026;11536369823;OŠ DR. VINKA ŽGANCA;348407.55;60;0.03
2026;27354142833;CENOZA PROMET DOO ZA TRGOVINU I USLUGE;348128.75;1;0.03
2026;68776176875;UČENIČKI DOM NOVI ZAGREB;346751.06;30;0.03
2026;98748037928;DV MALI ISTRAŽIVAČ;346367.51;11;0.03
2026;83456348759;UGOSTITELJSKO TURISTIČKO UČILIŠTE;345510.97;64;0.03
2026;63702214100;ŠKOLA ZA MEDICINSKE SESTRE MLINARSKA ZAGREB;343219.70;100;0.03
2026;76430833591;OŠ HORVATI;342828.24;71;0.03
2026;85106651596;MET CROATIA ENERGY TRADE;340945.12;120;0.03
2026;82593285099;STOMATOLOŠKA POLIKLINIKA ZAGREB;340466.92;24;0.03
2026;59587665075;DV LEPTIRIĆ LU;339068.93;11;0.03
2026;64192076379;USTANOVA ZA ZDRAVSTVENU NJEGU U KUĆI;338532.42;46;0.03
2026;59767287298;OŠ DOBRIŠE CESARIĆA;337643.82;60;0.03
2026;90515285700;OŠ BOROVJE;337217.08;61;0.03
2026;28877650160;OŠ TINA UJEVIĆA;335806.14;70;0.03
2026;52427516025;CENTAR ZA LIKOVNI ODGOJ GRADA ZAGREBA;332262.49;35;0.03
2026;29788970628;CENTAR ZA KULTURU I OBRAZOVANJE SUSEDGRAD;328738.70;40;0.03
2026;52803322656;A R ING DOO;328239.34;2;0.03
2026;23414282056;STROJARSKA TEHNIČKA ŠKOLA FAUSTA VRANČIĆA;327804.88;78;0.03
2026;28307286006;OŠ IVANJA REKA;327649.37;71;0.03
2026;79826172348;DV PINGVIN;327628.54;11;0.03
2026;34664483850;IB PROSTOR DOO;321862.54;3;0.03
2026;10068907077;R4 NEKRETNINE DOO;321276.47;28;0.03
2026;04467652234;OŠ ANTUNA BRANKA ŠIMIĆA;320786.32;64;0.03
2026;49811265576;TEHNIČKA ŠKOLA RUĐER BOŠKOVIĆ;320776.48;68;0.03
2026;47204464015;BIOELEKTRONIKA DOO;320200.00;1;0.03
2026;87153754672;OŠ PANTOVČAK;320105.90;58;0.03
2026;78539372462;OŠ IVANA GORANA KOVAČIĆA;317098.50;49;0.03
2026;64645054565;PRIMAT LOGISTIKA DOO;311601.85;6;0.02
2026;59411273443;OŠ HRVATSKI LESKOVAC;311151.51;69;0.02
2026;98407642834;OŠ SESVETSKA SOPNICA;310048.27;69;0.02
2026;79669409638;GLAZBENA ŠKOLA VATROSLAVA LISINSKOG;309507.23;47;0.02
2026;01292735134;OŠ DAVORINA TRSTENJAKA;306592.96;55;0.02
2026;43930583296;DV SVETE MALE TEREZIJE;306500.34;11;0.02
2026;14459970981;LIFT ALARM DOO;305321.53;9;0.02
2026;22597784145;STUDENTSKI CENTAR U ZAGREBU;305245.28;21;0.02
2026;34583734418;EBC SISTEMI D.O.O.;305027.50;7;0.02
2026;06530150163;OŠ JOSIPA JURJA STROSSMAYERA;304413.53;59;0.02
2026;95267786050;OŠ CVJETNO NASELJE;301068.62;64;0.02
2026;72166604204;PRIRODOSLOVNA ŠKOLA VLADIMIRA PRELOGA;300929.60;70;0.02
2026;81725888904;POLIKLINIKA ZA ZAŠTITU DJECE GRADA ZAGREBA;300139.24;14;0.02
2026;96107776452;ČAZMATRANS PROMET D.O.O.;299670.25;6;0.02
2026;55191916939;KONČAR DIGITAL DOO;297830.96;7;0.02
2026;38449471041;I. TEHNIČKA ŠKOLA TESLA;292567.78;62;0.02
2026;67024074106;OŠ BRAĆE RADIĆ;287449.05;63;0.02
2026;90976015219;DV  KOŠNICA;286756.94;11;0.02
2026;87808634981;CGP GRADNJA DD PODRUŽNICA ZAGREB;286660.51;8;0.02
2026;44858403060;OŠ AUGUSTA CESARCA;285363.16;71;0.02
2026;89462181048;EXPORTDRVO D.D.;284991.01;30;0.02
2026;36022528125;SPEKTAR GRADNJA D.O.O.;284622.93;2;0.02
2026;76711174886;MAKINJA DOO;284432.00;8;0.02
2026;64731717121;VIATOR D.O.O.;284264.69;7;0.02
2026;17480760019;PUČKO OTVORENO UČILIŠTE ZAGREB;283799.95;16;0.02
2026;74364571096;GRADSKA PLINARA ZAGREB - OPSKRBA D.O.O.;283446.28;2696;0.02
2026;43941485589;INDUSTRIJSKA STROJARSKA ŠKOLA;281722.70;77;0.02
2026;76712040113;OŠ LJUBLJANICA;281635.10;57;0.02
2026;56494929657;OŠ LOTRŠČAK;280258.98;27;0.02
2026;23046541950;OŠ MIROSLAVA KRLEŽE;280241.93;84;0.02
2026;93157965255;FORMA DOO;280127.50;1;0.02
2026;61842387905;OŠ AUGUSTA HARAMBAŠIĆA;278318.57;68;0.02
2026;11943741285;OŠ DRAGUTINA KUŠLANA;275433.00;61;0.02
2026;78320035320;PAROLA TRANS DOO;273978.37;69;0.02
2026;08846644074;DV MALENI TALENTI;267932.99;11;0.02
2026;54231441957;DV RIBICA;267614.09;11;0.02
2026;12595351308;MONTEL D.O.O.;265689.09;9;0.02
2026;30649206553;SAVEZ HRVAČKIH ŠPORTOVA GRADA ZAGREBA;265662.50;3;0.02
2026;90264326923;TEHNIČKA ŠKOLA ZAGREB;264937.64;65;0.02
2026;00444672753;DV VRAPČIĆ;263714.02;11;0.02
2026;68195665956;IN 2 D.O.O.INFORMACIJSKI INŽENJERING;262891.72;8;0.02
2026;38411868043;ELEKTROKEM D.O.O.;262581.29;15;0.02
2026;75965702679;OŠ ČUČERJE;261332.21;70;0.02
2026;73294314024;CENTAR ZA VOZILA HRVATSKE D.D.;260606.15;32;0.02
2026;29543354042;ALU PLANET DOO;259641.12;4;0.02
2026;32706039647;DV DIDI;258535.00;8;0.02
2026;98396379894;DV SVETOG JOSIPA;258281.63;11;0.02
2026;34428172652;OŠ FRANA KRSTE FRANKOPANA;252623.12;60;0.02
2026;08120081759;DV BALTAZAR;251641.58;11;0.02
2026;16648329652;POLIKLINIKA ZA PREVENCIJU KARDIOVASKULARNIH BOLESTI I REHAB.;251439.62;31;0.02
2026;13022141582;ŠKOLA ZA MEDICINSKE SESTRE VINOGRADSKA;250575.51;48;0.02
2026;63019353660;PREHRAMBENO TEHNOLOŠKA ŠKOLA;250485.14;62;0.02
2026;99338993079;ASEE SOLUTIONS DOO;249875.00;1;0.02
2026;52347109218;OŠ IVANA FILIPOVIĆA;247960.20;73;0.02
2026;03437554125;DV MAČAK U ČIZMAMA;246760.73;11;0.02
2026;46501469845;OŠ VLADIMIRA NAZORA;244898.26;50;0.02
2026;24290321185;GRADIMONT D.O.O.;243208.30;6;0.02
2026;88954268310;DV VESELA KUĆICA;236116.95;11;0.02
2026;24154741411;AGRONOMSKA ŠKOLA ZAGREB;231641.22;79;0.02
2026;01896750020;X GIMNAZIJA IVAN SUPEK;230009.11;64;0.02
2026;56895477602;INEL MEDICINSKA TEHNIKA DOO;229736.25;1;0.02
2026;81287227818;POLIKLINIKA ZA REUM.BOLESTI, FIZIK. MED.I REH., DR.DRAGO ČOP;229361.22;45;0.02
2026;27621784474;DV KUĆICA;228681.50;11;0.02
2026;24358183010;XV GIMNAZIJA;227820.52;56;0.02
2026;84489930389;DV MONTESSORI;226950.43;11;0.02
2026;92559974262;SPEC. BOLNICA ZA ZAŠTITU DJECE S NEURORAZV. I MOT. SMETNJAMA;225844.55;60;0.02
2026;20985255037;GRADSKA PLINARA ZAGREB D.O.O.;225006.12;43;0.02
2026;63422210966;ŠKOLA ZA CESTOVNI PROMET;224388.74;72;0.02
2026;30285469659;INSTITUT ZA MEDICINSKA ISTRAŽIVANJA I MEDICINU RADA;223275.00;6;0.02
2026;35502604947;DV SUNČEV  SJAJ NAZARET;222496.76;11;0.02
2026;08044398886;ŠKOLA ZA MODU I DIZAJN;222417.92;55;0.02
2026;35917269505;DV SUNČEKO;221857.87;11;0.02
2026;70173421622;OLEASTER DOO;221029.15;12;0.02
2026;70133616033;TELEMACH HRVATSKA DOO;220266.00;441;0.02
2026;96359607182;T2O GRADITELJSTVO DOO;219591.01;4;0.02
2026;84566292432;LED ELEKTRONIKA DOO;216746.58;3;0.02
2026;20874782919;IS GRIJANJE D.O.O.;215983.50;2;0.02
2026;81603361175;FACTUM;214000.00;6;0.02
2026;49257719408;PATRIA POTESTAS DOO;213385.52;14;0.02
2026;85859103929;OŠ TRNJANSKA;211645.58;60;0.02
2026;79152455639;GRADITELJSKA TEHNIČKA ŠKOLA;211527.38;47;0.02
2026;86937855002;KLINIKA ZA PSIHIJATRIJU VRAPČE;208211.86;15;0.02
2026;59928780182;MULTISOFT D.O.O;208154.13;5;0.02
2026;56623222633;BRIDGE AND ANCHOR DOO;208050.00;2;0.02
2026;51881986457;PRVA EKONOMSKA ŠKOLA;207383.95;62;0.02
2026;69909107858;GIMNAZIJA SESVETE;206091.99;57;0.02
2026;66687839353;SREDNJA ŠKOLA-CENTAR ZA ODGOJ I OBRAZOVANJE;202204.17;92;0.02
2026;82396638218;DV SVEMIRKO;201378.02;11;0.02
2026;98460310812;DV SVETOG VINKA;201084.14;11;0.02
2026;54257114231;VIJEĆE SRPSKE NACIONALNE MANJINE;200916.48;14;0.02
2026;30743642985;SREDNJA ŠKOLA JELKOVEC;199779.66;51;0.02
2026;36275587141;OŠ STJEPANA BENCEKOVIĆA;198794.46;71;0.02
2026;59266417432;ŠPORTSKA GIMNAZIJA;195686.49;67;0.02
2026;64546066176;NARODNE NOVINE  D.D.;194836.86;527;0.02
2026;94810978461;INŽENJERSKI PROJEKTNI ZAVOD, DIONIČKO DRUŠTVO;193751.50;8;0.02
2026;49756748234;GEORAD D.O.O.;193057.03;2;0.02
2026;56064164023;TRGOVAČKA ŠKOLA;191799.28;73;0.02
2026;29048076579;OŠ GORNJE VRAPČE;191128.40;78;0.02
2026;61137936557;DV NEMO;190675.74;11;0.02
2026;23688186092;DV ACUTO;190619.79;11;0.02
2026;34214604603;OLM INFRA JDOO;188273.49;6;0.02
2026;48544291322;ELEKTROSTROJARSKA OBRTNIČKA ŠKOLA;188135.38;44;0.02
2026;96726537623;ELEKTROTEHNIČKA ŠKOLA;186096.60;52;0.01
2026;29830060230;TIGRA ZA GRAĐEVINARSTVO I TRGOVINU D.O.O.;185899.75;4;0.01
2026;85305939367;UMJETNIČKA ORGANIZACIJA ZAGREB FILM FESTIVAL;180600.00;6;0.01
2026;15619072576;DV ZVONČICA;178689.82;11;0.01
2026;14036333877;ADDIKO BANK D.D.;177549.95;36;0.01
2026;89215234762;DV DOBRO DRVO;175571.49;11;0.01
2026;19714226068;OŠ RUŽIČNJAK;174917.01;29;0.01
2026;70273797250;DOMUS GRUPA DOO ZA POSLOVNE USLUGE;173052.91;12;0.01
2026;71692128259;INSTITUT ZA RAZVOJ TRŽIŠTA RADA;172746.33;2;0.01
2026;85462920934;DV KOKO;171467.41;11;0.01
2026;14848609512;KLASIČNA GIMNAZIJA;170290.73;54;0.01
2026;36407819375;OBRTNIČKA I INDUSTRIJSKA GRADITELJSKA ŠKOLA;169631.85;52;0.01
2026;39696562783;KLINIKA ZA PSIHIJATRIJU SVETI IVAN;169052.39;25;0.01
2026;75791595076;INFOMONT DOO ZA TRGOVINU I USLUGE;168584.71;2;0.01
2026;49893852167;DV KREATIVNI DANI;166368.12;11;0.01
2026;93567138561;ŠKOLA DRVNE TEHNOLOGIJE I ŠUMARSTVA;166057.75;55;0.01
2026;60398160789;SRČEKO PRIVATNI MONTESSORI DJEČJI VRTIĆ;165999.38;11;0.01
2026;97130235751;DV PIPI DUGA ČARAPA;165773.55;11;0.01
2026;11405440075;HRVATSKO ŠUMARSKO DRUŠTVO;164244.48;1;0.01
2026;75715390821;RETEL D.O.O.;163564.38;19;0.01
2026;61756839220;EKONERG KONZALTING DOO ZA DIGITALNE USLUGE;163300.00;3;0.01
2026;99716905839;ŠKOLA PRIMJENJENE UMJETNOSTI I DIZAJNA;163177.96;62;0.01
2026;31204942993;UČENIČKI DOM FRANJE BUČARA;162583.96;31;0.01
2026;96928432593;UČENIČKI DOM TINA UJEVIĆA;160542.00;32;0.01
2026;20992200280;ZAGORJEGRADNJA DOO;160239.44;3;0.01
2026;43944055293;ING4STUDIO DOO;160000.00;1;0.01
2026;75982310877;SPECIJALNA BOLNICA ZA PLUĆNE BOLESTI;159143.16;19;0.01
2026;38880270076;PERINIĆ SISTEMI DOO;158710.05;2;0.01
2026;91071817708;MAXMAR GRUPA DOO;158359.10;5;0.01
2026;74953134666;DV HARFA;158066.45;11;0.01
2026;76774452265;XI GIMNAZIJA;157242.87;54;0.01
2026;82578349629;V GIMNAZIJA;156424.01;56;0.01
2026;77804145433;MEDI LAB D.O.O.;155890.00;1;0.01
2026;86748053139;XII GIMNAZIJA;153818.08;52;0.01
2026;90083259367;DV MALI SVIJET;152322.93;11;0.01
2026;95485292543;AUTOTURIST SAMOBOR D.O.O.;152124.92;8;0.01
2026;90604644832;KUSTOŠIJA GRAĐENJE D.O.O.;151784.71;4;0.01
2026;19164975676;HOTELIJERSKO TURISTIČKA ŠKOLA U ZAGREBU;151425.87;65;0.01
2026;53290192492;VESLAČKI SAVEZ ZAGREBA;151412.50;5;0.01
2026;51171189901;DV SVETOG FRANJE;150881.90;11;0.01
2026;21229144792;GRADITELJSTVO PAVE VUKELIĆ D.O.O;150782.02;40;0.01
2026;37014564778;DV MARIJA PETKOVIĆ;150762.41;11;0.01
2026;87541970646;SCUDERIA D.O.O.;150000.00;1;0.01
2026;84249580637;BICIKLISTIČKI KLUB BIKE EVENT;150000.00;1;0.01
2026;19629838079;UPRAVNA ŠKOLA ZAGREB;149016.27;53;0.01
2026;44145943931;DV CVJETNJAK;148735.96;11;0.01
2026;44933468186;KONTEJNER BIRO SUVREMENE UMJETNIČKE PRAKSE;148100.00;10;0.01
2026;02989447013;IMOGRAF DOO;148020.42;12;0.01
2026;85843181422;PRESEČKI GRUPA D.O.O.;147497.97;20;0.01
2026;44926257293;VIJEĆE BOŠNJAČKE NACIONALNE MANJINE;146574.65;13;0.01
2026;41021357341;SIGNALIZACIJA HR DOO;146452.57;8;0.01
2026;08936934524;ZDRAVSTVENO UČILIŠTE ZAGREB;146424.42;46;0.01
2026;00595398836;HULAHOP D.O.O.;146300.00;6;0.01
2026;57970181621;POLIKLINIKA MEDIKOL;146065.00;10;0.01
2026;10077695689;OGANJ D.O.O.;145425.00;6;0.01
2026;20584558862;DV ČAROBNA ŠUMA;145236.59;11;0.01
2026;67952242107;IX GIMNAZIJA;144018.24;44;0.01
2026;41025754642;DUPLICO D.O.O.;142899.21;3;0.01
2026;14506572540;LIBUSOFT CICOM D.O.O.;142704.10;15;0.01
2026;05060579018;UČENIČKI DOM MARIJE JAMBRIŠAK;141498.82;39;0.01
2026;63588853294;OIKON D.O.O.;141030.00;2;0.01
2026;18225653081;PARATUS PRIMUS DOO;140726.93;6;0.01
2026;71767935067;HRVATSKA OBRTNIČKA KOMORA - OBRTNIČKA KOMORA ZAGREB;140000.00;1;0.01
2026;62850482681;TEMPORIUM GRADNJA DOO;139809.48;6;0.01
2026;29355825482;HRVATSKI FILMSKI SAVEZ;139800.00;13;0.01
2026;51042101322;GOLDEN PROJEKT DOO;138683.08;4;0.01
2026;60451213350;ZAGREBAČKA ZAJEDNICA TEHNIČKE KULTURE;138542.14;11;0.01
2026;93973093488;UČENIČKI DOM DORA PEJAČEVIĆ;138428.18;38;0.01
2026;69297051363;DV ČAROBNI SVIJET;138368.63;11;0.01
2026;76416954953;ZAGREBAČKI SOLISTI;138260.00;5;0.01
2026;19240285746;ARHINGTRADE D.O.O.;136628.05;10;0.01
2026;27946605963;CENTAR ZA PROMICANJE TOLERANCIJE I OČUVANJE SJ NA HOLOKAUST;136417.28;12;0.01
2026;69780757045;GIMNAZIJA LUCIJANA VRANJANINA;135207.48;42;0.01
2026;00153516610;DV ČAROBNA KUĆICA;134894.67;11;0.01
2026;56668956985;HRVATSKO DRUŠTVO SKLADATELJA;134576.05;10;0.01
2026;14557584577;TEHNET DOO;134322.50;2;0.01
2026;80804655206;HRVATSKO DRUŠTVO PISACA;132520.00;21;0.01
2026;20392031242;GLAZBENO UČILIŠTE ELLY BAŠIĆ;131902.95;39;0.01
2026;13965292158;DIVERTO DOO;131625.00;6;0.01
2026;49939020917;DV ČAROBNI DVORAC;130486.89;11;0.01
2026;22902741182;UČENIČKI DOM MAKSIMIR;130294.99;33;0.01
2026;23868927677;III GIMNAZIJA;129421.64;46;0.01
2026;15804783376;DOMINO;128850.00;15;0.01
2026;45665314032;KATALPA PRODUKCIJA JDOO ZA USLUGE;128300.00;2;0.01
2026;06497759145;UČENIČKI DOM HRVATSKI UČITELJSKI KONVIKT;128131.64;29;0.01
2026;36897616904;STROJARSKA TEHNIČKA ŠKOLA FRANA BOŠNJAKOVIĆA;128083.79;55;0.01
2026;52683063746;OŠ VELIKA MLAKA;127776.00;2;0.01
2026;47515095633;KULTURA PROSTORA D.O.O.;127410.57;8;0.01
2026;71458287521;FIMAK NEKRETNINE D.O.O.;126189.86;3;0.01
2026;71367203326;UDRUŽENJE ZA RAZVOJ KULTURE;126030.00;17;0.01
2026;53353155732;PERUČA D.O.O.;124722.50;63;0.01
2026;45923203292;ABK INŽENJERING DOO;123912.48;7;0.01
2026;64266572916;OBRTNIČKA ŠKOLA ZA OSOBNE USLUGE;122643.17;55;0.01
2026;44222163120;DV PIKULICA;122551.98;11;0.01
2026;07790832005;DV CICA MACA;122267.93;11;0.01
2026;21660899838;MULTIMEDIJALNI INSTITUT;122250.00;8;0.01
2026;74522063646;POGREBNA AGENCIJA POKOP D.O.O.;120966.18;23;0.01
2026;56213063980;DV BRAT SUNCE;120144.89;11;0.01
2026;56069275015;DV MAČAK PAŠKO;119020.75;11;0.01
2026;71840467417;SKUD IVAN GORAN KOVAČIĆ;119000.00;14;0.01
2026;25508126198;ELIPSA - S.Z. D.O.O PROJEKTIRANJE I TRŽIŠNE USLUGE;118730.00;9;0.01
2026;87497677022;PROARH MATEKOVIĆ DOO;117804.46;8;0.01
2026;98824141990;DV FRFI;116778.65;11;0.01
2026;68314794212;CENTAR ZA ODGOJ I OBRAZOVANJE GOLJAK;116686.37;50;0.01
2026;49508397045;MINISTARSTVO ZNANOSTI OBRAZOVANJA I MLADIH;116400.80;3;0.01
2026;68178969783;ODVJETNIČKO DRUŠTVO ŠKURLA DURMIŠ I SPAJIĆ DOO;116175.00;3;0.01
2026;88335054293;INTEGRIRANI PROMET ZAGREBAČKOG PODRUČJA D.O.O.;115610.10;4;0.01
2026;23948173055;GLAZBENA ŠKOLA PAVLA MARKOVCA;115520.10;50;0.01
2026;69095062745;ŠKOLA ZA PRIMALJE;115436.74;58;0.01
2026;89246742324;HRVATSKO DRUŠTVO LIKOVNIH UMJETNIKA;115100.00;6;0.01
2026;80031026947;TEHNOMEDIKA DOO;113043.75;1;0.01
2026;35484380586;MARINO-LUČKO D.O.O.;112700.38;212;0.01
2026;55034160084;EKO - PLAN D.O.O.;112386.36;26;0.01
2026;58399348588;DRUGA EKONOMSKA ŠKOLA;112081.97;58;0.01
2026;64739403930;POLIKLINIKA HELP PLUS;111464.00;14;0.01
2026;84193976847;BIJELI VAL;110650.00;10;0.01
2026;60316076304;FRIGOOPREMA D.O.O.;110375.75;1;0.01
2026;97256733714;CENTAR ZA KULTURU HISTRIONSKI DOM;109627.45;10;0.01
2026;89594809853;GORNJOGRADSKA GIMNAZIJA;109108.20;54;0.01
2026;85068601099;LEO GRAD DOO;109026.95;26;0.01
2026;29862139033;KLESS STIL DOO;108342.79;2;0.01
2026;58766168603;KAMENARKA NEKRETNINE DOO;107837.30;5;0.01
2026;10698571703;TEHNOMODELI DOO;107722.50;7;0.01
2026;65550102767;KULTURTREGER UDRUGA ZA PROMICANJE KULTURE;107630.00;11;0.01
2026;63689894666;VIJEĆE ALBANSKE NACIONALNE MANJINE;106735.79;12;0.01
2026;07116190816;DV BAMBI;106583.63;30;0.01
2026;42164809513;II GIMNAZIJA;106156.86;55;0.01
2026;91194993418;VII GIMNAZIJA;105652.88;58;0.01
2026;64146328841;TENISKI KLUB TOP SPIN;105000.00;1;0.01
2026;82141480548;UDRUGA ŠTO KAKO I ZA KOGA;104750.00;7;0.01
2026;37520681602;SPACE DOO;104661.93;3;0.01
2026;05994801707;PRVA KATOLIČKA OSNOVNA ŠKOLA U GRADU ZAGREBU;104569.39;25;0.01
2026;90772018493;AUTONOMNI KULTURNI CENTAR;104250.00;17;0.01
2026;06056638153;DV ŠARENA LOPTICA;103341.60;11;0.01
2026;22254684890;TREĆA EKONOMSKA ŠKOLA;103105.62;57;0.01
2026;56845816039;VIJEĆE ROMSKE NACIONALNE MANJINE;102780.84;13;0.01
2026;71690188016;EKONERG INSTITUT ZA ENERGETIKU I ZAŠTITU OKOLIŠA D.O.O.;102150.00;5;0.01
2026;33143360337;BODROŽIĆ RALIŠ I PRIJATELJI DOO;101554.40;2;0.01
2026;90134499793;OSNOVNA ŠKOLA DOMINIK SAVIO;101133.80;24;0.01
2026;23029712876;ŠKOLA ZA MONTAŽU INSTALACIJA I METALNIH KONSTRUKCIJA;101091.05;53;0.01
2026;65917862963;UDRUGA RESTART;100712.50;16;0.01
2026;85821130368;FINA;100105.13;101;0.01
2026;25904655993;AUTONOMNA ŽENSKA KUĆA ZAGREB-ŽENE PROTIV NASILJA NAD ŽENAMA;100000.00;1;0.01
2026;14097940897;HRVATSKI STOLNOTENISKI SAVEZ;100000.00;2;0.01
2026;69613429051;NUGRAD D.O.O.;99947.50;7;0.01
2026;79273112873;BMD D.O.O.;99872.06;667;0.01
2026;83264047143;PUGAR  D.O.O.;98536.41;7;0.01
2026;09177957072;SEDRA CONSULTING D.O.O.;98375.10;22;0.01
2026;31415900819;RADIONICA ARHITEKTURE FRANIĆ DOO;98000.00;2;0.01
2026;61292647913;UMJETNIČKA ORGANIZACIJA NOVO KAZALIŠTE;98000.00;1;0.01
2026;40458377517;GEODETSKA  ŠKOLA;97870.81;40;0.01
2026;57796976164;UČENIČKI DOM IVANA MAŽURANIĆA;97387.19;32;0.01
2026;70989676533;NEVING D.O.O.;97184.90;1;0.01
2026;20404548678;INDUCOM SISTEMI D.O.O. ZA TRGOVINU I USLUGE;96832.75;6;0.01
2026;76139667535;ELEZ DOO;96372.47;18;0.01
2026;13759281212;PGT ŠKUNCA D.O.O.;96007.06;40;0.01
2026;22752946114;ING - PAL D.O.O.;95809.28;7;0.01
2026;56094081215;ARBITAR D.O.O;95184.64;5;0.01
2026;15976876305;DV ŽABAC;94712.33;11;0.01
2026;05954000808;IGEA  D.O.O.;94678.27;13;0.01
2026;10544913321;ŠKOLA ZA KLASIČNI BALET;94110.81;35;0.01
2026;01500403553;GLAZBENA ŠKOLA BLAGOJA BERSE;93867.81;38;0.01
2026;70594891186;NADBISKUPIJA ZAGREB. RKT. ŽUPA SV. ANTUNA PADOVANSKOG;93750.00;2;0.01
2026;66037779887;UPI - 2M D.O.O. ZA PROJEKTIRANJE, TRGOVINU I USLUGE;92905.97;1;0.01
2026;47560697455;PARON DOO;92765.05;14;0.01
2026;04285607938;RAZVITAK CENTAR D.O.O.;92654.81;23;0.01
2026;25627314080;GLOBALDIZAJN D.O.O.;92501.25;10;0.01
2026;00000000010;POVREMENA NESAMOSTALNA I SAMOSTALNA DJELATNOST;92106.53;105;0.01
2026;82157223509;VIJEĆE SLOVENSKE NACIONALNE MANJINE;91793.56;13;0.01
2026;27512198316;PLAN PLUS D.O.O.;91735.00;8;0.01
2026;98899925613;CORE DOO;91472.64;5;0.01
2026;36146231053;VIJEĆE MAKEDONSKE NACIONALNE MANJINE;90931.60;13;0.01
2026;31331246615;VIJEĆE ČEŠKE NACIONALNE MANJINE;90406.49;13;0.01
2026;58768156055;PRIJATELJ GRADNJA DOO ZA USLUGE I TRGOVINU;90335.00;3;0.01
2026;46915266971;TENISKI KLUB MEDVEŠČAK;90000.00;1;0.01
2026;89249500835;EXPERT D.O.O.;89127.23;3;0.01
2026;65883053647;UČENIČKI DOM ANTE BRUNE BUŠIĆA;89003.15;36;0.01
2026;24370544445;VIJEĆE CRNOGORSKE NACIONALNE MANJINE;88856.24;13;0.01
2026;99681708224;AGRAM TIS D.O.O.;88474.10;22;0.01
2026;65690492826;GIMNAZIJA TITUŠA BREZOVAČKOG;88397.37;51;0.01
2026;28163265527;SVEUČILIŠTE U ZAGREBU PRIRODOSLOVNO-MATEMATIČKI FAKULTET;88116.40;7;0.01
2026;97894610362;DRAMSKI STUDIO SLIJEPIH I SLABOVIDNIH NOVI ŽIVOT;87830.00;8;0.01
2026;37946763892;VIJEĆE MAĐARSKE NACIONALNE MANJINE;86779.99;13;0.01
2026;59440939193;DV VESELA PANDICA;86691.91;11;0.01
2026;38867321879;ZEM NADZOR D.O.O.;86385.54;47;0.01
2026;19370100881;MINISTARSTVO GOSPODARSTVA;86269.83;1;0.01
2026;99291112037;25 FPS UDRUGA ZA AUDIO VIZUALNA ISTRAŽIVANJA;85500.00;5;0.01
2026;70718680584;TA GRAD D.O.O. ZA GRADITELJSTVO TRGOVINU I USLUGE;85432.98;1;0.01
2026;54566509173;OSNOVNA GLAZBENA ŠKOLA ZLATKA GRGOŠEVIĆA;85328.72;29;0.01
2026;31922838619;BARES DOO;84800.02;4;0.01
2026;81000099000;UMJETNIČKA ORGANIZACIJA GLUMAČKA DRUŽINA HISTRION;84800.00;9;0.01
2026;69713516544;HRVATSKO DIZAJNERSKO DRUŠTVO;84710.00;13;0.01
2026;85629778085;SIRRAH PROJEKT DOO;84250.00;7;0.01
2026;31792033223;SAVEZ INOVATORA ZAGREBA;83842.21;13;0.01
2026;76638884750;ZAVOD ZA FOTOGRAMETRIJU D.D.;83454.33;27;0.01
2026;98999514351;KOORDINACIJA VIJEĆA I PREDSTAVNIKA NAC.MANJINA GRADA ZAGREBA;83393.64;13;0.01
2026;23141220773;INTERKONZALTING D.O.O.;83300.00;12;0.01
2026;31865324772;DJECA SUSREĆU UMJETNOST;83050.00;5;0.01
2026;79766124714;INSTITUT IGH D.D. ZA ISTRAŽIVANJE I RAZVOJ U GRADITELJSTVU;82838.24;16;0.01
2026;77621027482;TEHNIČKA ŠKOLA ZA RAČUNALSTVO I MREŽNE DJELATNOSTI;82293.90;47;0.01
2026;51798668071;XIII GIMNAZIJA;81783.76;52;0.01
2026;56401841340;HRVATSKA GORSKA SLUŽBA SPAŠAVANJA STANICA ZAGREB;81666.62;6;0.01
2026;56831241098;SPERANZA D.O.O.;81652.06;62;0.01
2026;58633897145;CARITAS ZAGREBAČKE NADBISKUPIJE;81556.68;3;0.01
2026;54194651959;ŠKOLA ZA MEDICINSKE SESTRE VRAPČE ZAGREB;81355.53;47;0.01
2026;69048614769;UPGRADE DOO;81237.50;1;0.01
2026;84887486330;RRP PROJEKTI DOO;81100.00;1;0.01
2026;80330655819;UMJETNIČKA PLESNA ŠKOLA SILVIJE HERCIGONJE;80210.30;36;0.01
2026;21741449778;BLOK LOKALNA BAZA ZA OSVJEŽAVANJE KULTURE;80203.00;8;0.01
2026;84079651663;CITY ISLAND DOO;79612.34;1;0.01
2026;10519789204;CIRKORAMA - UDRUGA ZA PROM. KUL. I UMJ. U SVAKODNEVOM ŽIVOTU;79600.00;6;0.01
2026;15702256936;TRAF SIGNAL DOO;79576.23;2;0.01
2026;82795981569;ADING 94 DOO;79551.65;2;0.01
2026;30457432092;HRVATSKA GLAZBENA MLADEŽ;79390.00;4;0.01
2026;22494487542;ZAGREBAČKI PLESNI ANSAMBL;79300.00;5;0.01
2026;77106299286;OSNOVNA MONTESSORI ŠKOLA BARUNICE DEDEE VRANYCZANY;78911.75;15;0.01
2026;81881137964;GEO - RAD D.O.O. ZA GEODETSKE USLUGE;78900.00;12;0.01
2026;92102489713;TEATAR EXIT UMJETNIČKA ORGANIZACIJA;77500.00;4;0.01
2026;24771132599;IV GIMNAZIJA;76496.27;39;0.01
2026;62567356530;DOM UČENIKA SREDNJIH ŠKOLA ANTUN GUSTAV MATOŠ;76232.09;32;0.01
2026;73209542242;KOLEKTOR ZAGREB DOO;76076.03;3;0.01
2026;99526399105;VEDRA INŽENJERING D.O.O.;75548.03;22;0.01
2026;30829497972;PLESNI CENTAR TALA;75000.00;6;0.01
2026;27759560625;INA INDUSTRIJA NAFTE D.D.;73477.07;20;0.01
2026;37095667254;STUDIO ZA SUVREMENI PLES;73325.00;6;0.01
2026;15091666738;DV OBZORI;73012.26;11;0.01
2026;26131447134;ZAGREBAČKI ZRAKOPLOVNO TEHNIČKI SAVEZ RUDOLFA PEREŠINA;72159.76;8;0.01
2026;77833801009;DV MALA KUĆA;71963.18;11;0.01
2026;99410889025;SANAC DOO ZA GRADITELJSTVO TRGOVINU I USLUGE;71933.17;2;0.01
2026;34963795933;M V M ZVON DOO;71833.79;27;0.01
2026;66859264899;HUP ZAGREB D.D.;71751.53;6;0.01
2026;66308266046;XVI GIMNAZIJA;71309.60;47;0.01
2026;90735878191;EUROKAZ;71050.00;7;0.01
2026;77037521421;TEHINSPEKT D.O.O.;70627.75;3;0.01
2026;60057939266;ZAGREBAČKI ASTRONOMSKI SAVEZ;70059.92;7;0.01
2026;43118119983;STAMBENI ZG DOO;69597.10;197;0.01
2026;41020334831;ZAGREBAČKI TAEKWONDO SAVEZ;69558.92;3;0.01
2026;35048997850;HRVATSKI INSTITUT ZA POKRET I PLES;69100.00;4;0.01
2026;68085752153;GLAZBENA ŠKOLA ZLATKA BALOKOVIĆA;68513.51;37;0.01
2026;78389906313;ADIMO DOO;68500.00;1;0.01
2026;16626686704;ODVJETNIČKO DRUŠTVO ŠPEHAR & ŠPEHAR & RUKAVINA JTD;67764.99;3;0.01
2026;92877953493;LJEČILIŠTE TOPUSKO;67584.16;20;0.01
2026;36026070644;DV SVETA ANĐELA MERICI;67431.02;11;0.01
2026;54656708838;ODRAZ - ODRŽIVI RAZVOJ ZAJEDNICE;66839.87;3;0.01
2026;91425492678;ZAGREBAČKI RAČUNALNI SAVEZ CENTAR MLADIH PROGR HR;66496.75;10;0.01
2026;14447744368;TEXO MOLIOR DOO ZA GRADITELJSTVO I USLUGE;66360.00;1;0.01
2026;78641299718;ZAPAD STAN DOO;65416.62;289;0.01
2026;75926310092;CAPITAL ING D.O.O.;65145.00;14;0.01
2026;55347561606;NJIRIĆ PLUS ARHITEKTI D.O.O.;65143.72;8;0.01
2026;63361546752;ŽENSKA OPĆA GIMNAZIJA DRUŽBE SESTARA MILOSRDNICA;65108.43;28;0.01
2026;76508719897;BLUE MOUNTAIN DOO;64526.72;8;0.01
2026;90258647818;ZAGREB INŽENJERING DOO;64260.73;4;0.01
2026;56908453917;MOŽEMO POLITIČKA PLATFORMA;64080.00;2;0.01
2026;24702201334;UMJETNIČKA ORGANIZACIJA TEATAR POEZIJE;62850.00;5;0.01
2026;42280412184;UDRUGA BACAČI SJENKI;62750.00;6;0.01
2026;58067086966;MBS GRADNJA DOO;62402.44;1;0.01
2026;49528301725;HIDRO GRAD DOO;62373.05;2;0.01
2026;27290068263;OPREMA  RADMAN D.O.O.;62192.38;6;0.00
2026;97586475497;ABSOLUTE D.O.O.;62047.11;27;0.00
2026;74277121488;HRVATSKI SAVEZ KOŠARKE U KOLICIMA;62000.00;2;0.00
2026;84963670423;K - ZONA PROSTOR RODNE I MEDIJSKE KULTURE;61800.00;7;0.00
2026;57481673535;LJEVAONICA UMJETNINA UJEVIĆ D.O.O.;61458.84;2;0.00
2026;62707927904;AUDIO VIDEO CONSULTING DOO;61298.38;6;0.00
2026;67813285523;ID90 DOO ZA DEZINFEKCIJU, DEZINSEKCIJU, DERATIZACIJU...;61286.31;20;0.00
2026;55377057545;ZAG VET DOO;61169.76;6;0.00
2026;02891598840;HRVATSKI BAROKNI ANSAMBL;61100.00;2;0.00
2026;01152649489;UDRUŽENJE HRVATSKIH ARHITEKATA;60850.00;6;0.00
2026;85347478604;TRASA ADRIA DOO ZA USLUGE;60627.93;34;0.00
2026;77584434873;ZAGREBAČKI SUNČANI KROVOVI DOO;60000.00;1;0.00
2026;01717189665;UMJETNIČKA ORGANIZACIJA GRUPA KUGLA;59930.00;14;0.00
2026;95803232921;PROFIL KLETT D.O.O.;59905.52;11;0.00
2026;02633150087;MH PROJEKTIRANJE DOO ZA USLUGE;59775.00;14;0.00
2026;87983659027;UMJETNIČKA ORGANIZACIJA TEATAR TIRENA;59760.00;8;0.00
2026;37471824981;UDRUGA BLANK;59650.00;9;0.00
2026;89984971143;LOST D.O.O.;59562.01;1;0.00
2026;66028599476;EKO SUCUS DOO;58874.79;2;0.00
2026;14201148621;ZAGREBAČKI FOTO KINO SAVEZ;58279.48;7;0.00
2026;37744271801;KURZIV - PLATFORMA ZA PITANJA KULTURE, MEDIJA I DRUŠTVA;58200.00;5;0.00
2026;83439900916;E. G. S. - ELEKTROGRADITELJSTVO D.O.O.;57837.03;6;0.00
2026;14928074436;DRUŠTVO HRVATSKIH KNJIŽEVNIKA;57560.00;10;0.00
2026;33215002801;ULUPUH;57400.00;2;0.00
2026;01669597821;RC PROING DOO;57300.00;2;0.00
2026;42061107444;SVEUČILIŠTE U ZAGREBU ARHITEKTONSKI FAKULTET;57298.84;12;0.00
2026;50467974870;MAKROMIKRO GRUPA D.O.O.;57170.90;12;0.00
2026;21306127592;ARHITEKTONSKI ATELIER HRŽIĆ D.O.O.;57098.74;3;0.00
2026;67757516642;MEŠIĆ DOO;56631.05;3;0.00
2026;90409649064;FNG PROPERTY HR DOO;56516.90;11;0.00
2026;86710080759;ŠPANSKO CESTE DOO;56300.00;1;0.00
2026;79414426924;HRVATSKI BOKSAČKI SAVEZ;55542.01;2;0.00
2026;32142719262;CENTAR ZA ŽENSKE STUDIJE;55250.00;5;0.00
2026;99339634780;VITA PROJEKT DOO;55137.50;3;0.00
2026;78055843019;TEHMAR D.O.O. ZA PROIZVODNJU, UNUTARNJU I VANJSKU TRGOVINU;55032.25;10;0.00
2026;52850905017;NADBISKUPSKA KLASIČNA GIMNAZIJA;54588.31;23;0.00
2026;88059473763;ŠKOLA SUVREMENOG PLESA ANE MALETIĆ;54164.17;39;0.00
2026;47614296387;SINTEGRAS DOO;54040.05;10;0.00
2026;11629135546;AMBIENT PARK D.O.O. ZA TRGOVINU, USLUGE I REKREACIJU;53779.50;2;0.00
2026;37671426914;POLIKLINIKA ZA BOLESTI DIŠNOG SUSTAVA;52996.92;28;0.00
2026;26130999654;ENERGOINSTAL DOO;52944.43;4;0.00
2026;79893058381;MATICA HRVATSKA;52700.00;7;0.00
2026;67042118681;VANGELIS DOO;51960.00;27;0.00
2026;85272447703;KAZALIŠTE MALA SCENA;51500.00;6;0.00
2026;44618061908;DIVERT INKLUZIVNI PLESNI KOLEKTIV;51500.00;8;0.00
2026;92350127540;KINO KLUB ZAGREB;50940.00;7;0.00
2026;99421577215;ZVONA USLUGE D.O.O.;50476.05;12;0.00
2026;23739786972;OSNOVNA GLAZBENA ŠKOLA IVANA ZAJCA;50244.18;28;0.00
2026;33733702301;UMJETNIČKA ORGANIZACIJA TRIKO CIRKUS TEATAR;50190.00;8;0.00
2026;34967762426;SVEUČILIŠTE U ZAGREBU EDUKACIJSKO-REHABILITACIJSKI FAKULTET;50020.00;2;0.00
2026;36523652967;DV ČUPKO;49676.31;11;0.00
2026;07770380976;ZAGREBAČKI KVARTET;49412.00;3;0.00
2026;14590133971;HRVATSKI CENTAR INTERNACIONALNOG TEATARSKOG INSTITUTA;49350.00;10;0.00
2026;84310268229;IRES EKOLOGIJA DOO ZA ZAŠTITU PRIRODE I OKOLIŠA;48827.50;2;0.00
2026;52783076996;MLASING DOO;48747.26;17;0.00
2026;47517534341;EXTURBO D.O.O.;48741.00;14;0.00
2026;46314418222;UDRUGA CRTANI ROMANI ŠOU;48100.00;6;0.00
2026;30094396634;PROMPT PROJEKTIRANJE D.O.O. ZA USLUGE PROJEKTIRANJA;47841.81;18;0.00
2026;03334333643;K INDEX DOO;47836.98;105;0.00
2026;26148807337;PROSTORNE TAKTIKE DOO;47500.00;1;0.00
2026;53736631841;MARGON MEDIA D.O.O. ZA USLUGE I INFORMATIKU;47499.38;11;0.00
2026;56792211413;VETERINARSKA ŠKOLA;47454.64;41;0.00
2026;20002192021;PRIVATNA KLASIČNA OSNOVNA ŠKOLA S PRAVOM JAVNOSTI;47446.02;12;0.00
2026;61600467614;GEOKON - ZAGREB D.D.;47398.50;11;0.00
2026;77163201327;ENERGOHERC DOO;47241.10;1;0.00
2026;29580000267;OŠ LAUDER  HUGO KON S PRAVOM JAVNOSTI;46877.89;25;0.00
2026;87607151174;FORTIS LABOR DOO;46312.50;2;0.00
2026;84985028632;ZAGREBAČKI GIMNASTIČKI SAVEZ;46112.50;1;0.00
2026;33911499305;FORMA PURUS D.O.O.;45423.48;1;0.00
2026;70516740360;OSNOVNA GLAZBENA ŠKOLA RUDOLFA MATZA;45348.07;30;0.00
2026;81530401884;LIND GRAD D.O.O.;45290.53;123;0.00
2026;67060688663;PROCESNA INTELIGENCIJA  D.O.O.;45237.50;1;0.00
2026;55474899192;IPZ UNIPROJEKT TERRA D.O.O.;45060.00;1;0.00
2026;25414985167;UDRUGA PET PLUS;45000.00;1;0.00
2026;91862828797;AUTO KLUB DELTA;45000.00;1;0.00
2026;24702975835;DOM NADE UDRUGA ZA PODRŠKU BESKUĆN I OST SOC UGROŽ SKUPINAMA;45000.00;1;0.00
2026;56195699333;ZAGREBAČKI KONJIČKI SAVEZ;45000.00;1;0.00
2026;92486618284;ZAGREBAČKI AKADEMSKI SPORTSKI SAVEZ;45000.00;1;0.00
2026;76945423688;CELERITAS USLUGE JDOO;44988.25;4;0.00
2026;64509160041;DV PALČIĆ;44317.55;11;0.00
2026;32176348568;ZAJEDNICA FOLKORNOG AMATERIZMA GRADA ZAGREBA;44280.00;8;0.00
2026;76023745044;SVEUČILIŠTE U ZAGREBU AGRONOMSKI FAKULTET;43242.93;3;0.00
2026;61494985197;NOBISCUM D.O.O. ZA GRADITELJSTVO I USLUGE;42995.00;27;0.00
2026;41856116339;IMAGO REKLAMNA AGENCIJA DOO;42950.65;2;0.00
2026;65289262084;HRVATSKI P.E.N. CENTAR UDRUGA PISACA PREVODILACA I PUBLICIST;42860.00;4;0.00
2026;32532374809;IDF ODRŽAVANJE DOO;42458.69;23;0.00
2026;13582015490;UPRAVITELJ GRADNJA D.O.O.;42380.79;416;0.00
2026;91453301285;ALPHA BAUMANAGEMENT DOO;41976.40;9;0.00
2026;40770493974;GE EL PROING DOO;41521.54;8;0.00
2026;89465265383;FRAKTURA D.O.O. ZA NAKLADNIŠTVO I USLUGE;41510.00;2;0.00
2026;44420360728;DV MALI KAJ;41459.72;19;0.00
2026;05311656188;UMJETNIČKA ORGANIZACIJA METROPOLIS;41350.00;5;0.00
2026;58421021869;EURO ROSA IP DOO;41268.22;10;0.00
2026;35596498125;KLEMM SIGURNOST D.O.O. ZA TJELESNU I TEHNIČKU ZAŠTITU;41084.38;2;0.00
2026;30522286914;UDRUGA ZA PROMICANJE STVARALAŠTVA I JEDN MOGUĆ ALTERNATOR;40700.00;2;0.00
2026;01617130836;FANTASTIČNO DOBRA INSTITUCIJA FADE IN;40333.00;6;0.00
2026;75224474023;IDEMO DALJE;40000.00;1;0.00
2026;68540752075;XVIII GIMNAZIJA;39840.65;28;0.00
2026;76120956111;PIEL DOO;39656.84;1;0.00
2026;35134680162;DV POTOČIĆ;39564.00;8;0.00
2026;39851720584;INSAKO D.O.O.;39447.83;48;0.00
2026;89919231745;IN KAPITAL DOO ZA TRGOVINU I USLUGE;39299.49;3;0.00
2026;64616149246;UMJETNIČKA ORGANIZACIJA FORMAT C;39250.00;7;0.00
2026;13042216614;UDRUGA ZA RAZVOJ URADI SAM KULTURE - RADIONA;39030.00;4;0.00
2026;41417657157;OPERACIJA GRAD;39000.00;3;0.00
2026;54082733015;GENERATOR MULTIDISCIPLINARNIH KOPRODUKCIJA;39000.00;7;0.00
2026;87490332083;DRUŠTVO ARHITEKATA  ZAGREBA;39000.00;4;0.00
2026;64500625635;BIM PROJEKT DOO;38882.00;8;0.00
2026;61989185242;HRVATSKA AKADEMIJA ZNANOSTI I UMJETNOSTI;38850.00;7;0.00
2026;87280494141;UDRUGA ZA INTERDISCIPLINARNA I INTERKULTURALNA ISTRAŽIVANJA;38770.00;6;0.00
2026;79695515983;ELDRA DOO;38531.25;2;0.00
2026;93691731093;ZAKLADA ČUJEM, VJERUJEM, VIDIM;37450.00;2;0.00
2026;80064107459;TFK UPRAVLJANJE DOO;37364.32;15;0.00
2026;51272003168;TONKICA POLONKICA OBRT ZA ČUVANJE DJECE VL MARINA STRELAR;37148.50;8;0.00
2026;20825951358;SAMO ARHITEKTURA DOO;37000.00;4;0.00
2026;12957540186;UMJETNIČKA ORGANIZACIJA OBJEKT PLESA;36350.00;5;0.00
2026;10061338895;DRUŠTVO HRVATSKIH KNJIŽEVNIH PREVODILACA;35665.00;4;0.00
2026;23941254478;UMJETNIČKA ORGANIZACIJA OAZA;35555.00;4;0.00
2026;73497369534;TOI TOI D.O.O.;35530.18;87;0.00
2026;25623466485;GEOPROJEKT D.D. ZA GOEDTESKE POSL.GRAĐ.PROJEKT. I NADZOR;35310.00;2;0.00
2026;87431717711;UMJETNIČKA ORGANIZACIJA FILM - PROTUFILM;35200.00;6;0.00
2026;78173208601;MALEŠEVIĆ BORISLAV;35000.00;1;0.00
2026;14527130765;KOOPERATIVA REGIONALNA PLATFORMA ZA KULTURU;34820.00;5;0.00
2026;30757807547;PROMETIS;34750.00;5;0.00
2026;63496160999;ZAGREBAČKI AUTOMODELARSKI SAVEZ;34233.65;9;0.00
2026;24113470894;PROJEKTI I EKSPERTI DOO;34092.75;34;0.00
2026;03897450800;PROJEKTNI URED  MI2A DOO;33840.00;9;0.00
2026;17372105601;KREATIVNA MREŽA;33690.00;6;0.00
2026;38890689962;BALLON OBRT ZA ČUVANJE DJECE VL KRISTINA LEGIN;33577.46;8;0.00
2026;42547882422;STAMBENI SERVIS - POSLOVNI CENTAR D.O.O.;33451.97;87;0.00
2026;02954231309;HRVATSKA ZAJEDNICA ŽUPANIJA;33180.70;1;0.00
2026;78662188473;UMJET. ORGANIZ. ZA OTVARANJE NOV.POLJA KAZ.KOM.ČETVERORUKA;32850.00;4;0.00
2026;99008810635;BCC SERVICES D.O.O.;32848.79;6;0.00
2026;80926707416;UDRUGA ZA RAZVOJ MEDIJSKE I GRAĐ KULTURE RADIO STUDENT;32800.00;3;0.00
2026;85987734468;SANITACIJA D.O.O.;32710.51;2;0.00
2026;47794513055;BIRODOM D.O.O.;32620.72;12;0.00
2026;78904416556;INVESTINŽENJERING D.O.O. ZA PROJEKTIRANJE,GRAĐ. I NADZOR;32575.92;6;0.00
2026;65770890193;UDRUGA DJELOVANJA U KULTURI ARTERARIJ;32500.00;4;0.00
2026;84205302436;FARMATEKA DOO;32480.00;2;0.00
2026;70989581208;KUĆĆA;32150.00;7;0.00
2026;98095915259;IVNE GRAĐEVINA D.O.O.;31995.50;15;0.00
2026;01013177444;UMJETNIČKA ORGANIZACIJA KAZALIŠTE MORUZGVA;31970.00;6;0.00
2026;46126976851;URED ZA FOTOGRAFIJU;31940.00;6;0.00
2026;86127487429;SUBNECTO D.O.O.;31600.00;10;0.00
2026;16529207670;TEKSTILPROMET D.D.;31500.00;1;0.00
2026;68476022248;KONTROL PROJEKT DOO;31407.22;13;0.00
2026;41087785736;ZAGREBAČKI SAVEZ TEHNIČKIH DJELATNOSTI NA VODI;31269.09;7;0.00
2026;47536670280;DV MIRJAM WEILLER;31201.54;11;0.00
2026;61883395124;BRAMINI D.O.O. INŽENJERING PROJEKTIRANJE ZASTUPANJE;31180.00;7;0.00
2026;81623155686;UMJETNIČKA ORGANIZACIJA TRAGAČI;31150.00;4;0.00
2026;35985815579;AD CON DOO;31098.66;6;0.00
2026;38048486286;MAZARS CINOTTI CONSULTING DOO;31000.00;1;0.00
2026;62432831196;PINK MOON DOO;30931.25;1;0.00
2026;79506290597;LEXPERA DOO;30629.75;16;0.00
2026;56566580479;TERME TUHELJ D.O.O.;30607.17;3;0.00
2026;30716520726;AUTOKLUB SIGET;30596.00;13;0.00
2026;34456781211;ZAGREBAČKI RADIOAMATERSKI SAVEZ;30456.23;8;0.00
2026;06406092393;PRIVATNA GIMNAZIJA I TURSTIČKO-UGOST ŠKOLA J KUPREŠAK;30434.29;13;0.00
2026;67647798680;TEATAR RUGANTINO;30300.00;6;0.00
2026;02010978731;SOCIJALDEMOKRATSKA PARTIJA HRVATSKE;30240.00;2;0.00
2026;42810171929;PROJEKT ORANICE DOO;30152.00;1;0.00
2026;10821387499;UMJETNIČKA ORGANIZACIJA 21:21;30090.00;5;0.00
2026;27068483295;ŽENSKA POMOĆ SADA SOS TELEFON ZA ŽENE I DJ ŽRTVE NASILJA;30000.00;1;0.00
2026;61089693848;ARHITEKT VEDRAN DUPLANČIĆ DOO;30000.00;1;0.00
2026;52233171260;AUTOMEHANIKA D.D.;29993.00;10;0.00
2026;84430586938;RUDAN D.O.O.;29831.25;1;0.00
2026;81273222992;STUDIO OBRIS D.O.O.;29792.50;3;0.00
2026;48245489488;PROJEKTLAB D.O.O.;29707.52;6;0.00
2026;95093210687;MINISTARSTVO PROSTORNOG  UREĐ GRADITELJSTVA I DRŽ IMOVINE;29612.99;28;0.00
2026;74360083856;KLING DOO;29575.68;19;0.00
2026;77122499471;UDRUGA ZA PR. KULTURE AUTOMOBILA I DIZAJNA SCUDERIA ZAGREB;29500.00;2;0.00
2026;01254445043;DIMNJAČARSKA OBRTNIČKA ZADRUGA;29235.73;142;0.00
2026;15425371026;FOLKLORNI ANSAMBL ZAGREB-MARKOVAC;29200.00;2;0.00
2026;61647196354;ATELIERI ŽITNJAK;29140.00;5;0.00
2026;69733573178;EDEL SPORT D.O.O. ZA TRGOVINU I USLUGE;28953.00;1;0.00
2026;83411133656;EKSPERIMENTALNA SLOBODNA SCENA;28650.00;6;0.00
2026;31134262074;FAVORY DOO ZA USLUGE I TURISTIČKA AGENCIJA;28565.30;17;0.00
2026;07438218392;OŠ CENTAR;28269.64;12;0.00
2026;60424552301;PLANETARIS D.O.O;28204.00;4;0.00
2026;29582160591;TEATAR POCO LOCO;28200.00;11;0.00
2026;10626066704;MULTIMEDIJALNA KOLIBA;28100.00;7;0.00
2026;58002925068;UMJETNIČKA ORGANIZACIJA OVOONO;28100.00;4;0.00
2026;46448657157;ZAGREBAČKI FOLKLORNI ANSAMBL DR. IVANA IVANČANA;28000.00;1;0.00
2026;33049143378;IN STRIA DOO;27990.00;15;0.00
2026;64453957424;BAOTIĆ D.D.;27858.00;13;0.00
2026;45213714363;PRO SILVA DOO ZA GOSPODARENJE ŠUMAMA;27675.00;1;0.00
2026;86000717278;HRVATSKO DRUŠTVO GLAZBENIH UMJETNIKA;27650.00;4;0.00
2026;43980170614;ENERGETSKI INSTITUT HRVOJE POŽAR;27500.00;2;0.00
2026;19673322859;MONTAŽSTROJ;27500.00;2;0.00
2026;32007378078;SFERA DRUŠTVO ZA ZNANSTVENU FANTASTIKU;27400.00;6;0.00
2026;04662252043;KOPIMA D.O.O.;27148.80;10;0.00
2026;12485381173;ZIV-TICA D.O.O. PROJEKTIRANJE, NADZOR I USLUGE;27098.21;11;0.00
2026;51227446526;SAVEZ SCENARISTA I PISACA IZVEDBENIH DJELA;26900.00;6;0.00
2026;54865570214;DEFF MONTAŽA DOO;26875.50;6;0.00
2026;71959900435;VJEŠTAK BAN DOO;26822.56;5;0.00
2026;42421479444;MARIJA SELAK RASPUDIĆ NEZAVISNA LISTA;26640.00;2;0.00
2026;91407011517;UDRUGA SCENA AMADEO;26600.00;2;0.00
2026;07853602203;FORUM ZA SLOBODU ODGOJA;26590.00;1;0.00
2026;42265561353;ZAGREBAČKI WUSHU SAVEZ;26528.57;2;0.00
2026;39777918920;MEPA STAN DOO;26345.96;50;0.00
2026;81030685223;UMJETNIČKA ORGANIZACIJA IMAGINE PLATFORMA;26300.00;2;0.00
2026;33260306505;PISMORAD D.D.;26247.11;14;0.00
2026;49280496152;MAGBA GRADNJA D.O.O.;26228.00;1;0.00
2026;57675698526;UDRUŽENJE OBRTNIKA GRADA ZAGREBA;26000.00;3;0.00
2026;38583303160;PRAVNI FAKULTET SVEUČILIŠTA U ZAGREBU;25910.00;26;0.00
2026;18216105743;PROJEKTNI BIRO NAGLIĆ D.O.O.;25682.25;15;0.00
2026;33136580055;CENTAR ZA DRAMSKU UMJETNOST;25580.00;8;0.00
2026;35690918519;TRI KVARTI DOO;25406.40;2;0.00
2026;86117549775;UDRUGA ZA PROMICANJE VIZUALNIH UMJ. I KULT. DJ. VIZKULTURA;25400.00;5;0.00
2026;61765726217;LIPAR OPREMA DOO ZA IZNAJMLJIVANJE STROJEVA I OPREME;25330.00;7;0.00
2026;45496526912;RIPINA DOO;25293.75;8;0.00
2026;14504100762;SAVEZ STUDENATA FAKULTETA ELEKTROTEHNIKE I RAČUNARSTVA;25200.00;3;0.00
2026;28315107902;ASES USLUGE DOO ZA GRAĐENJE;25067.50;2;0.00
2026;64001013893;DEUS MAGNUS JDOO;24957.50;7;0.00
2026;66035413157;KREATIVNI KRAJOBRAZI DOO;24925.00;2;0.00
2026;52856813660;KREATIVNI SINDIKAT;24900.00;2;0.00
2026;75289198230;HDKA HRVATSKO DRUŠTVO KRAJOBRAZNIH ARHITEKATA;24658.01;7;0.00
2026;74099460877;PRIRODNO UMJETNIČKI KRUŽOK;24590.00;5;0.00
2026;98530718208;GLAZBENI INSTITUT MLADIH;24500.00;2;0.00
2026;71309264402;DE FACTO KAZALIŠNA GRUPA;24500.00;3;0.00
2026;08770925700;CENTAR ZA MIROVNE STUDIJE;24490.00;3;0.00
2026;15713274984;STUDIO PANGOLIN;24430.00;10;0.00
2026;79058504140;DRŽAVNE NEKRETNINE D.O.O.;24410.63;133;0.00
2026;12933687795;AUTO - REMETINEC D.D.;24358.00;13;0.00
2026;34106997956;GRAĐEVINARSTVO SUHALJ DOO ZA GRAĐEVINARSTVO I USLUGE;24356.95;1;0.00
2026;17270995529;UDRUGA DOKUMETAR;24350.00;5;0.00
2026;62776334004;DRUŠTVO ZA PROMICANJE KNJIŽEVNOSTI NA NOVIM MEDIJIMA;24350.00;2;0.00
2026;91352666060;CEST AGRAM UDRUGA ULIČNIH ZABAVLJAČA;24000.00;4;0.00
2026;86642397740;ZAGREBAČKI KOMORNI ORKESTAR;23900.00;4;0.00
2026;94391499491;NACIONALNI MUZEJ MODERNE UMJETNOSTI;23870.00;4;0.00
2026;85817630867;ODVJETNIČKO DRUŠTVO MIHOČEVIĆ I BAJS;23801.99;4;0.00
2026;15748798560;MAKSIMUS D.O.O.;23786.42;79;0.00
2026;65389569788;GEOTEHNIČKI STUDIO DOO;23750.71;3;0.00
2026;94014652914;UNIS TELECOM DOO;23750.00;1;0.00
2026;93966915493;HRVATSKI GLAZBENI ZAVOD;23750.00;4;0.00
2026;26561427801;ULIX D.O.O.;23715.76;20;0.00
2026;63075963195;CITARA DOO;23527.72;5;0.00
2026;03785720358;AUTOCENTAR AGRAM DD;23518.00;12;0.00
2026;45243336064;MIND LAB DOO ZA POSLOVNO SAVJETOVANJE;23490.00;2;0.00
2026;04123051557;OWENS HOUŠKA I PARTNERI ODVJETNIČKO DRUŠTVO DOO;23485.94;20;0.00
2026;63126032936;MONEL DOO;23366.40;129;0.00
2026;66503016889;MTC DOO ZA PROJEKTIRANJE INŽENJERING I NADZOR;23298.00;4;0.00
2026;61839748667;NOTUS IT DOO;23263.75;7;0.00
2026;34043986015;CRISTOFORIUM;23100.00;2;0.00
2026;92943474869;ANSAMBL SLOBODNOG PLESA LIBERDANCE;23100.00;5;0.00
2026;85066981659;STOLNOTENISKI SAVEZ;23020.00;2;0.00
2026;80364394364;NAKLADA LJEVAK D.O.O.;22994.22;14;0.00
2026;30532290707;ALARM AUTOMATIKA ZAŠTITNI, MULTIMED. I KOM. SUSTAVI D.O.O.;22978.30;2;0.00
2026;16549597500;GIM D.O.O.;22792.30;12;0.00
2026;30244300986;GOLF SAVEZ GRADA ZAGREBA;22737.10;4;0.00
2026;47896586743;KAZALIŠNA DRUŽINA BOOM TEATAR;22500.00;3;0.00
2026;74555862029;AGRIVI DOO ZA PROIZVODNJU TRGOVINU I USLUGE;22450.00;1;0.00
2026;34672089688;PRESSCUT D.O.O.;22423.78;6;0.00
2026;44437757215;DIFRINGO GRADNJA DOO;22154.79;1;0.00
2026;18432368449;RECOM PROIZVODNJA  TRGOVINA I ZASTUPANJE DOO;22125.00;2;0.00
2026;33649615982;ARHIS DOO;22120.00;1;0.00
2026;27876338953;UDRUGA ZA NEZAVISNU MEDIJSKU KULTURU;22100.00;2;0.00
2026;58978103730;QUESTUS SIGURNOST DOO;22050.00;1;0.00
2026;29035933600;MEĐIMURJE PLIN DOO;22020.39;118;0.00
2026;59552791905;TEATAR GAVRAN;22000.00;4;0.00
2026;06674194731;CLARITATE FM DOO;21950.93;12;0.00
2026;41548127608;REMO DOO;21855.06;21;0.00
2026;81530800732;RAMTECH DOO;21847.00;6;0.00
2026;51811672730;UMJETNIČKA ORGANIZACIJA ŠKVADRA;21800.00;3;0.00
2026;19181278015;SODA ARHITEKTI DOO;21566.70;1;0.00
2026;07897941748;CORNUS PROJEKT D.O.O. ZA PROJEKTIRANJE I USLUGE;21414.48;9;0.00
2026;96291616370;SANACIJA NOVA DOO ZA USLUGE;21400.00;5;0.00
2026;99917958785;GEOEXPERT IGM D.O.O.;21250.00;4;0.00
2026;01599058817;ZAGREBAČKI MAKETARSKO - MODELARSKI SAVEZ;21212.34;8;0.00
2026;47841757913;ZAGREBAČKI AUTOMOBILISTIČKI SAVEZ;21200.00;2;0.00
2026;16026657761;GANZ NOVA KULTURA PROMJENE;21200.00;3;0.00
2026;45155207079;LOVAČKI SAVEZ GRADA ZAGREBA;21046.67;2;0.00
2026;21913596812;UNISON HRVATSKI GLAZBENI SAVEZ;21030.00;6;0.00
2026;06081983053;KOMORNI ZBOR IVAN FILIPOVIĆ;21000.00;2;0.00
2026;58878158696;DOBROVOLJNO VATROGASNO DRUŠTVO TRNJE;21000.00;2;0.00
2026;38001831721;EKO DERATIZACIJA DOO;20959.74;16;0.00
2026;67749812605;KOZLIĆI UDRUGA ZA PROMICANJE KULTURE;20800.00;4;0.00
2026;39075073977;UDRUGA PASIONSKA BAŠTINA;20500.00;5;0.00
2026;29212890252;GEOEKSPERT D.O.O.;20474.00;1;0.00
2026;17941638357;FOTOGRAFSKA UDRUGA ORGAN VIDA;20300.00;3;0.00
2026;73574345601;UMJETNIČKA ORGANIZACIJA - OTVORENI LIKOVNI POGON - ZAGREB;20050.00;3;0.00
2026;41040680817;DRIJEN DOO;20000.00;1;0.00
2026;02019557948;ARHITEKTURA KRITOVAC JDOO;20000.00;2;0.00
2026;11002350679;MTL LOGISTIKA JDOO ZA PRIJEVOZ I USLUGE I TRGOVINU;20000.00;1;0.00
2026;69768765020;EPTA UDRUGA KLAVIRSKIH PEDAGOGA HRVATSKE;20000.00;2;0.00
2026;92750144917;HOLONET DOO;20000.00;1;0.00
2026;33487743969;PROING D.O.O.;19960.00;8;0.00
2026;35075428561;UMJETNIČKA ORGANIZACIJA CARGO;19950.00;6;0.00
2026;53395105050;HKPD BOSILJAK;19900.00;4;0.00
2026;91979503335;ZAGREBAČKI SKIJAŠKI SAVEZ;19854.29;2;0.00
2026;55855308410;ENVIRONMENTAL WASTE MENAGEMENT PLUS DOO;19749.33;7;0.00
2026;49503354754;GS UPRAVLJANJE DOO;19592.53;20;0.00
2026;05448449641;HIDROELEKTRA ČIKARA DOO;19579.61;1;0.00
2026;83116512353;ĐAKOVIĆ MONTAŽA DOO;19562.76;1;0.00
2026;70663193635;AGRAM BANKA DD ZAGREB;19486.29;19;0.00
2026;29878213790;ZAGREBAČKI BOKSAČKI SAVEZ;19414.30;2;0.00
2026;67192095003;AUDIO STORE TRANSONICA JDOO;19390.00;3;0.00
2026;15046386296;NEW OFFICE NET DOO;19351.63;3;0.00
2026;10305984252;MEĐUNARODNA BRITANSKA ŠKOLA VEDRI OBZORI;19189.30;10;0.00
2026;54999933265;PRIVITAS DOO;19151.55;1;0.00
2026;85224727471;UDRUGA PLESNIH UMJETNIKA HRVATSKE;19100.00;4;0.00
2026;89610149986;TEMEX D.O.O.;19059.20;3;0.00
2026;41976156545;PRVING BABIĆ JDOO;19034.00;35;0.00
2026;46319347195;DOBROVOLJNO VATROGASNO DRUŠTVO PREČKO;18900.00;1;0.00
2026;89764304852;ZAGREBAČKI ORKESTAR ZETA;18900.00;3;0.00
2026;68419124305;HRVATSKA RADIOTELEVIZIJA;18846.06;24;0.00
2026;79817586565;ORGANIZACIJA ZA PLANIRANJE I ARHITEKTURU D.O.O.;18823.40;2;0.00
2026;45825378029;KRIGRAD DOO;18726.65;3;0.00
2026;43487470444;UMJETNIČKA ORGANIZACIJA MALO SUTRA;18659.00;3;0.00
2026;05099173092;LEMAX D.O.O.;18655.99;10;0.00
2026;80480322314;TRAMES DOO;18600.00;1;0.00
2026;99439479072;PRIOR INŽENJERING D.O.O.;18562.50;1;0.00
2026;61264643730;HRVATSKI CENTAR ZA POTRESNO INŽENJERSTVO INTERV SLUŽBA;18500.00;1;0.00
2026;84624881929;SAVEZ IZVIĐAČA ZAGREBA;18500.00;1;0.00
2026;77538301819;DOBOROVOLJNO VATROGASNO DRUŠTVO GRAČANI;18500.00;1;0.00
2026;53742294882;HRVATSKI GENERALSKI ZBOR;18500.00;1;0.00
2026;85566146264;"CENTAR ZA EDUKACIJU I SAVJETOVANJE ""SUNCE""";18500.00;1;0.00
2026;53994275676;JAŠKA DOO;18437.38;1;0.00
2026;01252163117;OPĆINSKI GRAĐANSKI SUD U ZAGREBU;18362.47;126;0.00
2026;38971455962;GRGUREVIĆ I PARTNERI DOO;18262.50;3;0.00
2026;85616534537;UMJETNIČKA ORGANIZACIJA P137;18200.00;4;0.00
2026;41607275884;SPECIJALNA BOLNICA ZA MEDICINSKU REHABILITACIJU KRAPINSKE;18135.00;14;0.00
2026;78439412024;LIDER PROJEKT DOO;18100.00;1;0.00
2026;68752651868;MEŠTROVIĆ - PRIJEVOZ D.O.O.;18069.73;8;0.00
2026;04150008463;HRVATSKA DEMOKRATSKA ZAJEDNICA;18000.00;2;0.00
2026;17870151363;STUDIO ARHING DOO ZA INŽINJERING POSLOVA U GRADITELJSTVU;18000.00;1;0.00
2026;52097842295;AKADEMIJA DRAMSKE UMJETNOSTI ZAGREB;17920.00;8;0.00
2026;93252258037;KAZALIŠNA DRUŽINA KUFER;17700.00;2;0.00
2026;15146109460;KONPLAST DOO;17693.75;1;0.00
2026;23067880654;OŠ KREATIVNI RAZVOJ;17647.72;11;0.00
2026;95847257607;AKADEMIJA LIKOVNIH UMJETNOSTI;17640.00;4;0.00
2026;26896388401;KONCERTNA DVORANA TVORNICA KULTURE;17500.00;2;0.00
2026;52201457254;URBANE TEHNIKE D.O.O.;17500.00;3;0.00
2026;69265772227;UMJETNIČKA ORGANIZACIJA HRVATSKI KOMORNI ORKESTAR;17500.00;1;0.00
2026;35289396071;CANTUS D.O.O.;17500.00;4;0.00
2026;07200034745;ZAGREBAČKI RUKOMETNI SAVEZ;17457.15;2;0.00
2026;55305844525;IBIS-GRAFIKA D.O.O. ZA GRAFIČKE USLUGE;17409.00;6;0.00
2026;89968033067;CROATIA - TEHNIČKI PREGLEDI D.O.O.;17316.00;11;0.00
2026;80710986317;PETRINE KNJIGE DOO;17300.00;4;0.00
2026;36118056137;DELTRON D.O.O. ZA TRGOVINU I USLUGE;17243.13;10;0.00
2026;21926472791;TEHNOZAVOD - MARUŠIĆ D.O.O. ZA PROIZVODNJU SUSTAVA TEH. ZAŠ.;17145.56;1;0.00
2026;45026196523;HRVATSKI POSLOVNI CENTAR-STAMBENO POS. GOSPOD. D.O.O.;17107.66;138;0.00
2026;39615965867;STUDIO ARTLESS;17050.00;4;0.00
2026;24136857762;ZAGREBAČKI BADMINTONSKI SAVEZ;17018.58;2;0.00
2026;41849057634;INTEGRA DOO;17000.00;1;0.00
2026;85711899569;SODABERG KOREOGRAFSKI LABORATORIJ;17000.00;2;0.00
2026;13114833921;10AARCH DOO;17000.00;1;0.00
2026;40611592848;HELIFOTO DOO ZA UNUTARNJU I VANJSKU TRGOVINU I USLUGE;16937.50;1;0.00
2026;70241212555;ELIS PROJEKT DOO;16840.00;9;0.00
2026;80572192786;HŽ PUTNIČKI PRIJEVOZ D.O.O.;16733.51;65;0.00
2026;54895392358;BLUEMONT DOO;16725.00;2;0.00
2026;80635539984;UMJETNIČKA ORG. AUTORSKA RAD. KREACIJA ILUST. I KOR. MELONE;16700.00;6;0.00
2026;06546575548;PRIVATNA SPORTSKA I JEZIČNA GIMNAZIJA FRANJO BUČAR;16636.36;13;0.00
2026;62776074052;KONTURA PROJEKT D.O.O.;16602.00;4;0.00
2026;16526802381;UMJETNIČKA ORGANIZACIJA RADIO TEATAR BAJSIĆ I PRIJATELJI;16590.00;5;0.00
2026;78247215436;ELAG D.O.O. ZA GRADITELJSTVO I POSLOVNE USLUGE;16575.00;6;0.00
2026;70482234704;PROMET I PROSTOR D.O.O.;16430.38;1;0.00
2026;34753037557;ZAGREBAČKI SOFTBALL SAVEZ;16382.75;2;0.00
2026;31770065778;SBT D.O.O.;16343.13;3;0.00
2026;62737904112;ARHITEKTURA BOLANČA DOO;16300.00;9;0.00
2026;54405379938;TIM PRESS IZDAVAŠTVO,MARKETING,TRGOVINA I USLUGE D.O.O.;16300.00;5;0.00
2026;27414388868;BRŽE VIŠE BOLJE D.O.O;16297.50;10;0.00
2026;36172669410;DARVEL DOO;16148.43;5;0.00
2026;85989097135;BORDOR PROJEKT DOO ZA PROJEKT NADZOR I VJ U GRADITELJSTVU;16111.94;21;0.00
2026;91094950285;ZAGREB ZGRADE D.O.O.;15933.83;2;0.00
2026;47978428233;UDRUGA GRADOVA U REPUBLICI HRVATSKOJ;15926.73;3;0.00
2026;12856557744;LEYKAM INTERNATIONAL D.O.O.;15900.00;3;0.00
2026;77667447224;ZAGREBAČKA NADBISKUPIJA - PRVOSTOLNI KAPTOL ZAGREBAČKI;15806.48;3;0.00
2026;96262119913;AUTO BENUSSI DOO;15758.35;2;0.00
2026;79526992554;UMJETNIČKA ORGANIZACIJA PUNCTUM;15750.00;3;0.00
2026;71873420106;PERSPEKTIVA;15556.68;3;0.00
2026;06565884479;KULTURNO UMJETNIČKO DRUŠTVO SESVETE;15400.00;1;0.00
2026;62529488741;ROBOT 22 DOO ZA USLUGE;15400.00;1;0.00
2026;85052273431;IMPORTANNE UPRAVITELJ DOO;15361.79;17;0.00
2026;76594422243;PALAM DOO;15317.80;1;0.00
2026;74494862058;HRŠAK & HRŠAK D.O.O.;15300.00;1;0.00
2026;64822592675;PALIGASI DOO;15231.25;3;0.00
2026;51798116034;JK PROJEKT RENT DOO;15212.25;11;0.00
2026;89977773350;PLIVAČKI KLUB MEDVEŠČAK;15000.00;1;0.00
2026;89698831318;GEO ROLO JDOO;15000.00;42;0.00
2026;87613611709;KARATE KLUB CROATIA;15000.00;1;0.00
2026;71819246783;EKO INVEST D.O.O.;15000.00;1;0.00
2026;12355275165;UDRUGA HRV. BRANITELJA DOM. RATA 101. BRIGADE - SUSEDGRAD;15000.00;1;0.00
2026;27095147322;UDRUGA HRVATSKIH BRANITELJA DOMOVINSKOG RATA 99 BRIGADE;15000.00;1;0.00
2026;97919217101;MAČEVALAČKI SAVEZ ZAGREBA;15000.00;1;0.00
2026;13379699043;CENTAR ZA GRADITELJSTVO DOO;14993.75;1;0.00
2026;91715167661;CONTECH DOO;14981.88;7;0.00
2026;45990641695;AD LIBITUM D.O.O.;14918.75;19;0.00
2026;07943625362;ZAGREBAČKI SAVEZ KLUBOVA MLADIH TEHNIČARA;14869.84;7;0.00
2026;31501714030;SREDNJA EUROPA D.O.O.;14600.00;5;0.00
2026;67120410838;GEO ALFA DOO;14570.00;7;0.00
2026;64989582259;UDRUGA PROFESIONALNIH PLESNIH UMJETNIKA PULS;14550.00;2;0.00
2026;86541007665;LUTKARSKA ORGANIZACIJA KOJU FAKAT TREBAMO;14450.00;3;0.00
2026;09619830885;SLOBODNE VEZE, UDRUGA ZA SUVREMENE UMJETNIČKE PRAKSE;14450.00;2;0.00
2026;35575373434;ARHITEKTURA I ARHEOLOGIJA DOO;14450.00;2;0.00
2026;35632925066;V.B.Z. D.O.O.;14400.00;2;0.00
2026;68651120977;SELEKTA PRIMA DOO;14355.00;4;0.00
2026;73656725926;KENTBANK D.D.;14350.29;17;0.00
2026;36162371878;RH MINISTARSTVO UNUTARNJIH POSLOVA;14314.52;7;0.00
2026;57889075561;DISPUT D.O.O. ZA IZDAVAČKU DJELATNOST;14250.00;3;0.00
2026;74151090266;SUSTAV ORKESTARA DJECE I OMLADINE;14200.00;3;0.00
2026;27813117925;NAKLADA OCEANMORE D.O.O. ZA IZDAVAŠTVO I USLUGE;14200.00;3;0.00
2026;73216285877;AKSIJAL DOO;14183.35;2;0.00
2026;15996784558;CON FORMO DOO;14179.08;1;0.00
2026;54730193110;UPRAVITELJ STAN DOO;14104.74;106;0.00
2026;31120185175;INSTITUT ZA RAZVOJ I MEĐUNARODNE ODNOSE;14062.50;1;0.00
2026;18193003372;RONILAČKI KLUB ADRIATICRO ZAGREB;14000.00;1;0.00
2026;53830159458;HKUD ŽELJEZNIČAR;14000.00;2;0.00
2026;24100671715;MOJ MODERNI KVART DOO;14000.00;1;0.00
2026;23248350988;LAUBA;14000.00;1;0.00
2026;99029223761;ORATORIJSKO DRUŠTVO CRKVE SVETOG MARKA;14000.00;2;0.00
2026;90002393727;ŽUPA SV.BLAŽA;13935.88;7;0.00
2026;76058604397;CORE INTEGRA D.O.O. ZA SAVJETOVANJE I  USLUGE;13909.50;5;0.00
2026;43174632631;MALA ZVONA D.O.O. ZA IZDAVAŠTVO I USLUGE;13870.00;4;0.00
2026;41312193461;FLUID - PROJEKT D.O.O.;13850.00;6;0.00
2026;38988695151;UMJETNIČKA ORGANIZACIJA T25;13720.00;4;0.00
2026;86042683189;PAMA KOD DOO;13687.50;14;0.00
2026;86744847407;STUDIO GALERIJA KLET;13590.00;6;0.00
2026;97258269943;HRVATSKO DRUŠTVO KNJIŽEVNIKA ZA DJECU I ML KLUB PRVIH PISACA;13580.00;2;0.00
2026;28111148974;PROMETNICE ZAGREB;13510.00;7;0.00
2026;81342099677;BRANITELJSKA ZADRUGA DANICA ZAGREB;13500.00;5;0.00
2026;84386181608;GEO KOM DOO;13472.40;1;0.00
2026;81764499494;KNJIGA U CENTRU;13440.00;4;0.00
2026;64056166637;UGO - ŠARIĆ D.O.O.;13382.50;7;0.00
2026;22942304760;PETROKOV SERVISI DOO;13248.25;6;0.00
2026;90934142154;TAMBURAŠKO DRUŠTVO GAJ ZAGREB;13230.00;4;0.00
2026;05126374774;EUROTENT DOO ZA USLUGE;13162.50;5;0.00
2026;98788918659;MOJO RENTAL SOUTHEAST EUROPE DOO;13081.50;1;0.00
2026;73660371074;PEVEX DD;13037.29;15;0.00
2026;31390132309;PUČKO OTVORENO UČILIŠTE KORAK PO KORAK;13000.00;1;0.00
2026;98292941053;HKUD PRIGOREC MARKUŠEVEC;12950.00;2;0.00
2026;24612272845;REGO STAN DOO;12940.10;100;0.00
2026;97326283154;PODRAVSKA BANKA D.D.;12772.79;15;0.00
2026;89313718238;HRVATSKA UDRUGA ZA TURIZAM I RURALNI RAZV KLUB ČLANOVA SELO;12611.90;2;0.00
2026;64532035351;ORIS KUĆA ARHITEKTURE;12600.00;1;0.00
2026;53046704438;PLANET ART;12600.00;1;0.00
2026;55815598569;UMJETNIČKA ORGANIZACIJA VRUM;12600.00;3;0.00
2026;92364669796;GEODETIKA D.O.O.;12600.00;2;0.00
2026;99467839478;UMJETNIČKA ORGANIZACIJA JAGODA;12600.00;4;0.00
2026;86709918716;ODVJETNIČKO DRUŠTVO KALLAY I PARTNERI DOO;12566.47;35;0.00
2026;81793146560;HRVATSKI TELEKOM D.D.;12551.83;19;0.00
2026;76842508189;ZAGREBAČKE PEKARNE KLARA D.D.;12509.53;46;0.00
2026;25645698302;VRTOVI HORTUS DOO;12506.25;1;0.00
2026;71445870691;AUTO PROMET SISAK D.O.O.;12421.69;8;0.00
2026;05008093400;GALERIJA MANUŠ DOO ZA TRGOVINU I USLUGE;12250.00;3;0.00
2026;47089536463;HRVATSKI PJEVAČKI ZBOR IVAN PL. ZAJC;12250.00;2;0.00
2026;31375495391;PENTA D.O.O.;12200.00;1;0.00
2026;47703847551;ANTITALENT DOO;12200.00;3;0.00
2026;53769098448;ALATI MILIĆ DOO;12197.68;2;0.00
2026;89243570715;DESIDIA D.O.O.;12150.00;20;0.00
2026;90465650221;GEOAQUA D.O.O.;12150.00;6;0.00
2026;41687433318;PRESIDO DOO;12112.50;2;0.00
2026;39792730053;IPT INŽENJERING D.O.O.;12084.47;5;0.00
2026;20845957118;MAER DOO;12075.00;11;0.00
2026;39135989747;ZUBAK GRUPA DOO;12019.00;14;0.00
2026;86343139929;LOVAČKO DRUŠTVO FAZAN  BREZOVICA KUPINEČKI KRALJEVEC;12000.00;2;0.00
2026;80246643231;LOVAČKO DRUŠTVO LANE NOVI ZAGREB;12000.00;2;0.00
2026;21517658354;NOVA LUX DOO ZA PROJEKTIRANJE I NADZOR;11990.00;1;0.00
2026;15166919807;90-60-90 - PLATFORMA ZA SUVREMENU UMJETNOST;11900.00;2;0.00
2026;56998660224;UMJETNIČKA ORGANIZACIJA NAHERO;11900.00;3;0.00
2026;20424332600;HRVATSKO DRUŠTVO KAZALIŠNIH KRITIČATA I TEATROLOGA;11900.00;2;0.00
2026;52560654618;HSPD SLJEME ŠESTINE;11900.00;2;0.00
2026;39901919995;HŽ INFRASTRUKTURA D.O.O.;11880.89;2;0.00
2026;12448394088;ODVJETNIČKO DRUŠTVO KUTLEŠA I ŽAKULA JTD;11867.84;42;0.00
2026;09525804762;VUTA ING DOO;11823.07;25;0.00
2026;12779315025;KULTURNO PROSVJETNO DRUŠTVO SVETA KLARA;11800.00;3;0.00
2026;18422925218;SVEUČILIŠTE U ZAGREBU MUZIČKA AKADEMIJA;11788.13;2;0.00
2026;23603203647;MEANDAR  MEDIA D.O.O.;11760.00;2;0.00
2026;10624495854;HRVATSKI POVIJESNI MUZEJ;11760.00;1;0.00
2026;15956530643;FORTIUS INFO D.O.O. ZA TRGOVINU I USLUGE;11712.93;6;0.00
2026;39632230563;GRANOVA DOO;11700.00;2;0.00
2026;70394464590;GOLUB STJEPAN;11695.67;1;0.00
2026;40498868827;DURIEUX D.O.O. ZA IZD. I TISK. DJEL.,TRGOVINU,USL.I UVOZ-IZ.;11680.00;4;0.00
2026;93472038518;EURO LIM MATIJA DOO;11572.50;1;0.00
2026;58843087891;AGENCIJA ZA KOMERCIJALNU DJELATNOST PRO.,USL. I TRG. D.O.O.;11556.28;8;0.00
2026;30281577600;OBIN UPRAVLJANJE DOO;11536.17;54;0.00
2026;45050126417;KONČAR - ELEKTROINDUSTRIJA D.D.;11412.35;12;0.00
2026;37388188772;TRGOVAČKI SUD U ZAGREBU;11400.00;12;0.00
2026;53015506680;UMJETNIČKA ORGANIZACIJA TEATRUM;11400.00;4;0.00
2026;67853790331;PUN POGODAK DOO;11333.47;1;0.00
2026;77853441718;HRVATSKO FILOLOŠKO DRUŠTVO;11300.00;3;0.00
2026;13909509653;GEO LINE SYSTEMS DOO;11276.06;18;0.00
2026;89984707202;MLADI ZA DOMOVINU;11250.00;2;0.00
2026;17834732750;KULTURNI KLUB;11200.00;4;0.00
2026;97860114477;KULTURNO UMJETNIČKO DRUŠTVO KAŠINA;11200.00;3;0.00
2026;93663898882;INSTITUT SANJA IVEKOVIĆ;11165.00;4;0.00
2026;26028100809;FOTO KLUB ZAGREB;11115.00;3;0.00
2026;31826778222;CENTAR ZA KAZALIŠTE POTLAČENIH POKAZ;11100.00;3;0.00
2026;60755958894;PARKLIO DOO;11084.69;2;0.00
2026;41683226810;INSTITUT ZA JAVNE FINANCIJE;11080.00;3;0.00
2026;94081753133;AUTOBAHN DOO;11061.00;10;0.00
2026;97546343151;ODVJETNIČKO DRUŠTVO MILIČEVIĆ I ŠUPUKOVIĆ DOO;11001.36;4;0.00
2026;31353703983;GEO OMEGA DOO;10950.00;8;0.00
2026;76960385342;VE LA STUDIO DOO;10858.81;1;0.00
2026;79513253561;RUMAT DOO;10855.12;256;0.00
2026;99828219950;3PM MEDIA DOO;10687.50;2;0.00
2026;84170114747;INŽENJERSKI BIRO D.D.;10675.00;3;0.00
2026;93236267940;VITALMAX USLUGE DOO;10631.25;38;0.00
2026;84691119186;UDRUGA ZA RAZVOJ I PODRŠKU FRANCUSKE MEĐUNAR ŠKOLE U ZAGREBU;10517.05;8;0.00
2026;09508149024;UDRUGA ZA PROMICANJE KNJIŽEVNOSTI I KULTURE SKRIBONAUTI;10500.00;1;0.00
2026;49410722599;PETNAESTA UMJETNOST DOO ZA TV I FILMSKU PRODUKCIJU;10500.00;1;0.00
2026;41069344205;KAJKAVSKO SPRAVIŠĆE;10500.00;3;0.00
2026;70751523669;LAB 852 D.O.O. ZA PROMIDŽBU;10500.00;2;0.00
2026;44424423718;AKADEMSKI ZBOR FIL. FAKULTETA U ZAGREBU CONCORDIA DISCORS;10500.00;1;0.00
2026;24609562673;PRIVATNA KLASIČNA GIMNAZIJA;10437.18;9;0.00
2026;89028615099;BENUSSI THE FISH JDOO;10425.00;3;0.00
2026;13653098314;ENERGONOVA D.O.O.;10425.00;1;0.00
2026;33118456329;STRUCTURA CONSULTING ENGINEERING DOO;10415.94;9;0.00
2026;50704666880;UMJETNIČKA ORGANIZACIJA NIKAD KRAJA;10330.00;3;0.00
2026;23064700393;INSTITUT ZA SUVREMENU UMJETNOST;10325.00;1;0.00
2026;45263394181;SAVEZ UDRUGA - HRVATSKI SABOR KULTURE;10200.00;10;0.00
2026;79343504226;ZAGREBAČKI KARTING SAVEZ;10176.54;7;0.00
2026;29858989302;PRONA - GRAD DOO;10165.08;5;0.00
2026;57615715265;KUD DRAGUTIN DOMJANIĆ ADAMOVEC;10150.00;2;0.00
2026;49928932571;BUNT ART J.D.O.O. ZA USLUGE;10150.00;1;0.00
2026;38256932197;GIMNAZIJA I EKONOMSKA ŠKOLA BENEDIKTA KOTRULJEVIĆ S.P.J.;10099.24;4;0.00
2026;24124881324;SAVEZ UDRUGA PEDAGOGA TEHNIČKE KULTURE ZAGREBA;10064.51;7;0.00
2026;65208209102;UMJETN ORGANIZACIJA KAZALIŠNA  DRUŽINA TEATAR PUNA KUĆA;10000.00;6;0.00
2026;65417376510;UDRUGA SUPERVAL;10000.00;2;0.00
2026;82409054661;MEDIART INTERNATIONAL;10000.00;2;0.00
2026;47481627827;REHABILITACIJSKI CENTAR ZA STRES I TRAUMU;10000.00;1;0.00
2026;81963437417;GRAD ČAZMA;10000.00;1;0.00
2026;84365203685;UMJETNIČKA ORGANIZACIJA JAVNI PROSTOR;10000.00;1;0.00
2026;69330146396;ALERT DOO;9998.75;1;0.00
2026;92923187236;ALL MARKET MEDIA DOO;9940.54;7;0.00
2026;37363837470;DRŽAVNI ARHIV U ZAGREBU;9847.77;8;0.00
2026;92833007025;KAZALIŠTE HOTEL BULIĆ;9800.00;2;0.00
2026;52974363766;INSTITUT TOMISLAV GOTOVAC;9800.00;2;0.00
2026;72779993744;KULTURNO UMJETNIČKO DRUŠTVO CROATIA;9800.00;1;0.00
2026;29948731533;HRVATSKI OGRANAK ASIFA;9800.00;4;0.00
2026;38247477481;F.I.L.D. PROJEKT D.O.O.;9750.00;6;0.00
2026;04406269319;UDRUGA JUČER DANAS SUTRA -PLATFORMA ZA AUDIOVIZUALNA ISTR.;9730.00;3;0.00
2026;43192548848;PROFIL KNJIGA D.O.O.;9690.00;2;0.00
2026;57189591567;VATROPROMET D.O.O.;9688.63;2;0.00
2026;61390726555;MONEL UPRAVLJANJE DOO;9672.79;67;0.00
2026;56567405816;SMAGRA D.O.O.;9600.00;3;0.00
2026;25342430618;UDRUGA BOJE;9600.00;1;0.00
2026;92738680199;UDRUGA DUGINE OBITELJI;9576.50;1;0.00
2026;43137553684;KLUB ZA OBUKU SLUŽBENIH I SPORTSKIH PASA ZAGREBA;9568.00;1;0.00
2026;32662225304;MJEŠOVITI PJEVAČKI ZBOR INA;9567.00;3;0.00
2026;21078598307;ONDA ARHITEKTURA DOO ZA USLUGE;9460.50;4;0.00
2026;57372288540;KUD DRAGUTIN DOMJANIĆ;9450.00;1;0.00
2026;48953641019;HRVATSKI SAVEZ GLUHOSLIJEPIH OSOBA - DODIR;9450.00;4;0.00
2026;59999692487;SAVEZ UDRUGA KLUBTURA;9450.00;2;0.00
2026;85898756579;K.G.V.H. EKO D.O.O.;9382.27;9;0.00
2026;43097527965;SVEUČILIŠTE U ZAGREBU TEKSTILNO TEHNOLOŠKI FAKULTET;9375.00;1;0.00
2026;03749861205;ZAGREBAČKI SAVEZ CB RADIOKLUBOVA;9287.35;7;0.00
2026;34902658865;FUGGER D.O.O.;9282.88;64;0.00
2026;47892285786;CENTAR ZA KNJIGU;9100.00;2;0.00
2026;12461574157;MARMOT - MALA AUTORSKA RADIONICA MEĐUODNOSA OBJEKTIVA I TIJE;9100.00;1;0.00
2026;26597112845;HSPD PODGORAC GRAČANI;9100.00;1;0.00
2026;82033688960;ANSAMBL ZA RANU GLAZBU MINSTREL;9100.00;1;0.00
2026;51629434968;UDRUGA KAZALIŠTE, VIZUALNE UMJETNOSTI I KULTURA GLUHIH-DLAN;9100.00;3;0.00
2026;62428114050;ADEO D.O.O.;9087.50;3;0.00
2026;76901428643;APZ HIDRIA D.O.O.;9080.00;3;0.00
2026;33039197637;BANKA KOVANICA D.D.;9074.50;8;0.00
2026;09645373033;OPUSGEO DOO ZA PROJEKTIRANJE GRAĐENJE I NADZOR;9000.00;1;0.00
2026;93604401369;UDRUGA PRAGMA;8751.22;1;0.00
2026;35409850545;SANCTA DOMENICA DOO;8669.50;3;0.00
2026;30412018193;BORONGAJ INVEST DOO;8651.16;32;0.00
2026;27355904472;ODVJETNIČKO DRUŠTVO MAĐARIĆ & LUI;8588.75;9;0.00
2026;80739623528;AB GRADNJA DOO;8572.30;1;0.00
2026;14155634297;PARTNER GRADNJA D.O.O.;8559.78;2;0.00
2026;97662921077;AUTOTRANSPORT KARLOVAC D.D.;8509.78;8;0.00
2026;75866788318;STUDIO A D.O.O. ZA USLUGE U ARHITEKTURI;8482.21;4;0.00
2026;17456464878;UMJETNIČKA ORGANIZACIJA TEATAR ERATO;8400.00;1;0.00
2026;57029260362;FAKULTET ELEKTROTEHNIKE I  RAČUNARSTVA;8400.00;1;0.00
2026;15153806088;BONOBOSTUDIO D.O.O.;8400.00;1;0.00
2026;91216625495;GUDAČKI KVARTET SEBASTIAN;8400.00;1;0.00
2026;07426507766;UMJETNIČKA ORGANIZACIJA THEARTE;8400.00;1;0.00
2026;16045431107;HRVATSKO DRUŠTVO COLLEGIUM PRO ARTE;8400.00;2;0.00
2026;14258208397;UDRUGA NAS DVE;8400.00;1;0.00
2026;53663436790;TRSTENIK-ELEKTRONIKA D.O.O.;8377.50;1;0.00
2026;26314002934;KRIZANTEMA USLUGE D.O.O.;8303.20;5;0.00
2026;72169598754;ADVENTURE SPIRIT DOO;8220.00;1;0.00
2026;64520260081;GLAZBENA ŠKOLA BONAR;8215.70;6;0.00
2026;38110026192;ZAGREBAČKI ODBOJKAŠKI SAVEZ;8212.20;2;0.00
2026;88272610658;CIVIL PLAN DOO;8200.00;10;0.00
2026;31214705045;C5 KONCEPT D.O.O. ZA USLUGE;8182.00;6;0.00
2026;61394757132;CENZUS D.O.O. ZA PROMET ROBE I USLUGA;8125.55;5;0.00
2026;67059989656;TROTOČKA DOO;8125.00;1;0.00
2026;34463635930;UDRUGA HRVATSKIH BRANITELJA LIJEČENIH OD PTSP POREMEĆAJA;8076.00;7;0.00
2026;32665880846;AKADEMSKI ZBOR BAZILIKE SRCA ISUSOVA U ZAGREBU PALMA;8050.00;1;0.00
2026;32415362804;HRVATSKO DRUŠTVO PROFESIONALNIH BALETNIH UMJETNIKA;8050.00;3;0.00
2026;56212778807;HRVATSKA UDRUGA ORKESTRALNIH I KOMORNIH UMJETNIKA;8050.00;2;0.00
2026;86743344470;HRVATSKO GRAFIČKO GLAZBENO DRUŠTVO SLOGA;8050.00;2;0.00
2026;07189160632;ALFA D.D. ZA IZDAVAČKE, GRAFIČKE I TRGOVAČKE POSLOVE;8040.00;3;0.00
2026;70331410076;DESKON STUDIO JDOO;8025.00;4;0.00
2026;83186494780;ARDENTO DOO ZA SAVJETOVANJE USLGUGE I TRGOVINU;8000.00;1;0.00
2026;56924649846;ISUSOVAČKA SLUŽBA ZA IZBJEGLICE;8000.00;1;0.00
2026;04793265171;DIORAMA DOO ZA PROJEKTIRANJE I NADZOR;8000.00;2;0.00
2026;98175920641;ZANI DOO;8000.00;1;0.00
2026;42585481793;ODVJETNIČKO DRUŠTVO KOVAČIĆ I PINJUH DOO;7973.59;2;0.00
2026;61126612614;LOVAČKO DRUŠTVO SOKOL STUPNIK;7950.00;2;0.00
2026;21789069512;MATMETAL SISTEM D.O.O. ZA TRGOVINU PROIZVODNJU USL. I GRADIT;7911.63;2;0.00
2026;81460524884;ZAGREBAČKI PARASPORTSKI SAVEZ;7873.10;2;0.00
2026;32247795989;CROATIA BANKA ZAGREB;7830.73;23;0.00
2026;55162033231;IZVAN FOKUSA DOO;7700.00;1;0.00
2026;63621765720;DRUŠTVO POVJESNIČARA UMJETNOSTI HRVATSKE;7700.00;1;0.00
2026;82381111852;PETIKAT-UMJETNIČKA RADIONICA;7700.00;2;0.00
2026;48954570891;KOMIKAZE;7700.00;2;0.00
2026;28048960411;MUZEJSKI DOKUMENTACIJSKI CENTAR;7700.00;1;0.00
2026;27421023481;UMJETNIČKA ORGANIZACIJA TOČKA NA I;7700.00;2;0.00
2026;34130619322;AKADEMSKI FILMSKI KLUB;7700.00;3;0.00
2026;92298427295;UČILIŠTE ZA LIKOVNO OBRAZOVANJE STUDIO TANAY;7700.00;3;0.00
2026;98085750114;MOTOVUN FILM FESTIVAL;7700.00;2;0.00
2026;34421776805;ELEX ZA PROIZVODNJU MONTAŽU I TRGOVINU;7690.00;1;0.00
2026;03477599603;ODVJETNIČKI URED MARKO KOLANOVIĆ;7679.85;1;0.00
2026;48249084626;COMET PROIZVODNJA TRGOVINA I USLUGE DOO;7606.20;2;0.00
2026;47135235754;LATINA ET GRAECA INSTITUT ZA KLASIČNE JEZIKE I ANTIČKU CIVI.;7600.00;3;0.00
2026;56710900028;CEW INŽENJERING DOO;7562.31;15;0.00
2026;08692235081;HRVATSKA SOCIJALNO LIBERALNA STRANKA GO GRAD ZAGREB;7560.00;2;0.00
2026;75454185661;OPĆINA BISTRA;7539.25;1;0.00
2026;20023728589;GROWTH STRATEGIES DOO;7526.23;7;0.00
2026;00642324168;UMJETNIČKA ORGANIZACIJA KATANA;7525.00;3;0.00
2026;44773162071;PANO ARHITEKTURA DOO;7511.00;1;0.00
2026;51165481090;PULLULO DOO;7430.00;35;0.00
2026;05982228231;SVILAN DOO;7415.88;10;0.00
2026;45123367654;UMJETNIČKA ORGANIZACIJA MALI TEATAR PETIT TEATAR;7400.00;3;0.00
2026;94694539623;KUDUMIJA DOO;7362.50;1;0.00
2026;25040735127;ITS-CONSULTING D.O.O.;7350.00;6;0.00
2026;06151137398;ODVJETNIČKO DRUŠTVO POCRNIĆ I SPIZ JTD;7282.38;2;0.00
2026;96743361297;G. I. M. GRAĐENJE D.O.O.;7282.00;5;0.00
2026;85986018932;HRVATSKA KOMORA ARHITEKATA;7280.00;1;0.00
2026;44722882085;UMJETNIČKA ORGANIZACIJA FAKIN TEATAR;7280.00;2;0.00
2026;76506138139;ARS KOPIJA D.O.O.;7266.18;6;0.00
2026;96610468217;HANGAR 7 D.O.O. ZA USLUGE PROMOCIJE;7210.00;2;0.00
2026;58624248125;NEZAVISNA LISTA TOMISLAVA JONJIĆA JEDINO HRVATSKA;7200.00;2;0.00
2026;52853709191;DOMOVINSKI POKRET;7200.00;2;0.00
2026;17497489416;SPP DOO;7140.00;1;0.00
2026;38923369367;PLES I DIJETE-DANCE AND THE CHILD INTERNAT. -DACI HRVATSKA;7140.00;3;0.00
2026;46029483587;DOMUS UPRAVLJANJE DOO;7128.04;28;0.00
2026;54331164416;UMJETNIČKA ORGANIZACIJA KAZALIŠNA DRUŽINA SMJEŠKO;7120.00;3;0.00
2026;55345087244;JURCON PROJEKT D.O.O.;7103.07;2;0.00
2026;03202982606;KOAUTORSKA INICIJATIVA OOUR;7100.00;4;0.00
2026;47999611775;UMJETNIČKA ORGANIZACIJA KALAMOS KVINTET;7070.00;2;0.00
2026;73199055285;UMJETNIČKA ORGANIZACIJA KAZALIŠNA DRUŽINA CIRK POZOR;7021.00;5;0.00
2026;98079087430;SAMOBORSKI UDARALJKAŠI;7000.00;1;0.00
2026;01829139876;BETON UDURGA ZA OSNAŽIVANJE LOKALNE ZAJEDNICE;7000.00;1;0.00
2026;33811646492;UMJETNIČKA ORGANIZACIJA KAZALIŠNA DRUŽINA MAŠINA IGRA;7000.00;1;0.00
2026;01287108824;UDRUGA SLAVONSKA RAPSODIJA;7000.00;2;0.00
2026;73921748059;KULTURNO - UMJETNIČKO DRUŠTVO KLAS PODSUSED;7000.00;1;0.00
2026;86007567711;UDRUGA ZA PROMICANJE KVALITETE ŽIVLJENJA MOJ SVIJET;7000.00;1;0.00
2026;39566051156;UMJETNIČKA ORGANIZACIJA KOBRA KOKE;7000.00;1;0.00
2026;10092526969;UMJETNIČKA ORGANIZACIJA SPECIJALNI EFEKTI;7000.00;1;0.00
2026;37542157991;GUDAČKI KVARTET RUCNER;7000.00;1;0.00
2026;84577446823;UMJETNIČKA ORGANIZACIJA FILM;7000.00;1;0.00
2026;22344395172;D2M STUDIO DOO ZA USLUGE;7000.00;1;0.00
2026;72558124188;KULTURNO UMJETNIČKA UDRUGA PROMO-ART;7000.00;2;0.00
2026;88596783413;UMJETNIČKA ORGANIZACIJA APLAUZ TEATAR;7000.00;1;0.00
2026;21347409553;GUDAČKI KVARTET PORIN;7000.00;1;0.00
2026;69027569767;HRVATSKA SEKCIJA AICA;7000.00;1;0.00
2026;02570282389;UMJETNIČKA ORGANIZACIJA TRES PAS;7000.00;1;0.00
2026;74145853679;ASCON INSTITUT D.O.O. ZA DJELATNOSTI U GRAĐEVINARSTVU;6982.00;5;0.00
2026;22938688079;AG PROJEKT DOO;6954.19;8;0.00
2026;98729360320;AVANTI TRAVEL D.O.O.;6937.50;17;0.00
2026;15409936625;STAKLO ALUMONT BELJO DOO;6921.89;24;0.00
2026;15058579538;UMJETNIČKA ORGANIZACIJA OS;6900.00;3;0.00
2026;58266156757;ZRIN D.O.O.;6881.25;3;0.00
2026;41387373932;HRVATSKA IZVJEŠTAJNA NOVINSKA AGENCIJA;6858.75;13;0.00
2026;81103558092;E ON ENERGIJA D.O.O. ZA OPSKRBU ENERGIJOM;6842.26;7;0.00
2026;12000190551;UDRUGA VESTIGIUM;6837.00;3;0.00
2026;41775268569;UMJETNIČKA ORGANIZACIJA YELO ZA INTERDISCIPLIN UMJETN PROCES;6800.00;3;0.00
2026;17682838273;SOLUS AEDIFICATOR D.O.O.;6800.00;4;0.00
2026;32286915975;BRUNATA D.O.O.;6797.65;70;0.00
2026;28251263363;ANSAMBL NARODNIH PLESOVA I PJESAMA HRVATSKE LADO;6790.00;2;0.00
2026;26138648876;UDRUGA ZA RAZVOJ CIRKUSKIH I IZVEDBENIH UMJ TRICYCLE TRAUMA;6770.00;7;0.00
2026;99326633206;IMEX BANKA D.D. SPLIT, PODRUŽNICA ZAGREB;6751.50;8;0.00
2026;35649512672;NI AL DOO;6750.00;2;0.00
2026;50481342682;PROSPECTUS DOO;6739.69;1;0.00
2026;72602155595;MGV D.O.O.;6690.00;3;0.00
2026;25979829037;DOBROVOLJNO VATROGASNO DRUŠTVO KAŠINA;6650.00;1;0.00
2026;03542351591;KUD BUKOVAC;6600.00;2;0.00
2026;46818705329;GALKO D.O.O.;6558.75;1;0.00
2026;29005509482;STYRIA MEDIJSKI SERVISI D.O.O.;6504.06;5;0.00
2026;03492821167;NOVI INFORMATOR D.O.O.;6495.41;5;0.00
2026;40935660435;PRIVATNA GIMNAZIJA I EKONOMSKA ŠKOLA KATARINA ZRINSKI;6448.59;7;0.00
2026;14609641644;DRUŠTVO PRIJATELJA GLAGOLJICE;6440.00;2;0.00
2026;81445060121;KLIOFEST UDRUGA ZA PROMICANJE KULTURE POVIJESTI;6400.00;3;0.00
2026;25327722351;KULTURNO UMJETNIČKA UDRUGA STARO BRESTJE;6300.00;1;0.00
2026;86685688913;UMJETNIČKA ORGANIZACIJA PROVINCIJA;6300.00;1;0.00
2026;58992153451;"KUD "" SV. ANA "" ODRANSKI OBREŽ";6300.00;1;0.00
2026;52827984480;DRUŠTVO DIPL.ING. I PRIJATELJA KEMIJSKO-TEHNOLOŠKOG STUDIJA;6300.00;2;0.00
2026;97062980715;UMJETNIČKA ORGANIZACIJA NAE ANSAMBL;6300.00;1;0.00
2026;05870060725;UMJETNIČKA ORGANIZACIJA KAZALIŠNA DRUŽINA REBEL;6300.00;1;0.00
2026;48856791266;KLUB DJEČJEG FITNESSA DANCE ACADEMY;6265.00;1;0.00
2026;94266637361;ZAGREBAČKI ATLETSKI SAVEZ;6250.00;1;0.00
2026;47976493474;ZAGREBAČKI BRIDŽ SAVEZ;6250.00;2;0.00
2026;48567510815;BRODIĆ PROMET D.O.O.;6245.15;35;0.00
2026;70121237048;KRNJEVO D.O.O. RIJEKA;6243.50;1;0.00
2026;83442273157;ZAVOD ZA UNAPREĐIVANJE SIGURNOSTI D.D.;6237.50;1;0.00
2026;64390466547;WOODLAND OBRT ZA USLUGE VL IVANA ŽERDIN ŠARAN;6212.17;6;0.00
2026;86341348358;STILUS KNJIGA DOO;6200.00;2;0.00
2026;45687756792;HENA COM D.O.O. ZA NAKLADNIŠTVO;6200.00;2;0.00
2026;19904220725;DRUŠTVO ZA OBLIKOVANJE ODRŽIVOG RAZVOJA;6200.00;2;0.00
2026;53605452522;UMJETNIČKA ORGANIZACIJA ANSAMBL SUV.PLESA VEM-ED.-PL.-CENTAR;6200.00;3;0.00
2026;29771009387;GEA D DOO;6187.50;1;0.00
2026;87125834571;HRVATSKO GEODETSKO DRUŠTVO;6180.00;5;0.00
2026;20825618312;ETHNO D.O.O. ZA PLESNO - GLAZBENU PODUKU;6150.00;3;0.00
2026;94389034474;MORSKI LAV DOO;6132.50;1;0.00
2026;49337502853;REPUBLIKA HRVATSKA - DRŽAVNI ZAVOD ZA STATISTIKU;6132.00;6;0.00
2026;99378970678;EXPERTPLAN DOO;6125.00;1;0.00
2026;17752214186;POSLOVNA SIGURNOST DOO;6125.00;1;0.00
2026;26104884616;ATV ELECTRONIC DOO;6125.00;1;0.00
2026;71794600944;FRANCUSKA ALIJANSA ZAGREB;6090.00;1;0.00
2026;63264844366;GEO MEDIA D.O.O. ZA GEODETSKE POSLOVE;6075.00;1;0.00
2026;03895408660;ZAJEDNIČKI ODVJETNIČKI URED GORAN RUŽIĆ I MAJA SAMBOLEK;6048.59;2;0.00
2026;09758463513;GIFTICO DOO;6043.39;3;0.00
2026;74012772861;DI PLAN DOO ZA PROJEKTIRANJE I NADZOR I USLUGE;6038.80;5;0.00
2026;94199493045;SOLUS DOO ZA TRGOVINU I USLUGE;6021.26;1;0.00
2026;26240899420;MICHEL DOO;6015.77;4;0.00
2026;33000290090;LOVAČKO DRUŠTVO PREPELICA;6000.00;1;0.00
2026;79538371339;HSLD VEPAR ČUČERJE;6000.00;1;0.00
2026;85625941652;MREŽA ANTIFAŠISTKINJA ZAGREBA;6000.00;1;0.00
2026;26900631235;LOVAČKO DRUŠTVO ŽUNA ZAGREB;6000.00;1;0.00
2026;44880880632;LOVAČKA UDRUGA SRNDAČ DRAGONOŽEC;6000.00;1;0.00
2026;22840169081;LOVAČKO DRUŠTVO PRIRODA SESVETE;6000.00;1;0.00
2026;22673645134;LOVAČKO DRUŠTVO FAZAN BELOVAR MORAVČE;6000.00;1;0.00
2026;10125150281;LOVAČKA UDRUGA LUG;6000.00;1;0.00
2026;10343474075;UDRUGA ZA PROMICANJE RADNIH POTENCIJALA RADIT;6000.00;1;0.00
2026;90241099244;KUD VRHOVJE ŽUPE DUBRANEC;6000.00;3;0.00
2026;48553989812;KULTIPRAKTIK -UDRUGA ZA KREAKCIJU;5950.00;1;0.00
2026;14388151188;KULTURNO UMJETNIČKO DRUŠTVO MLADOST;5950.00;2;0.00
2026;71050182264;KULTURNO UMJETNIČKO DRUŠTVO VRAPČANCI;5950.00;2;0.00
2026;56690743343;UMJETNIČKA ORGANIZACIJA KLUBVIZIJA;5950.00;3;0.00
2026;89507962936;PROJEKT DANAS DOO ZA PROJEKTIRANJE I USLUGE;5950.00;2;0.00
2026;92392153860;HRVATSKO LIKOVNO DRUŠTVO;5950.00;4;0.00
2026;12091168733;HRVATSKA KNJIŽNICA ZA SLIJEPE;5950.00;2;0.00
2026;23399211423;UMJETNIČKA ORGANIZACIJA TRANZICIJSKO FIKCIJSKO KAZALIŠTE;5950.00;2;0.00
2026;94395426370;SMART SENSE DOO;5875.00;1;0.00
2026;97681940739;MOJO POWER SOUTHEAST EUROPE DOO;5873.38;2;0.00
2026;72405427313;NUBIS ECO DOO;5870.00;1;0.00
2026;79761663049;IPZ - NISKOGRADNJA D.O.O.;5860.61;6;0.00
2026;63620386925;PRVA PRIVATNA GIMNAZIJA;5859.59;9;0.00
2026;35536574301;MAGIĆMARINAC DOO ZA PROMIDŽBU I DIZAJN;5853.90;2;0.00
2026;67945038185;SAVEZ  ROMA U RH KALI SARA;5850.00;4;0.00
2026;89113223855;PRIVATNA GIMNAZIJA I STRUKOVNA ŠKOLA SVIJET S PRAVOM JAVNOST;5812.39;5;0.00
2026;75967310293;ŠTETIĆ JDOO ZA GRADITELJSTVO I USLUGE;5800.00;1;0.00
2026;50017293225;UDRUGA ZA PROMOCIJU KLAPA I KLAPSKE PJESME ARMORIN;5800.00;3;0.00
2026;28478037554;PRORSUS KOMUNIKACIJE DOO;5793.75;2;0.00
2026;52199176078;PRIVATNA GLAZBENA ŠKOLA IVA KUPREŠAK;5735.51;5;0.00
2026;89621078419;GRADNJAMONT DOO;5700.00;1;0.00
2026;43952000920;UMJETNIČKA ORGANIZACIJA SHOOMA;5650.00;2;0.00
2026;99965974590;ARANEA TOYS DOO;5647.50;1;0.00
2026;50648199131;HOOKUP DOO;5611.45;1;0.00
2026;22224265669;HUMANISTIČKA GIMNAZIJA;5610.47;3;0.00
2026;87193551278;AUTORSKI STUDIO FOTOGRAFIJA FILM VIDEO;5600.00;3;0.00
2026;80888915470;ZAGREB PRIDE;5600.00;1;0.00
2026;66044886147;POZITIVAN RITAM DOO;5600.00;1;0.00
2026;46740140320;PJEVAČKA UDRUGA CANTUS ANTE OMNIA;5600.00;1;0.00
2026;37274655922;PARI PIKULE;5600.00;1;0.00
2026;49389702900;UMJETNIČKA ORGANIZACIJA AKUSTIČNI PROJEKT;5600.00;1;0.00
2026;16523061708;UDRUGA GLUHOSLIJEPIH OSOBA GRADA ZAGREBA;5600.00;2;0.00
2026;15680087866;UMJETNIČKA ORGANIZACIJA ANIMA;5600.00;3;0.00
2026;49426998734;HRVATSKO DRUŠTVO FILMSKIH KRITIČARA;5600.00;2;0.00
2026;90861994030;KOLEKTIRV I ZA PRAVA TRANS INTERSPOL I RODNO VARIJANTNIH OSB;5600.00;1;0.00
2026;48892892238;HRVATSKE BLUES SNAGE;5590.00;4;0.00
2026;74228338976;AVITEH DOO;5548.56;5;0.00
2026;25556000063;ANICET D.O.O. ZA GRADNJU;5500.00;2;0.00
2026;25410051374;FAKULTET PROMETNIH ZNANOSTI;5497.50;5;0.00
2026;67115830398;PRIVATNA ŠKOLA FUTURA;5459.02;7;0.00
2026;13098814054;PRIVATNA UMJETNIČKA GIMNAZIJA;5451.76;7;0.00
2026;93646862721;IVELSO PROJEKT DOO;5450.00;2;0.00
2026;33615517007;MULTIGRAD DOO ZA TRGOVINU I USLUGE;5445.26;2;0.00
2026;65839790120;URED OIG MIRKO LEŽ;5437.50;1;0.00
2026;25583342364;NAKLADA SEMAFORA D.O.O.;5390.00;1;0.00
2026;87650990470;GIMNAZIJA MARUL;5381.95;7;0.00
2026;85323749202;HUDEC PLAN D.O.O.;5375.28;3;0.00
2026;86170416512;DOMAK D.O.O.;5309.71;7;0.00
2026;09438013402;MAŽORETKINJE GRADA ZAGREBA;5261.90;1;0.00
2026;94472454976;ADRIATIC OSIGURANJE D.D.;5261.13;3;0.00
2026;78328494160;SAVEZ ANTIFAŠISTIČKIH BORACA I ANTIFAŠISTA RH;5250.00;1;0.00
2026;61734305909;GRADSKI OGRANAK UHDR GRADA ZAPREŠIĆA;5250.00;1;0.00
2026;61763011172;KAZALIŠTE ULYSSES;5250.00;1;0.00
2026;19702214044;PRODITUS DOO;5250.00;2;0.00
2026;23594185303;MJEŠOVITI PJEVAČKI ZBOR LIRA;5250.00;1;0.00
2026;28227230061;MJEŠOVITI PJEVAČKI ZBOR EMIL COSSETTO;5250.00;1;0.00
2026;82618932537;KOSTANJEVEC DIMOVODNI SUSTAVI DOO;5223.69;2;0.00
2026;63464742923;SLOBODAN ULAZ;5200.00;2;0.00
2026;48674189572;UDRUGA KULTURA NOVA;5200.00;2;0.00
2026;89545645755;GLAZBENA ŠKOLA LADISLAV RAČIĆ;5154.97;5;0.00
2026;33706439962;DRŽAVNI INSPEKTORAT;5138.67;3;0.00
2026;09312145457;VIACON D.O.O. ZA PROJEKTIRANJE I STR. NADZOR GRAĐENJA;5100.00;2;0.00
2026;38967655335;ŠKOLSKA KNJIGA D.D.;5091.83;6;0.00
2026;59660923775;TRAS STUDIO;5040.00;3;0.00
2026;86825795303;DEBRAKO DOO;5008.55;1;0.00
2026;62813807687;INSTITUT ZA STRUČNO USAVRŠAVANJE MLADIH;5000.00;1;0.00
2026;39620501429;DRUŠTVO TJELESNIH INVALIDA;5000.00;2;0.00
2026;87103856515;CENTAR ZA NEURORAZVOJNU INTEGRACIJU REFLEKSA;5000.00;1;0.00
2026;13425322985;JEDNA TOČKA JDOO;5000.00;1;0.00
2026;86002489770;UMJETNIČKA ORGANIZACIJA HATHOR;5000.00;2;0.00
2026;35152330571;JORDANOVAC REKLAMNI PROIZVODI DOO;5000.00;1;0.00
2026;43385851664;JAVOROVIĆ IDŽOJTIĆ I PARTNERI J.T.D.;5000.00;5;0.00
2026;81147660145;UMJETNIČKA ORGANIZACIJA KINOTTES;5000.00;2;0.00
2026;87965978210;AGEMA CENTAR DOO;4999.00;1;0.00
2026;98611931145;ECO PROJEKT DOO;4987.50;1;0.00
2026;70822295674;NOVI ZVUK DOO;4975.00;1;0.00
2026;79612787745;AVR DOO;4968.99;2;0.00
2026;79446233150;MEĐUNARODNA ZRAČNA LUKA ZAGREB DD;4960.88;1;0.00
2026;72279574855;PROENTARIS DOO;4940.10;1;0.00
2026;49155859202;QUEER SPORT UDRUGA ZA SPORT I ZDRAVLJE;4918.65;1;0.00
2026;25531283613;SELMET D O O;4903.75;7;0.00
2026;76237150000;741 UDRUGA ZA PROMICANJE PLESA UMJETNOSTI I KVALIT ŽIVLJENJA;4900.00;1;0.00
2026;08264522179;MODERNA VREMENA INFO D.O.O.¸;4900.00;1;0.00
2026;37303149663;KULTURNO - UMJETNIČKO DRUŠTVO OPOROVEC;4900.00;2;0.00
2026;46079083717;UDRUGA OTOMPOTOM;4900.00;2;0.00
2026;65060530007;CENTAR ZA GLAZBU ZAGREB;4900.00;1;0.00
2026;16014950561;KAOS DOO;4900.00;1;0.00
2026;67133767603;KUD FRANKOPAN REMETE;4900.00;1;0.00
2026;66592376787;UMJETNIČKA ORGANIZACIJA CENTRIMETAR OSTATKA MMENT;4900.00;1;0.00
2026;73327808999;BELETRA JDOO ZA IZDAVAŠTVO I TRGOVINU;4900.00;4;0.00
2026;17461980919;IMAGINATION UDRUGA ZA KREATIVNOST I DRUŠTVENI RAZVOJ;4900.00;1;0.00
2026;04338763558;FESTIVAL SUVREMENOG ŽIDOVSKOG FILMA ZAGREB;4900.00;2;0.00
2026;42653355224;PIPSER DOO ZA TRGOVINU I USLUGE;4900.00;1;0.00
2026;04275434760;OSNOVNA WALDROFSKA ŠKOLA SVETI JURAJ;4895.87;3;0.00
2026;60260099259;AKTER PUBLIC DOO;4875.00;5;0.00
2026;34430285985;HRVATSKA UDRUGA ZA ZAŠTITU POTROŠAČA;4850.00;1;0.00
2026;51629932097;A2Z SOLUTIONS DOO;4825.05;1;0.00
2026;07699719217;SVEUČILIŠTE U ZAGREBU FAKULTET ŠUMARSTVA I DRVNE TEHNOLOGIJE;4813.75;4;0.00
2026;28038034611;BB STRUCTURALIS DOO;4800.00;1;0.00
2026;62908105506;BOOKGLOBE - STRANA KNJIŽARA D.O.O.;4800.00;2;0.00
2026;64877402698;B2ING DOO;4800.00;1;0.00
2026;18376805890;RRIF PLUS D.O.O.;4757.30;5;0.00
2026;16690651659;ARBORI CULTURA DOO ZA TRGOVINU I USLUGE;4750.00;1;0.00
2026;53711580512;HEROON DOO;4750.00;1;0.00
2026;31749668239;PLANET GEODEZIJA JDOO;4745.25;17;0.00
2026;36974788949;TELEGRAM MEDIA GRUPA D.O.O.ZA IZDAVAŠTVO I PRUŽANJE INT.USL.;4716.00;4;0.00
2026;68430249539;ZAGREBAČKA NAKLADA D O O ZA NAKLADNIČKU DJELATNOST I TRGOVIN;4690.00;1;0.00
2026;01971948897;IT PRAXIS DOO;4687.50;1;0.00
2026;17555443112;TERMOTEHNIČKI INŽENJERING D.O.O.;4629.30;4;0.00
2026;77583789735;TRINDUS EKSPERT DOO;4587.50;22;0.00
2026;98902890640;INSTITUT ZA ODRŽIVOST OKOLIŠ I PRIRODNE ZNANOSTI VIGEA;4585.00;1;0.00
2026;03905770964;MUŠKI VOKALNI ANSAMBL ŠPANSKO;4550.00;1;0.00
2026;52667461002;DRUŠTVO ZA KULTURU I UMJETNOST I. K. SAKCINSKI;4550.00;2;0.00
2026;82593300917;ELEMENTO CONTENT DOO;4530.39;20;0.00
2026;96202266101;SIRIUS - CENTAR ZA PSIHOLOŠKO SAVJETOVANJE, EDUK. I ISTRAŽ.;4500.00;1;0.00
2026;03944118832;OTVORENA RAČUNALNA RADIONICA SVI SMO PROTIV;4500.00;1;0.00
2026;99537953083;HYSTERIA DOO;4500.00;1;0.00
2026;76699990208;CENTAR ZA INKLUZIVNE RADNE AKTIVNOSTI;4500.00;1;0.00
2026;02062417239;UDRUGA NIKOLA TESLA - GENIJ ZA BUDUĆNOST;4500.00;1;0.00
2026;82395099569;HRVATSKO DEBATNO DRUŠTVO;4500.00;1;0.00
2026;85401974379;EKONOMSKO PROJEKTNI CENTAR DOO;4488.75;7;0.00
2026;76114393461;MARKOVIĆ MARKO;4483.98;1;0.00
2026;02837824881;VEEMEE DOO;4450.00;3;0.00
2026;72910430276;MINISTARSTVO PRAVOSUĐA, UPRAVE I DIGITALNE TRANSFORMACIJE;4435.00;157;0.00
2026;37919840816;ŠKRINJICA D.O.O.;4430.00;1;0.00
2026;42694751279;AUDIO PRO ARTIST D.O.O. ZA TRGOVINU I USLUGE;4406.25;4;0.00
2026;06472773387;FSI GRUPA DOO;4375.00;1;0.00
2026;65845322221;VIZIBIT DOO;4375.00;1;0.00
2026;77808965838;TOMISLAV VITKOVIĆ D.O.O.;4347.00;12;0.00
2026;96640664464;UMJETNIČKA ORGANIZACIJA ISTOVREMENO;4340.00;3;0.00
2026;52885317777;DERATIZACIJA GOSPIĆ DOO;4322.31;2;0.00
2026;66600467059;NATILLUM DOO;4322.00;4;0.00
2026;30242188200;UMJETNIČKA ORGANIZACIJA KAZALIŠNA DRUŽINA REVOLVER;4270.00;5;0.00
2026;97697116852;AMPLUS CONSULT DOO;4250.00;1;0.00
2026;12777784360;UMJETNIČKA ORGANIZACIJA GRUPA;4235.00;6;0.00
2026;91842476134;UMJETNIČKA ORGANIZACIJA ODEON;4200.00;1;0.00
2026;87703928851;KULTURNO UMJETNIČKO DRUŠTVO ORAČ;4200.00;1;0.00
2026;80627693538;ZNANJE D.O.O.;4200.00;1;0.00
2026;81228920036;KAZALIŠNA UDRUGA MIST;4200.00;1;0.00
2026;04756593078;TETRABOT DOO;4200.00;1;0.00
2026;03129175124;UMJETNIČKA ORGANIZACIJA PIERRE VALLY TEATAR;4200.00;1;0.00
2026;77038662963;GLAZBENI KLUB LISINSKI;4200.00;1;0.00
2026;34202025084;HRVATSKO MUZEJSKO DRUŠTVO;4200.00;1;0.00
2026;56816133459;DRUŠTVO GORANIN;4200.00;1;0.00
2026;04050684032;ART MAGAZIN KONTURA D.O.O.;4200.00;1;0.00
2026;03116911980;SLICE OF LIFE FILMS DOO;4200.00;1;0.00
2026;20192232840;UDRUGA MARANATHA;4200.00;1;0.00
2026;85974816503;SABMARINE;4200.00;2;0.00
2026;44472006057;MULTIMONT DOO ZA GRADITELJSTVO PROIZVODNJU I USLUGE;4200.00;1;0.00
2026;37700284220;JAKA PRODUKCIJA DOO;4200.00;1;0.00
2026;84838770814;NACIONALNA I SVEUČILIŠNA KNJIŽNICA U ZAGREBU;4200.00;1;0.00
2026;01728572615;HEXIM DOO;4162.50;1;0.00
2026;03921225635;LINIGRA PRIVATNA ŠKOLA S PRAVOM JAVNOSTI;4136.83;3;0.00
2026;53855410149;EXPERIENTIA DOO;4131.05;14;0.00
2026;11578972258;E TOURS DOO PUTNIČKA AGENCIJA;4127.00;6;0.00
2026;44256146678;BIOTECHNICON PODUZETNIČKI CENTAR DOO;4125.00;1;0.00
2026;27687512588;ARMUS D.O.O.;4125.00;1;0.00
2026;21632404131;EURODIGITAL DOO;4111.18;3;0.00
2026;47020394141;KREATIVNOST UNIKATNOST TEMELJITOST;4100.00;1;0.00
2026;69188383192;TODING D.O.O.;4100.00;2;0.00
2026;15263066301;AUTOBUSNI PRIJEVOZ D.O.O. ZA PRIJEVOZ I USLUGE;4079.60;8;0.00
2026;05422306827;ARTRESOR NAKLADA D.O.O. ZA IZDAVAČKU DJ.,GRAFIČKO I LIK. OB.;4060.00;2;0.00
2026;48965552098;ITER PLAN D.O.O.;4050.00;2;0.00
2026;92730179348;TEHNOZAŠTITA DOO;4013.00;30;0.00
2026;64957507496;CENTAR ZA RAZVOJ VRIJEDNOSTI;4000.00;1;0.00
2026;91712842608;PET PROJEKT D.O.O.;4000.00;2;0.00
2026;62871653225;AUREL DOO;3993.75;1;0.00
2026;49906895606;GEODETSKI PROJEKTI I SUSTAVI D.O.O.;3980.00;2;0.00
2026;27101359149;HRVATSKA STRANKA UMIROVLJENIKA;3960.00;2;0.00
2026;36746895946;UMJETNIČKA ORG  KREATIVNA AUDIOVIZUALNA ASOCIJACIJA;3950.00;2;0.00
2026;08622180689;SVIJET MEDIJA DOO;3924.06;6;0.00
2026;08810240600;UMJETNIČKA ORGANIZACIJA OMNIBUS;3920.00;2;0.00
2026;49684261247;SORANO D.O.O. ZA USLUGE I TRGOVINU;3910.13;1;0.00
2026;96736135460;BESTPROJEKT DOO;3900.00;1;0.00
2026;90054874194;CANOSA INŽENJERING DOO;3898.90;1;0.00
2026;92276133102;VEČERNJI LIST NOVINSKO NAKLADNIČKO D.O.O.;3882.38;3;0.00
2026;45670382229;LAG MEDITERANEO DOO;3879.85;40;0.00
2026;25977228698;BOOKINGPOINT NET DOO;3870.23;2;0.00
2026;15978402700;HRVATSKO DRUŠTVO KARIKATURISTA;3850.00;2;0.00
2026;14343226338;HRVATSKO KULTURNO DRUŠTVO BRAĆE RADIĆA;3850.00;1;0.00
2026;85924136947;KULTURNO UMJETNIČKO DRUŠTVO PRESLICA;3850.00;1;0.00
2026;04969888379;TEAM MEDIA DOO;3834.00;1;0.00
2026;35280334733;IMETRICO DOO;3787.09;11;0.00
2026;53321630215;IGUBUKA D.O.O.;3780.00;1;0.00
2026;51108551424;CENTAR GRAĐEVINSKOG FAKULTETA DOO;3780.00;1;0.00
2026;63649739630;"MJEŠOVITI VOKALNI ANSAMBL I ""KOMIN"" SNJEŽANIN";3780.00;3;0.00
2026;01493545031;LITTERIS D.O.O.;3780.00;1;0.00
2026;25610576927;DV RADOST JASTREBARSKO;3779.51;7;0.00
2026;69022699714;POC D.O.O. ZA TRGOVINU I USLUGE;3763.00;1;0.00
2026;58680938419;BELMET 97 DOO;3753.94;1;0.00
2026;64166345871;MBI DOO;3750.00;1;0.00
2026;32501868321;BOMBICA D.O.O. ZA USLUGE;3750.00;1;0.00
2026;77141602140;DEKRA CROATIA DOO;3746.25;2;0.00
2026;00513519279;SIGNALGRAD D.O.O.;3737.50;15;0.00
2026;22205928643;CAPTURA VENTI DOO;3725.00;1;0.00
2026;40195112114;JESENSKI I TURK D.O.O.;3710.00;1;0.00
2026;54518408379;GLAZBENA ŠKOLA BRKANOVIĆ;3708.97;5;0.00
2026;49355429927;VERBUM NAKLADNIŠTVO I KNJIŽARSTVO D.O.O.;3675.00;1;0.00
2026;55825522817;CENTAR ZA ISTRAŽIVANJE MODE I ODIJEVANJA;3640.00;1;0.00
2026;30987102177;GLAZBENA ŠKOLA LATIDO;3633.00;2;0.00
2026;21436549535;REPER PLUS DOO;3626.00;3;0.00
2026;08196162358;BLOK ZA HRVATSKU;3600.00;2;0.00
2026;71106071678;DINA DOGAN NEZAVISNA LISTA;3600.00;2;0.00
2026;82435880635;HRVATSKA NARODNA STRANKA LIBERALNI DEMOKRATI;3600.00;2;0.00
2026;42386707747;LIPAR TRGOVINA I PROMET DOO;3600.00;1;0.00
2026;01158686369;DJEČJI VRTIĆ MALI PRIJATELJI;3600.00;8;0.00
2026;57883729585;ZAGREBAČKI RAGBI SAVEZ;3580.03;2;0.00
2026;19212513210;EURO DAUS D.D.;3568.00;9;0.00
2026;28825788085;SIDEAS DOO;3550.00;3;0.00
2026;14273924910;ALMA CAREER CROATIA DOO;3511.25;3;0.00
2026;87482973365;GEOALTUS DOOD;3505.35;2;0.00
2026;86775670895;UMJETNIČKA ORGANIZACIJA DOMINANTA;3500.00;1;0.00
2026;70856244868;BUDIŠ PROMET DOO ZA PROIZVODNJU TRGOVINU I USLUGE;3500.00;1;0.00
2026;17655152955;UMJETNIČKA ORGANIZACIJA MULTIKULTI;3500.00;1;0.00
2026;49039915702;UMJETNIČKA ORGANIZACIJA FESTIVAL ŠANSONE CHANSONFEST;3500.00;1;0.00
2026;06570355423;HRVATSKO DRUŠTVO DRAMSKIH UMJETNIKA;3500.00;1;0.00
2026;71594920196;ARGJEND D.O.O.;3500.00;1;0.00
2026;22473413844;DOBRA KNJIGA D.O.O. KNJIŽARA LJEVAK;3500.00;1;0.00
2026;85865200645;HRVATSKO DRUŠTVO PREVODITELJA ZNAKOVNOG JEZIKA;3500.00;1;0.00
2026;74547768933;PROPELER FILM DOO;3500.00;1;0.00
2026;75531412273;UDRUGA FLAMINGO;3500.00;1;0.00
2026;42143577388;4 UHA DOO ZA USLUGE;3500.00;1;0.00
2026;30073369248;CON VES SERVICES DOOZA USLUGE SAVJETOVANJE I PROMIDŽBU;3500.00;1;0.00
2026;76504212218;FIT DESIGN DOO;3500.00;1;0.00
2026;31512675569;UMJETNIČKA ORGANIZACIJA STOJAN STOJANOV GANČEV;3500.00;1;0.00
2026;79975218924;DOSTAVA ZVUKA DOO;3500.00;1;0.00
2026;33916138782;HRVATSKO DRUŠTVO LIKOVNIH UMETNIKA ZAGREB;3500.00;1;0.00
2026;04135050210;TEKLA VRATA D.O.O.;3500.00;1;0.00
2026;12884984092;KADENCA UDRUGA ZABAVLJAČA ZAGREB;3500.00;1;0.00
2026;32440842163;KULTURNA ORGANIZACIJA NIT;3500.00;2;0.00
2026;62886130846;UDRUGA BLABERON;3500.00;1;0.00
2026;88621612724;SUPERSTUDIO DESIGN PROJECTS DOO;3487.50;1;0.00
2026;74947861459;BRANCIN PROJEKTIRANJE JDOO;3481.25;1;0.00
2026;97454999870;FINI OGLASI DOO;3445.32;7;0.00
2026;39147751117;ONTOS DOO;3440.00;6;0.00
2026;81889785066;HRVATSKO KNJIŽNIČARSKO DRUŠTVO;3430.00;1;0.00
2026;17447691679;OPĆA PRIVATNA GIMNAZIJA;3427.45;3;0.00
2026;98921458604;SENS DESIGN DOO;3400.00;1;0.00
2026;40051035570;MREŽA ZNANJA DOO;3375.00;1;0.00
2026;18967199317;MNK USPINJAČA GIMKA;3370.00;1;0.00
2026;58093202066;DLG NOVE TEHNOLOGIJE DOO;3366.43;1;0.00
2026;28921383001;HRVATSKE VODE;3318.13;19;0.00
2026;04466528331;CIGETIĆ DOO;3311.57;2;0.00
2026;68723632961;OBERON STUDIO DOO ZA ARHITEKTURU I DIZAJN;3300.00;1;0.00
2026;82550210527;ODVJETNIČKO DRUŠTVO MUSULIN I SURADNICI DOO;3291.17;4;0.00
2026;45874076362;GRAĐEVINSKA LIMARIJA VL MLADEN PUČEK;3250.00;1;0.00
2026;32153849835;DESPRO METAL DOO ZA TRGOVINU I USLUGE;3250.00;1;0.00
2026;96065912144;ORGANIZACIJA STATUS M;3250.00;1;0.00
2026;61497032881;IVERART INTERIJERI DOO;3250.00;1;0.00
2026;19659471851;SRPSKA PRAVOSLAVNA OPĆA GIMNAZIJA KANTAKUZINA-K.BRANKOVIĆ;3246.97;3;0.00
2026;51002263141;DJEČJI VRTIĆ ZDENAC MALI;3240.90;9;0.00
2026;27143474150;ZAGREBAČKA MEDRESA DR.AHMET SMAILOVIĆ SREDNJA ŠKOLA;3227.10;3;0.00
2026;72587248328;PROJEKTNI URED REVIKON DOO;3225.00;1;0.00
2026;87297014856;OPĆINSKI SUD U NOVOM ZAGREBU;3222.94;16;0.00
2026;00721493603;SAEPTUM DOO;3220.00;1;0.00
2026;42252496579;SLATINSKA BANKA DD;3212.50;8;0.00
2026;06079559748;SAVEZ KOMUNIKACIJSKIH POSREDNIKA HRVATSKE;3200.00;4;0.00
2026;23366802564;PROSVJETA D.O.O.;3192.95;3;0.00
2026;43150843424;INFO PULS D.O.O.;3175.00;9;0.00
2026;73073299425;LAUF SPORT LAB DOO;3169.69;4;0.00
2026;99358248190;FIJAKER - UDRUGA ZA PROMICANJE LIK.,DRAM. I GLAZ.AMATERIZMA;3150.00;3;0.00
2026;37936288471;SKD PROSVJETA;3150.00;1;0.00
2026;92930488094;UMJETNIČKA ORGANIZACIJA TOCHKA STVARANJE HUMANIJE TEHNOSFERE;3150.00;3;0.00
2026;60416120862;KULTURNA UDRUGA JUTRO;3150.00;3;0.00
2026;46603716550;SPORTSKO PLESNI KLUB KELKOPE;3150.00;1;0.00
2026;14405959093;KAOOOSSS;3150.00;1;0.00
2026;63786485524;DJEČJI VRTIĆ DJEČJI DVORI;3130.00;7;0.00
2026;31759630177;OUTDOOR AKZENT  DOO;3125.00;2;0.00
2026;60445358686;CHEMACO DOO ZA TRGOVINU I ZASTUPANJE STRANIH TVRTKI;3115.32;4;0.00
2026;96081354662;KAZALIŠTE PRIJATELJ;3080.00;1;0.00
2026;25752627029;PROMEL PROJEKT DOO;3050.00;1;0.00
2026;71004700950;ZATO DIZAJN D.O.O.;3028.76;2;0.00
2026;99063153817;UDRUGA GRAĐANA - TREĆA ŽIVOTNA DOB TREŠNJEVKA;3010.00;3;0.00
2026;76844168802;HRVATSKI ZAVOD ZA NORME;3000.06;3;0.00
2026;93202998603;CS ZAGREB DOO ZA SERVIS MOTORNIH VOZILA;3000.00;1;0.00
2026;76039646315;UNIGRAV DOO TRGOVINA PROIZVODNJA I USLUGE;3000.00;1;0.00
2026;62044652408;UMJETNOST KRUHA JDOO ZA USLUGE;3000.00;1;0.00
2026;39382759188;KULTURA SVIMA SVUGDJE;3000.00;1;0.00
2026;15174449786;SLIDE JDOO;3000.00;1;0.00
2026;82539347875;TEN FUN 2017 JDOO ZA UGOSTITELJSTVO;3000.00;1;0.00
2026;55617496447;DONPROGRAM DOO ZA PROIZVODNJU TRGOVINU I USLUGE;3000.00;1;0.00
2026;63449287792;MUSIC TIME DOO;3000.00;2;0.00
2026;63765012512;UDRUGA JEDNA NOVA PORUKA;3000.00;2;0.00
2026;55223610938;ADIPA;3000.00;1;0.00
2026;59277516449;DOBROVOLJNO VATROGASNO DRUŠTVO KUPINEČKI KRALJEVEC;2990.85;6;0.00
2026;57444289760;PLAVA LAGUNA DD;2945.00;6;0.00
2026;22822699415;ODVJETNIČKO DRUŠTVO METELKO KNEŽEVIĆ I PARTNERI DOO;2937.50;17;0.00
2026;77822467089;TOP TRAVEL DOO;2934.24;1;0.00
2026;41361529329;ŠTIMRAD D.O.O.;2894.12;11;0.00
2026;44896955616;DJEČJI VRTIĆ OSMIJEH;2880.00;8;0.00
2026;99569093664;ALPAS DOO;2877.35;3;0.00
2026;98195916283;ZIB GT GRADNJA DOO ZA GRADITELJSTVO I USLUGE;2857.50;2;0.00
2026;75550985023;PETROL D.O.O.;2832.26;5;0.00
2026;95784618674;VETERINARSKA STANICA REMETINEC DOO;2825.00;2;0.00
2026;75973694434;METAR60;2800.00;1;0.00
2026;12500690762;LIBRICON D.O.O. ZA NAKLADNIŠTVO TRGOVINU TURIZAM I USLGE;2800.00;1;0.00
2026;41944593445;OTVORENA MEDIJSKA GRUPACIJA;2800.00;2;0.00
2026;62768551594;ZG PROJEKT DOO;2800.00;2;0.00
2026;56503270284;UMJETNIČKA ORGANIZACIJA LAĐA OD VODE;2800.00;1;0.00
2026;74210278662;KOLEKCIONARART DOO ZA TRGOVINU I USLUGE;2800.00;1;0.00
2026;57010186553;MOZAIK KNJIGA D.O.O.;2800.00;1;0.00
2026;59451980348;INSTITUT ZA POVIJEST UMJETNOSTI;2800.00;1;0.00
2026;06323248263;KEOPS - PROJEKT D.O.O.;2800.00;2;0.00
2026;76262593640;INSTITUT ZA STEM EDUKACIJU I AFTERSCHOOL PROGRAME;2800.00;3;0.00
2026;63702179107;REISINGER DOO ZA USLUGE;2800.00;1;0.00
2026;39859137764;ŽIVA VODA;2800.00;1;0.00
2026;76962519378;KULTURNO UMJETNIČKO DRUŠTVO ZORJA;2800.00;1;0.00
2026;31989866591;STAJER - GRAF TISKARA I IZDAVAŠTVO D.O.O.;2800.00;1;0.00
2026;32151512413;HILARION DRUŠTVO ZA PROMICANJE GLAZBE PLESA I GL-SC UMJET;2800.00;1;0.00
2026;08632898025;ŽENSKI VOKALNI ANSAMBL ZWIZDE-UD.ZA OČUV.I PR.ŠOK.BAŠ.ZAGREB;2800.00;1;0.00
2026;37781872772;INSTITUT ZA ETNOLOGIJU I FLKLORISTIKU;2800.00;1;0.00
2026;09720768884;BUYBOOK DOO;2800.00;1;0.00
2026;34263970274;HRVATSKO TURSKA UDRUGA PRIJATELJSTVA;2800.00;1;0.00
2026;58597177555;HRVATSKA SVEUČILIŠNA NAKLADA D.O.O.;2800.00;1;0.00
2026;12430009417;CENTAR ZA TRADICIJSKA GLAZBALA HRVATSKE;2800.00;1;0.00
2026;67832608353;FOLKLORNA IZVORNA SKUPINA REMETE;2800.00;3;0.00
2026;86170764380;GOSPODNETIĆ SINGERS;2800.00;1;0.00
2026;00607456024;UMJETNIČKA ORGANIZACIJA VEDRI I OBLAČI;2800.00;1;0.00
2026;03343232056;ZAVIČAJNO DRUŠTVO SINAC ZAGREB;2800.00;1;0.00
2026;98267247138;VIZURA APERTA;2800.00;2;0.00
2026;47911242222;DALEKOVOD D.D.;2800.00;1;0.00
2026;68755209479;CROETHNO - UDRUGA ZA OČUVANJE HRVATSKE KULTURNE BAŠTINE;2800.00;1;0.00
2026;50898554465;HRVATSKA UDRUGA PRODUCENATA;2800.00;1;0.00
2026;60721095143;POSAVSKI ZAVIČAJNI KLUB DERVENTSKO KOLO;2800.00;1;0.00
2026;73698625430;UMJETNIČKA ORGANIZACIJA CADENZA;2800.00;1;0.00
2026;71002088474;BODONI DOO;2800.00;1;0.00
2026;40427782294;TEMPUS REGULA JDOO;2782.50;3;0.00
2026;01007835162;BAR - ING D.O.O. ZA GRADITELJSTVO, PROMET ROBA I USLUGA;2764.46;4;0.00
2026;69924559109;RADVISORY JDOO;2755.04;2;0.00
2026;77656371628;FRIZERSKI STUDIO S VL SANJA BIČANIĆ;2750.00;1;0.00
2026;10337470512;CENTAR ZA RAZVOJ OSOBNIH KOMPETENCIJA I ZAŠT LJUDSKIH PRAVA;2750.00;1;0.00
2026;68029966827;A.K.  ASPECTO GRUPA;2750.00;1;0.00
2026;91924358305;UDRUGA OSJETI HRVATSKU;2750.00;1;0.00
2026;75041691087;TERMO PLAMEN DOO;2750.00;1;0.00
2026;82261866801;FENSI ŠMENSI FRIZERSKI STUDIO VL DANIJELA JELIĆ;2750.00;1;0.00
2026;12048053087;ELEKTRO JAKLIĆ DOO;2750.00;1;0.00
2026;00313441027;MEDEL USLUGE D.O.O.;2750.00;1;0.00
2026;52320784425;UDRUGA ZA POPULARIZACIJU TEHNIČKE KULTURE MEHATRONIK;2750.00;1;0.00
2026;19542807608;SALON TEREZA DOO;2750.00;1;0.00
2026;32961633311;D STONE DIZAJN VL DAVORKA TOPOLOVAC;2750.00;1;0.00
2026;51883682698;DELFIN USLUGE D.O.O. ZA TRGOVINU I USLUGE;2750.00;1;0.00
2026;40981620143;L E S T DOO ZA USLUGE I TRGOVINU;2750.00;1;0.00
2026;71107073888;ORDINO PLUS DOO;2720.52;25;0.00
2026;12474257780;PRIVATNA GIMNAZIJA DR. ČASL;2715.65;3;0.00
2026;75374786952;LIDER MEDIA DOO;2714.85;4;0.00
2026;42889250808;ELEKTRONIČKI RAČUNI DOO;2706.25;1;0.00
2026;94989605030;KRAŠ DD;2685.44;3;0.00
2026;05106850717;ŠKORO D.O.O. ZA INŽ. TRGOVINU VANJSKOTRGOVINSKO POSLOVANJE;2680.00;2;0.00
2026;13930015582;COLLEGIUM HERGEŠIĆ ODEON ZAGREB TRIBINA ZA KULTURU I ZNANOST;2672.00;5;0.00
2026;04727302481;PROCONVENTA DOO;2668.75;1;0.00
2026;96055453244;VINCEK DOO;2650.00;1;0.00
2026;21718881450;IVEŠIĆ DOO;2650.00;1;0.00
2026;74454217661;SREĆKO TOURS D.O.O.;2640.00;3;0.00
2026;36201212847;VALAMAR RIVIERA DD;2628.00;1;0.00
2026;71221608291;PARTNER BANKA;2624.50;8;0.00
2026;60658084975;DOBROVOLJNO VATROGASNO DRUŠTVO BLATO;2610.00;2;0.00
2026;63693671750;ROST ŠPORT D.O.O.;2606.53;8;0.00
2026;80171853973;HITCHTONE MUSIC & PROMOTION;2600.00;2;0.00
2026;16730442168;BIAKOVA D.O.O. ZA TRGOVINU I IZDAVAŠTVO;2590.00;1;0.00
2026;47785989863;ALFA SIGURNOST DOO;2590.00;2;0.00
2026;12543703761;GLAZBENA ŠKOLA MUZIČKI ATELJE;2577.00;3;0.00
2026;32976865343;INTER SIG DOO;2575.00;2;0.00
2026;43954444501;OSNOVNA GLAZBENA ŠKOLA SCHOLA MUSICA;2535.31;3;0.00
2026;34911353826;"UDRUGA ZA KULTURU OSOBA OŠTEĆENA SLUHA HRV. ""SVIJET TIŠINE""";2520.00;2;0.00
2026;33320334088;RESIDENT EVENTS JDOO ZA USLUGE;2500.00;1;0.00
2026;70775904615;PODOVI GRDIĆ DOO;2500.00;1;0.00
2026;31974419360;FRIZERSKI SALON IVANA VL ČORIĆ IVANA;2500.00;1;0.00
2026;14031273025;AUTOELEKTRIKA VOKIĆ DOO;2500.00;1;0.00
2026;84809067529;KLAVIRI BOSNAR OBRT ZA USLUGE I TRGOVINU VL MATIJA BOSNAR;2500.00;1;0.00
2026;68471124993;TB INSTAL DOO;2500.00;1;0.00
2026;19123068224;UVOJAK LJEPOTE JDOO ZA USLUGE;2500.00;1;0.00
2026;57467647644;FRIZER ZA MUŠKARCE FRANZ VL. JADRANKA PIPIĆ;2500.00;1;0.00
2026;27050468625;TEA ELEKTRONIK DOO;2500.00;1;0.00
2026;14683016828;SUPREMUS - GRAD D.O.O.;2500.00;1;0.00
2026;38033380162;PRIMO MERITUM D.O.O.;2500.00;1;0.00
2026;74660554650;MONT GAS DOO;2500.00;1;0.00
2026;93840540521;KLUB SAMOGRADNJE ZRAKOPLOVA CROATIA;2500.00;1;0.00
2026;85118679106;INSTAL SINERGIJA D.O.O.;2500.00;1;0.00
2026;82346894692;MOTORKOTAČI IGOR D.O.O.;2500.00;1;0.00
2026;59789039703;POTLAČEK AND PIKULA AUTOTIM DOO ZA USLUGE;2500.00;1;0.00
2026;17472744826;DINA DANI JDOO;2500.00;1;0.00
2026;57658890584;VITA DERM DOO ZA TRGOVINU I USLUGE;2500.00;1;0.00
2026;20214024299;MAKPROMET DOO;2500.00;1;0.00
2026;51316917671;BOYS AND GIRLS DOO ZA USLUGE;2500.00;1;0.00
2026;54725896068;STUDIO NINA DOO;2500.00;1;0.00
2026;83906217526;TRIK ONE  JDOO ZA USLUGE;2500.00;1;0.00
2026;83780313626;ELEKTRO JAKLIĆ  OBRT ZA USLUGE I TRGOVINU VL. SINIŠA JAKLIĆ;2500.00;1;0.00
2026;85326711223;PUTEM OAZAE DOO;2484.50;1;0.00
2026;05882842387;BIO EKSPERT DOO ZA USLUGE;2465.63;3;0.00
2026;17095040599;KLAPA SAGENA;2450.00;1;0.00
2026;58504940708;REA UDRUGA ZA SUVREMENE UMJETNIČKE I ARHITEKT PRODUKCIJE;2450.00;1;0.00
2026;58158331844;DIVERTIMENTO - STUDIO POVIJESNOG PLESA;2450.00;1;0.00
2026;26488705836;BRODOTO;2450.00;1;0.00
2026;35996579016;MJEŠOVITI PJEVAČKI ZBOR VIVA LA MUSICA;2450.00;2;0.00
2026;88080836195;KLAPA CESARICE;2450.00;1;0.00
2026;40837433443;DJEČJI ZBOR MOZARTINE;2450.00;1;0.00
2026;43529083211;ZAVIČAJNA UDRUGA KORDUNAŠA KORANA ZAGREB;2450.00;1;0.00
2026;98505210337;KAZIVAČICA DOO;2450.00;1;0.00
2026;87035030616;TVORNICA UMJETNOSTI;2450.00;1;0.00
2026;86332224735;DRUŠTVO HRVATSKA ŽENA - GRAD ZAGREB;2450.00;1;0.00
2026;76039928907;ETHNO HRVATSKA;2450.00;1;0.00
2026;20194002984;HRVATSKA UDRUGA LIKOVNIH UMJETNIKA I LIKOVNIH KRITIČARA;2450.00;2;0.00
2026;41777529942;VOKALNI ANSAMBL TRADICIJSKE GLAZBE HARMONIJA DISONANCE;2450.00;1;0.00
2026;31948370674;KOVA PODUZEĆE ZA PRERADU METALA I PLASTIKE IZVOZ I UVOZ DOO;2437.50;3;0.00
2026;44448417567;MERKANTILE D.D.;2430.02;3;0.00
2026;67833602505;MRAMOR SOBLINEC DOO;2400.00;1;0.00
2026;78043520516;STEGA TISAK D.O.O.;2377.07;2;0.00
2026;23980633852;VE RON DOO ZA IZRADU I KREIRANJE REKLAMA NATPISA I TISAK;2355.75;1;0.00
2026;85969503819;VETERINARSKA STANICA SESVETE DOO;2350.00;2;0.00
2026;11314928010;DINO I LUKA DOO;2345.00;2;0.00
2026;52848403362;WIENER OSIGURANJE VIENNA INSURANCE GROUP DD;2328.44;2;0.00
2026;20492466071;UMJETNIČKA ORGANIZACIJA LOVRO & NINA;2310.00;2;0.00
2026;01168533815;ISTRAŽIVAČKI CENTAR MLADIH;2300.00;1;0.00
2026;41910720462;LERA ROVINJ DOO;2300.00;1;0.00
2026;92720346022;EPOHA PRIVATNA OSNOVNA ŠKOLA S PRAVOM JAVNOSTI;2283.65;3;0.00
2026;01740946437;ČISTEĆI MEDVJEDIĆI;2275.00;4;0.00
2026;76572513398;UDRUGA SINDIKAT BICIKLISTA;2275.00;2;0.00
2026;99944170669;TEB POSLOVNO SAVJETOVANJE D.O.O.;2251.00;6;0.00
2026;33157256184;PODOVI AGRAM DOO;2250.00;1;0.00
2026;09362691173;PLINOSERVIS DŽAMBO JDOO;2250.00;1;0.00
2026;88816007312;NADICA JOVANOVIĆ DOO;2250.00;1;0.00
2026;86991161289;VITA FORMA DOO;2250.00;1;0.00
2026;86856106407;RITAM D.O.O.;2250.00;1;0.00
2026;17096790169;AUTO FOKUS DOO;2250.00;1;0.00
2026;67059762418;MITROINSTALACIJE JDOO;2250.00;1;0.00
2026;15525494932;AUTO HABEK SERVIS DOO;2250.00;1;0.00
2026;64075568837;BUDIŠ MONT DOO;2250.00;1;0.00
2026;85836999527;SALON ZA ULJEPŠAVANJE ROMANA VL ROMANA TOMOVIĆ;2250.00;1;0.00
2026;86591676351;TETRA STUDIO JDOO;2250.00;1;0.00
2026;51232186443;INSTALACIJE ROBIMONT VL ROBERT KRIŠTOVIĆ;2250.00;1;0.00
2026;47277194549;AMUNINI OBRT ZA PROIZVODNJU TRG I USL VL SAŠA KMETOVIĆ;2250.00;1;0.00
2026;66423214182;AUTO SERVIS FALETAR JDOO;2250.00;1;0.00
2026;29232245515;HABITUS FAKTOR DOO;2250.00;1;0.00
2026;11730227142;SHISHKA DOO ZA USLUGE;2250.00;1;0.00
2026;96034163382;KSIVAS DOO;2250.00;1;0.00
2026;03846038896;FOTO NANA 2 JDOO;2250.00;1;0.00
2026;69454459128;INTENSO WELL DOO;2250.00;1;0.00
2026;95517407528;COMPTUS DOO;2250.00;1;0.00
2026;61115444147;KATARINA SALON JDOO;2250.00;1;0.00
2026;88290071956;FRIZERSKI SALON MIRELLA D.O.O.;2250.00;1;0.00
2026;41758276106;MEGA BAR DOO;2250.00;1;0.00
2026;02531238111;ALPHA ET OMEGA DOO ZA USLUGE;2250.00;1;0.00
2026;80885983918;TEMPORIS SAVJETOVANJE D.O.O.;2238.92;8;0.00
2026;74121470605;ZAVOD ZA ISPITIVANJE KVALITETE DOO;2187.50;3;0.00
2026;00000519429;IGR D.O.O.;2180.26;2;0.00
2026;90225082044;UMJETNIČKA ORGANIZACIJA KAZALIŠNA DRUŽINA EMPIRIA TEATAR;2170.00;2;0.00
2026;68580945674;TERRA TENT DOO;2168.75;2;0.00
2026;37166393069;DV DJEČJI GRAD;2160.00;5;0.00
2026;61238079664;ANIĆ HOLDING PLUS DOO;2156.50;2;0.00
2026;71670983257;SUPER HIK AGENCIJA ZA SVE DOO;2140.00;1;0.00
2026;06779460007;EVENTS AND TRAVEL DOO;2132.00;2;0.00
2026;61436608168;BKS BANK D.D.;2118.00;8;0.00
2026;20161637541;UDRUGA ZA PROMICANJE OBLIKOVANJA I UMJETNOSTI;2100.00;1;0.00
2026;23929584932;BIBRA IZDAVAŠTVO D.O.O.;2100.00;1;0.00
2026;25636487090;AUKCIJSKA KUĆA KONTURA D.O.O. ZA PROMET UMJET. I ANTIKVIT.;2100.00;1;0.00
2026;23408153497;ZAGREBAČKO KNJIŽNIČARSKO DRUŠTVO;2100.00;1;0.00
2026;89586651042;UDRUGA BOSANSKIH POSAVLJAKA IZVORNI OBIČAJI;2100.00;1;0.00
2026;15916620274;ZAVIČAJNA ZAJEDNICA ŠIROKI BRIJEG;2100.00;1;0.00
2026;56441689807;GOSPEL ZBOR SUNCE;2100.00;1;0.00
2026;64421336208;KULTURNO UMJETNIČKO DRUŠTVO VEDRA NOTA IZ ZAGREBA;2100.00;1;0.00
2026;33180905151;KUD PRIGORSKI ZDENEC;2100.00;1;0.00
2026;12175908497;KUNST TEATAR;2100.00;1;0.00
2026;12695233727;KLAPA BOŠKET;2100.00;1;0.00
2026;43155769851;KULTURNO UMJETNIČKO DRUŠTVO SIJAČ LUČKO;2100.00;1;0.00
2026;53938954798;ZUB ZBOR UMIROVLJENIKA BOTINEC;2100.00;1;0.00
2026;54812519357;F420 UDRUGA STUDENATA AKADEMIJE DRAMSKE UMJETNOSTI;2100.00;1;0.00
2026;44595119440;KULTURNO UMJETNIČKO DRUŠTVO RESNIK;2100.00;1;0.00
2026;73474352611;KULTURNO UMJETNIČKO DRUŠTVO RUŽA PRIGORJA;2100.00;1;0.00
2026;22814475372;UDRUGA POKRET;2100.00;1;0.00
2026;97691085062;KULTURNO UMJETNIČKO DRUŠTVO VESELI POSAVLJACI, BIJELO BRDO;2100.00;1;0.00
2026;78925487717;HRVATSKI AUTORSKI STRIP;2100.00;1;0.00
2026;82807244545;UNICITAS DOO ZA INFORMATIKU I USLUGE;2100.00;7;0.00
2026;53355026937;UDRUGA TRAUMATIC ARTS;2100.00;1;0.00
2026;50403582161;CENTAR ZA PRIMJENU INTEGRIRANOG ZNANJA ANZIP;2100.00;1;0.00
2026;64290907751;SF IUS SOCIJALNI RUB ZANIMLJIVE NEISPRIČANE PRIČE;2100.00;1;0.00
2026;71425913723;FOLKLORNA SKUPINA KOLO;2100.00;1;0.00
2026;35645536061;KULTURNO UMJETNIČKO DRUŠTVO VEDAR OSMIJEH;2100.00;1;0.00
2026;95906405749;HRVATSKO MAKEDONSKO DRUŠTVO;2100.00;1;0.00
2026;08728770422;UDRUGA ŽELJEZNIČARA SLIKARA PLAVO SVJETLO ZAGREB;2100.00;1;0.00
2026;65849318207;UMJETNIČKA ORGANIZACIJA BRAVO;2100.00;1;0.00
2026;61154890353;ZAGORJE VU SRCU;2100.00;1;0.00
2026;53424695642;GREEN BUILDING DOO;2100.00;1;0.00
2026;79172313259;KOLEKTIV ZA RAZVOJ ISTRAŽ I PROP QUEER KULT QUEERANARCHIVE;2100.00;1;0.00
2026;24897252397;KLAPA ĆAKULONE;2100.00;1;0.00
2026;43506169483;PRIVATNA OSNOVNA ŠKOLA LINEA;2087.43;3;0.00
2026;26317851190;DOBROVOLJNO VATROGASNO DRUŠTVO ZAPAD;2066.00;2;0.00
2026;60174672203;DUBROVNIK SUN D.O.O.;2064.60;9;0.00
2026;05494093403;ZAVOD ZA ISTRAŽIVANJE I RAZVOJ SIGURNOSTI D.D.;2063.63;3;0.00
2026;43446234861;SREDNJA WALDORFSKA ŠKOLA U ZAGREBU;2062.78;3;0.00
2026;25190869349;MAISTRA DD ZA HOTELIJERSTVO I TURIZAM;2055.00;2;0.00
2026;76433565813;EPOHA PRIVATNA GIMNAZIJA S PRAVOM JAVNOSTI;2042.67;3;0.00
2026;87565323632;INFO - KOD D.O.O. ZA PROIZVODNJU, TRGOVINU I USLUGE;2012.29;1;0.00
2026;36776216753;PARLI EVENT JDOO ZA UGOSTITELJSTVO USLUGE I TRGOVINU;2000.00;1;0.00
2026;26271425900;PLASCH HAIR JDOO;2000.00;1;0.00
2026;61675996134;DENIQUE JDOO ZA USLUGE;2000.00;1;0.00
2026;53914849271;KOZMETIČKI STUDIO NICE JDOO ZA USLUGE;2000.00;1;0.00
2026;41758611631;ARTEFAKT ARHITEKTI DOO ZA PROJEKTIRANJE;2000.00;1;0.00
2026;28158057823;SUBMAP D.O.O. ZA PROJEKTIRANJE I SAVJETOVANJE;2000.00;1;0.00
2026;06489047030;AGRO NORŠIĆ JDOO;2000.00;1;0.00
2026;66985303400;BEAUTY SALON AJA OBRT ZA FRIZ USLUGE VL ŠTEFICA HRGOVIĆ;2000.00;1;0.00
2026;83615500218;SVEUČILIŠTE U SPLITU FAKULTET GRAĐ.,ARHITEKTURE I GEODEZIJE;2000.00;1;0.00
2026;41530185497;AGROKID DOO;2000.00;1;0.00
2026;17643872913;AUTOSERVIS ROMAN JDOO;2000.00;1;0.00
2026;49903072647;HRVATSKA GLAZBENA UNIJA;2000.00;2;0.00
2026;42853319635;KIRA STIL DOO;2000.00;1;0.00
2026;38797801412;DALIJA OBRT ZA FRIZERSKE USLUGE VL DALIJA MUŽENIĆ;2000.00;1;0.00
2026;34934822398;DAMBEL OBRT ZA GRADITELJSTVO VL DAMIR BELOŠEVIĆ;2000.00;1;0.00
2026;75214191352;SANDREJA STYLE JDOO;2000.00;1;0.00
2026;15711300787;VORTO PALABRA DOO;2000.00;2;0.00
2026;53544069562;RETRO BAJKA JDOO ZA USLUGE I TRGOVINU;2000.00;1;0.00
2026;64574299929;SALUSVITA JDOO;2000.00;1;0.00
2026;86781480448;ELEKTROINSTALACIJE ČAJKO DOO ZA ELEKTROINSTALACIJE;2000.00;1;0.00
2026;58772071893;CUTICLE DOO ZA USLUGE I TRGOVINU;2000.00;1;0.00
2026;85366073124;BAZINGA PROJEKT DOO ZA TRGOVINU I USLUGE;2000.00;1;0.00
2026;49776278191;MOBILITA EVOLVA DOO;2000.00;1;0.00
2026;18788131915;GLAZBENA UDRUGA OPUS;2000.00;2;0.00
2026;36086299082;DIATEH DOO ZA PROIZVODNJU;2000.00;1;0.00
2026;18534412261;TEHNOSTRUKTURA DOO;1994.56;1;0.00
2026;56193541961;KONFA MEDIA DOO;1965.50;3;0.00
2026;84273726855;SUPUTNICI;1960.00;2;0.00
2026;08644280117;BRLIĆ D.O.O.;1957.84;3;0.00
2026;43767699965;PRAVNI FAKULTET RIJEKA;1950.00;2;0.00
2026;09965477800;LAJTMANICA UDRUGA ZA KREATIVNI RAZVOJ;1950.00;2;0.00
2026;91448726740;ASTREJA PLUS D.O.O.;1940.13;4;0.00
2026;05957540364;ŠAHOVSKI KLUB VRSTUN;1940.00;3;0.00
2026;46118426168;HDO - HRVATSKO DRUŠTVO ODRŽAVATELJA;1900.00;1;0.00
2026;20718454769;STUDIO BOOM JDOO;1900.00;1;0.00
2026;18275884674;TAU PROJEKT DOO;1880.00;1;0.00
2026;86813677256;VETERINARSKA STANICA GRADA ZAGREBA DOO;1875.00;5;0.00
2026;51769285992;NOTITIA DOO;1875.00;1;0.00
2026;27793440828;KUNA ZLATICA DOO USLUGE;1875.00;1;0.00
2026;27288460061;MOBILE COLOR DOO;1856.25;1;0.00
2026;86648038250;ILIRIC-EKO D.O.O. ZA USLUGE;1850.00;2;0.00
2026;88465781695;GRAPID DOO;1850.00;1;0.00
2026;65723536010;ISTARSKA KREDITNA BANKA UMAG D.D.;1844.00;8;0.00
2026;10511204199;OLD BRICK DOO;1834.00;1;0.00
2026;26217708909;SOLARIS D.D.;1816.20;8;0.00
2026;67349852816;ALING DOO;1812.50;3;0.00
2026;49026633125;POLET DOO;1800.00;1;0.00
2026;42501049830;PRODUKTRONIKA;1800.00;3;0.00
2026;69996420118;PLENORIA DOO;1800.00;1;0.00
2026;68596604054;HRVATSKO DRUŠTVO ZA ROBOTIKU;1800.00;1;0.00
2026;70303022709;DIDACTA ADVANCE DOO;1799.39;1;0.00
2026;74867487620;TOKIĆ DOO;1796.98;2;0.00
2026;12374989570;HUB7 JDOO;1787.50;1;0.00
2026;91805905887;HRABRI TELEFON;1780.00;1;0.00
2026;23626358811;INFORMING M DOO;1773.75;3;0.00
2026;99144587644;ING EKSPERT D.O.O.;1762.23;1;0.00
2026;24849784947;KREATIVNI TISAK D.O.O. ZA TISKANJE I TRGOVINU;1752.50;4;0.00
2026;28773663149;HRVATSKI CENTAR ZA DRAMSKI ODGOJ;1750.00;1;0.00
2026;11725503561;DJEČJI VRTIĆ MASLAČAK;1750.00;3;0.00
2026;34706029488;HRVATSKI FOTOGRAFSKI CENTAR;1750.00;2;0.00
2026;11190765541;MIHA OBRT ZA USLUGE VL MIODRAG MIHAJLJEVIĆ;1750.00;1;0.00
2026;00169153764;KLAPA GRDELIN ZAGREB;1750.00;1;0.00
2026;54314359710;ID PROJEKT OBRT ZA ELEKTROINSTALACIJE VL IVICA DOMENKUŠ;1750.00;1;0.00
2026;60791595509;ŽENSKI PJEVAČKI ZBOR DANICA;1750.00;1;0.00
2026;99685187297;LIJEPA KOSA JDOO;1750.00;1;0.00
2026;82410741613;VANKINA CVJEĆARNICA JDOO;1750.00;1;0.00
2026;39051250751;ZDELICHKA  OBRT ZA IZRADU KERAMIKE VL ANA GREGURIĆ BENKO;1750.00;1;0.00
2026;97554571451;FRIZERSKI STUDIO LU OBRT ZA USLUGE VL I MARAVIĆ;1750.00;1;0.00
2026;24972692585;FOTO ZAGREB OBRT ZA FOTOGRAF USLUGE VL MARKO KOSTANJEVEC;1750.00;1;0.00
2026;91866261509;L L BARABA JDOO ZA USLUGE;1750.00;1;0.00
2026;33814649313;FEELUNIQUE JDOO;1750.00;1;0.00
2026;29296842135;IDEA OBRT ZA FRIZ UUSLUGE VL ANDREA DEKANIĆ;1750.00;1;0.00
2026;79730915138;ŽIDOVSKA OPĆINA ZAGREB;1750.00;1;0.00
2026;33752423694;BEAUTY SILVIJA VL SILVIJA BUJTAŠ OBRT ZA NJEGU TIJELA;1750.00;1;0.00
2026;79590804159;DJEVOJAČKI ZBOR MOZARTINE;1750.00;1;0.00
2026;59170007106;BROWS AND BEAUTY JDOO ZA USLUGE;1750.00;1;0.00
2026;81602851994;ENVY CUT S DOO;1750.00;1;0.00
2026;80316929070;KULTURNO UMJETNIČKO DRUŠTVO NIKOLA TESLA;1750.00;1;0.00
2026;70812508533;ORCUS PLUS DOO;1709.00;1;0.00
2026;09991866976;LOVAČKO DR. ZA UZGOJ ZAŠTITU I LOV DIVLJAČI FAZAN ŠESTINE;1700.00;1;0.00
2026;15253285360;SRETNO SRCE JDDO ZA USLUGE;1700.00;2;0.00
2026;09032023114;VELEUČILIŠTE VELIKA GORICA;1682.50;6;0.00
2026;75665455333;UNIQA OSIGURANJE D.D.;1668.82;1;0.00
2026;48667832768;SVIBANJ PROJEKT DOO;1654.88;1;0.00
2026;60602848357;FEHER I JURKOVIĆ DOO;1653.75;1;0.00
2026;08106331075;KARLOVAČKA BANKA KARLOVAC;1650.50;8;0.00
2026;54200400007;TAEKWONDO KLUB MAKSIMIR;1650.00;1;0.00
2026;64406809162;SREDIŠNJE KLIRINŠKO DEPOZITARNO DRUŠTVO D.D.;1649.61;4;0.00
2026;28457369235;EPTISA ADRIA DOO;1648.29;1;0.00
2026;42113416920;PROTIS DOO;1644.34;2;0.00
2026;45431278864;TOPIĆ USLUGE DOO;1634.70;1;0.00
2026;68580128211;BILIĆ - ERIĆ D.O.O. ZA PRIVATNU ZAŠTITU;1626.00;7;0.00
2026;75706303106;GEOSPACE DOO ZA GEODETSKE USLUGE;1619.53;2;0.00
2026;99702507717;HRVATSKI SAVJET ZA ZELENU GRADNJU;1600.00;1;0.00
2026;03606987098;SIVIDA DOO ZA TRGOVINU I USLUGE;1600.00;1;0.00
2026;39672837472;SPEKTAR PUTOVANJA D.O.O.;1597.00;4;0.00
2026;34279353714;DOBROVOLJNO VATROGASNO DRUŠTVO LIPNICA;1592.68;4;0.00
2026;25469027977;PIO DOO;1562.56;2;0.00
2026;74645378611;GEOMATIKA DOO;1541.48;1;0.00
2026;48671346974;TERMO SERVIS D.O.O.;1538.75;3;0.00
2026;32787730056;UDRUGA POSLODAVACA U ZDRAVSTVU HRVATSKE;1530.00;1;0.00
2026;53523506581;VETTI GROUP DOO ZA VETERINARSKU DJELATNOST;1525.00;3;0.00
2026;29826029812;OPĆINA MOŠĆENIČKA DRAGA;1522.68;4;0.00
2026;33303048459;TEATAR CIRKUS PUNKT;1520.00;2;0.00
2026;42684119555;GEOSUPPORT DOO;1513.08;1;0.00
2026;97493922891;FOLKLORNI ANSAMBL TUROPOLJE;1500.00;1;0.00
2026;69003941831;GLAM LAB DOO ZA USLUGE;1500.00;1;0.00
2026;44622295635;HRVATSKA UDRUGA ARS ORGANI SISCIAE;1500.00;2;0.00
2026;44469728480;HKA OKVIR DOO;1500.00;1;0.00
2026;51397634592;LEOPOLD MOZART UDRUGA RODITELJA UČENIKA GLAZBE I PLESA;1500.00;1;0.00
2026;14799637945;DESTINACIJA SENZACIJA DOO;1500.00;1;0.00
2026;80514925712;DIFFERO STUDIO DOO ZA USLUGE;1500.00;1;0.00
2026;16495188637;ART CON I ING DOO;1500.00;1;0.00
2026;54261731161;DESIGN OFFICE DOO;1500.00;1;0.00
2026;51555534187;GEOBOND DOO;1500.00;1;0.00
2026;10698224903;ZU ZA LJEKARNIČKU DJELATNOST LJEKARNE VAŠE ZDRAVLJE;1496.45;1;0.00
2026;15370173467;GAP ELEMENT D.O.O.;1494.57;14;0.00
2026;78511489289;TRI-TOM D.O.O.;1493.20;2;0.00
2026;82274415076;AGRO MART DOO ZA INT VETERINARSKE DJEL I TRGOVINU;1475.00;2;0.00
2026;85987073424;TEAM PRINT DOO;1474.06;2;0.00
2026;37196134947;TI-SAN D.O.O.;1472.00;8;0.00
2026;57942802146;DRUŠTVO UMJETNIKA SUVREMENOG CIRKUSA;1470.00;1;0.00
2026;34425332342;ZAKLADA ZLATKO CRNIĆ;1459.95;1;0.00
2026;89978046220;PLAYER DOO ZA TRGOVINU I USLUGE;1458.75;1;0.00
2026;62513325106;KOVNICA D.O.O.;1430.00;6;0.00
2026;97140949818;KULTURNO UMJETNIČKO DRUŠTVO ŽUMBERČANI;1400.00;1;0.00
2026;79817762581;KRŠĆANSKA SADAŠNJOST D.O.O.;1400.00;1;0.00
2026;47197093823;ČIPKICE-UDRUGA ZA PROMICANJE TRADICIJSKE GLAZBE;1400.00;1;0.00
2026;92014037503;KLAPA DIŠPET;1400.00;1;0.00
2026;55694512221;ZAKLADA VESNA KRMPOTIĆ;1400.00;1;0.00
2026;30368783511;ACUMEN DOO;1400.00;1;0.00
2026;05587151358;VEDIS D.O.O.;1400.00;1;0.00
2026;73420960788;MEDIJSKI INFORMATIVNI CENTAR;1400.00;1;0.00
2026;25308026432;UMJETNIČKA ORGANIZACIJA PROJEKT;1400.00;1;0.00
2026;44004110923;ING CTRL DOO;1400.00;1;0.00
2026;60192951611;HRVATSKI LIJEČNIČKI ZBOR;1400.00;1;0.00
2026;97682936766;UDRUGA URANIA;1400.00;1;0.00
2026;05602695082;ZAGREBAČKI VERGL;1400.00;1;0.00
2026;38627221736;UDRUGA ZA POPULARIZACIJU HRVATSKOG STRIPA ART 9;1400.00;1;0.00
2026;65428906059;UDRUGA LIČANA I PRIJATELJA LIČKO PRELO ZAGREB;1400.00;1;0.00
2026;50212275892;UDRUGA ZA RAZVOJ KULTURE TOČKA KULTURE;1400.00;1;0.00
2026;02952816979;GLAZBENI CENTAR PAPANDOPULINE;1400.00;1;0.00
2026;39538904049;DIVAN TEATAR;1400.00;1;0.00
2026;45179435526;HRVATSKA STUDENTSKA ASOCIJACIJA;1400.00;1;0.00
2026;18379602102;KAŠMIR PROMET D.O.O.;1400.00;1;0.00
2026;61097943081;UDRUGA ATOM;1400.00;1;0.00
2026;26730147815;UDRUGA PRIJATELJA HRVATSKIH BOŽIĆNIH JASLICA;1400.00;2;0.00
2026;52729842986;ČUVARICE VREMENA;1400.00;1;0.00
2026;40001365495;UMJETNIČKA ORGANIZACIJA FRONESIS;1400.00;1;0.00
2026;09648613435;ĆIRILO METODOV KOR;1400.00;1;0.00
2026;01272942926;ŽENSKI VOKALNI SASTAV KORALDE;1400.00;1;0.00
2026;71414839114;UMJETNIČKA ORGANIZACIJA PERIFERIJA;1400.00;1;0.00
2026;17504997569;PINOKIO KLUB ZA DJECU;1400.00;1;0.00
2026;05746818670;MATICA HRVATSKIIH UMIROVLJENIKA GRADA ZAGREBA;1400.00;1;0.00
2026;06597839139;DOBROVOLJNO VATROGASNO DRUŠTVO HRAŠĆE;1400.00;1;0.00
2026;98238892569;UMJETNIČKA ORGANIZACIJA DRAMI SI MAMI;1400.00;1;0.00
2026;92355144075;UDRUGA RUDOLF;1400.00;1;0.00
2026;65730285466;JUTRO POEZIJE;1400.00;1;0.00
2026;90332893585;DOMIN PLIN DOO;1399.44;2;0.00
2026;18777611506;DOBROVOLJNO VATROGASNO DRUŠTVO BRANOVEC;1393.56;7;0.00
2026;16082815974;FIRST SHOOTER JDOO;1378.09;1;0.00
2026;82752153530;ZAGREBINSPEKT D.O.O.;1375.00;2;0.00
2026;99030025645;KONTOST PROJKET DOO ZA USLUGE;1375.00;1;0.00
2026;14659862131;GREGIĆ ADVISORY DOO;1365.00;1;0.00
2026;63242698145;TAHIMETAR D.O.O. ZA GEODETSKE DJELATNOSTI;1356.25;4;0.00
2026;76698676880;CENTRALNA PERSPEKTIVA DOO;1350.00;1;0.00
2026;28147750893;METALMINERAL MONTAŽA DOO;1350.00;1;0.00
2026;05050699714;RIGETA D.O.O.;1340.79;1;0.00
2026;63746011055;R PLUS V DOO ZA DIZAJN;1320.00;1;0.00
2026;02380139739;THRUST DOO;1320.00;1;0.00
2026;49281407435;GEODATA PROJEKT D.O.O.;1320.00;1;0.00
2026;36233544501;GRAĐEVINSKI RADOVI D.O.O.;1316.28;5;0.00
2026;51028550278;ZAVOD ZA INTEGRALNU KONTROLU D.O.O.;1312.50;1;0.00
2026;11986338639;INSTITUT ZA DRUŠTVENA ISTRAŽIVANJA SVEUČILIŠTA U ZAGREBU;1309.00;1;0.00
2026;63312231321;ZAMOST DOO;1300.00;1;0.00
2026;70874114894;AUTOKLUB JASTREBARSKO;1278.00;6;0.00
2026;50216747086;KULTURNO UMJETNIČKO DRUŠTVO BIJELO BRDO;1260.00;1;0.00
2026;68723580952;WAVES KOMUNIKACIJE DOO ZA USLUGE;1260.00;1;0.00
2026;40496849081;ZEBAU D.O.O.;1250.00;1;0.00
2026;76108805525;HRVATSKA AGENCIJA ZA CIVILNO ZRAKOPLOVSTVO;1250.00;1;0.00
2026;84210581427;TRGOCENTAR D.O.O.;1250.00;12;0.00
2026;94182844770;UDRUGA GLAZBENA KUĆA;1240.00;1;0.00
2026;21688419865;CMC GROUP DOO;1235.99;4;0.00
2026;45547576946;OBZOR PUTOVANJA DOO TURISTIČKA AGENCIJA;1230.00;3;0.00
2026;72864274418;PRO ALARM RJEŠENJA DOO ZA PRIVATNU ZAŠTITU OSOBA I IMOVINE;1225.00;1;0.00
2026;79237503397;DRAMSKA UDRUGA KAJ;1200.00;2;0.00
2026;32319202111;GEOKVADRAT DOO;1200.00;1;0.00
2026;06855487087;MT MJERNA TEHNIKA D.O.O.;1198.63;2;0.00
2026;42821159693;NADBUSKUPSKI DUHOVNI STOL GLAS KONCILA UREDNIŠTVO I UPRAVA;1190.00;1;0.00
2026;41317489366;HEP PLIN DOO;1184.92;17;0.00
2026;36036279818;FLINK D.O.O.;1173.54;2;0.00
2026;27033952207;AUTOCENTAR VRBOVEC D.O.O.;1166.00;12;0.00
2026;09832370191;SOLUM INŽENJERING DOO;1161.52;1;0.00
2026;95499898768;PRAVOKUTNIK DOO ZA ARHITEKTURU I VJEŠTAČENJA;1140.00;2;0.00
2026;28077892245;GNOSIS;1125.00;1;0.00
2026;25439818475;HFC GRUPA DOO;1115.63;7;0.00
2026;10703950882;INSPIRO DUO DOO;1114.88;2;0.00
2026;88150534338;ODAŠILJAČI I VEZE DOO;1112.66;9;0.00
2026;21720748086;RONIS DOO;1104.42;3;0.00
2026;68800865154;HRVATSKI CENTAR ZA ISTRAŽIVAČKO NOVINARSTVO I SLOBODU MEDIJA;1100.00;1;0.00
2026;19973542832;WEBPOWER ADRIA DOO;1100.00;6;0.00
2026;25640412631;SAVEZ GLUHIH  I NAGLUHIH GRADA ZAGREBA;1080.00;6;0.00
2026;85293269150;CORDIS DOO;1069.47;36;0.00
2026;72931567836;OPĆINSKI SUD SESVETE;1060.03;6;0.00
2026;85031837779;INOVINE D.D.;1060.00;1;0.00
2026;71476965189;UDRUGA STUDENTATA DUBROVNIKA LIBERTAS;1050.00;1;0.00
2026;12526979697;OKUD TREŠNJEVKA;1050.00;1;0.00
2026;29284356244;UDRUGA ŽENA OBOLJELIH I LIJEČENIH OD RAKA SVE ZA NJU;1050.00;1;0.00
2026;42721290987;UMJETNIČKA ORGANIZACIJA RIKŠAFILM;1050.00;1;0.00
2026;35450539090;HRVATSKI KATOLIČKI ZBOR MI;1050.00;1;0.00
2026;81113719670;HINING PRO DOO;1050.00;1;0.00
2026;58902407978;PROJEKTOR;1050.00;1;0.00
2026;96371000697;SVEUČILIŠTE U OSIJEKU PREHRAMBENO TEHNOLOŠKI FAKULTET OSIJEK;1050.00;1;0.00
2026;57683978003;POTOMAC GRUPA DOO;1033.20;1;0.00
2026;57404705059;KS UPRAVITELJ NEKRETNINAMA DOO;1029.00;7;0.00
2026;32380799753;BIĆE SVJETLOSTI JDOO ZA USLUGE;1025.00;1;0.00
2026;52186644974;BILUX DOO;1025.00;2;0.00
2026;75572393382;CONARVI LINE JDOO ZA TRGOVINU I USLUGE;1000.00;1;0.00
2026;56744592283;SOMA DESIGN DOO;1000.00;1;0.00
2026;36392786508;KLUB IGRAČA AMERIČKOG NOGOMETA PATRIOTE;1000.00;1;0.00
2026;35414990068;HRVATSKI ROBOTIČKI SAVEZ;1000.00;1;0.00
2026;63745230199;ODVJETNIČKO DRUŠTVO ZORIĆ I KARAČIĆ DOO;1000.00;1;0.00
2026;87337408652;DRUŠTVO ZA POPULARIZACIJU ZNANOSTI VINKO DVORAK;1000.00;1;0.00
2026;31407797858;IVKOM DOO;999.43;1;0.00
2026;10034615172;MIMAT COMPANY DOO;997.50;1;0.00
2026;82812328597;SOKOL DOO;995.40;13;0.00
2026;51668305252;LASER PROM D.O..O.;990.00;1;0.00
2026;33548604975;SAFIR DOO;987.50;1;0.00
2026;09575099931;PROJEKT JEDNAKO RAZVOJ D.O.O.;987.50;1;0.00
2026;75289082816;BERIOM PROMO DOO;975.00;1;0.00
2026;15573308024;LIBURNIA RIVIERA HOTELI D.D.;971.86;5;0.00
2026;99385644510;TIGAR TEATAR;950.00;1;0.00
2026;25858858563;MREŽA MLADIH HRVATSKE;950.00;1;0.00
2026;64308723629;INSTAR CENTER DOO;949.66;2;0.00
2026;94505281348;TK ELEVATOR EASTERN EUROPE GMBH PODRUŽNICA ZAGREB;943.75;7;0.00
2026;06771539298;TRAUSSNIG DOO;900.00;2;0.00
2026;11702745743;AUTOHTONI OKUSI JDOO;900.00;1;0.00
2026;89943934666;GRADION PROJEKT DOO ZA GRADITELJSTVO I USLUGE;900.00;1;0.00
2026;08278545377;FIRE BROTHERS DOO;880.00;1;0.00
2026;91870105507;JADRANOVO DOO;875.00;1;0.00
2026;75508100288;HRVATSKA ZAJEDNICA RAČUNOVOĐA I FINANCIJSKIH DJELATNIKA;875.00;4;0.00
2026;59964152545;MIKRONIS D O O;863.66;1;0.00
2026;46102786248;ORGANIZATOR D.O.O.;860.20;4;0.00
2026;04285291719;UČILIŠTE APPA;854.00;2;0.00
2026;32111742300;ZAGREB PLAKAT DOO;850.00;6;0.00
2026;77315050125;UMJETNIČKA ORGANIZACIJA DRAMSKA PRODUKCIJA KALEIDOSKOP;850.00;1;0.00
2026;84232034227;UDRUGA ERGO ARTIS;840.00;1;0.00
2026;46674295008;HRVATSKO ASFALTERSKO DRUŠTVO;837.50;2;0.00
2026;53969486500;MINISTARSTVO RADA MIROVINSKOG SUST OBITELJI I SOC POLITIKE;832.41;2;0.00
2026;21246000051;PARTNER ELEKTRIC D.O.O.;825.00;1;0.00
2026;79069474349;DHL INTERNATIONAL DOO;810.26;3;0.00
2026;38029090084;UREDSKI SISTEMI D.O.O.;808.75;2;0.00
2026;61364580715;UDRUGA BIOFILA HRVATSKE;800.00;2;0.00
2026;27208467122;SVEUČILIŠTE U ZAGREBU EKONOMSKI FAKULTET;800.00;19;0.00
2026;01682666895;MAĐIONIČAR JAPA DOO;800.00;2;0.00
2026;58747941387;TOVEDO D.O.O.;799.00;1;0.00
2026;89180831549;OBITELJSKO HUMANITARNO SPORTSKA UDRUGA NAPAĆENI OČEVI;794.00;1;0.00
2026;44110106406;NOVI LIST D.D.;786.16;1;0.00
2026;76663423558;NACIONAL NEWS CORPORATION DOO;779.39;2;0.00
2026;66486182714;MINISTARSTVO OBRANE RH;768.64;30;0.00
2026;91318471561;GIGA DOO;753.10;1;0.00
2026;16066267150;DVD ODRA;750.00;1;0.00
2026;58910952152;PALIJAN DOO;750.00;1;0.00
2026;53306211023;CROMEDIC AMBULANCE;750.00;1;0.00
2026;02652905925;TAHOMA DOO;726.00;2;0.00
2026;76080865307;OTIS DIZALA D.O.O.;712.50;7;0.00
2026;29175243249;NAJAM OGRADA DOO ZA PROIZVODNJU TRGOVINU I USLUGE;708.60;1;0.00
2026;70427199569;PP ORAHOVICA DOO;706.38;1;0.00
2026;53861479363;MOTEL PLITVICE DOO U STEČAJU;700.11;1;0.00
2026;90964883149;PLESNI SOLISTI;700.00;1;0.00
2026;95889895623;MATICA HRVATSKIH UMIROVLJENIKA NOVI ZAGREB;700.00;1;0.00
2026;71127634672;TAI VORTA;700.00;1;0.00
2026;26424834057;CORTO LITERARY DOO;700.00;1;0.00
2026;38972231293;PLANETOPIJA D.O.O.;700.00;1;0.00
2026;57961950290;HAND DOO;693.00;1;0.00
2026;11342631919;GEOFORMAT D.O.O. ZA USLUGE;686.81;2;0.00
2026;14987768907;INSTO CENTAR D.O.O. ZA SAVJETOVANJE I USLUGE;675.00;1;0.00
2026;07406857929;LJEKARNE MANDISPHARM;673.00;1;0.00
2026;37731280508;APPA 365 DOO;672.00;1;0.00
2026;83718300522;TIM4PIN D.O.O. ZA SAVJETOVANJE;670.00;4;0.00
2026;45763429642;DJEČJI VRTIĆ CIPELICA;660.00;8;0.00
2026;79643248889;IN TRI DOO ZA MULTIMEDIJALNE DJELATNOSTI;660.00;1;0.00
2026;16756522442;JURKO USLUGE DOO ZA GRAĐENJE I TRGOVINU;653.40;1;0.00
2026;01682048413;LIKOS PRINT JDOO ZA USLUGE;650.00;1;0.00
2026;38027917553;VD JAVNOG BILJEŽNIKA TOMISLAV GAROFULIĆ;647.99;2;0.00
2026;46144176176;HRVATSKI DRŽAVNI ARHIV ZAGREB;646.76;1;0.00
2026;20387977481;PRS FM & LOPEROSA DOO;642.90;4;0.00
2026;30295003016;KOMUNALAC DOO;638.68;7;0.00
2026;53656152979;MM BOBAN BOBAN DOO;632.80;2;0.00
2026;22564207533;HENDRIH FELDBAUER DOO;625.00;1;0.00
2026;32585099777;GAČIĆ KATA;621.25;1;0.00
2026;78563265065;LEYO PRODUCTION JDOO;618.75;1;0.00
2026;32663870218;HRVATSKI INSTITUT INTERNIH REVIZORA;615.00;3;0.00
2026;68924850471;BOBAN TIHOMIR;613.31;1;0.00
2026;86828835656;FORTUNA DOO;600.00;1;0.00
2026;85230938033;STUDIO STATIKE DOO ZA PROJEKTIRANJE;600.00;1;0.00
2026;04218464722;UDRUGA KULTURNI KLUB O GRADA;600.00;1;0.00
2026;48074983612;NINA VET DOO ZA USLUGE;600.00;1;0.00
2026;52516630471;DOBROVOLJNO VATROGASNO DRUŠTVO TRPUCI;600.00;1;0.00
2026;90848334607;PROJEKT PARESIA VL TINA PRIMORAC;600.00;1;0.00
2026;29091031016;LEPTIR-BITI DOO;600.00;1;0.00
2026;54597133705;KIT DOO ZA TRGOVINU I USLUGE;599.90;1;0.00
2026;65553879500;HGSPOT GRUPA DOO;598.91;1;0.00
2026;80805858278;KD VODOVOD I KANALIZACIJA DOO;594.02;7;0.00
2026;42761894507;BOREA DOO;582.97;1;0.00
2026;28011548575;SVEUČILIŠTE U ZAGREBU -  FAKULTET POLITIČKIH ZNANOSTI;575.00;10;0.00
2026;54688366525;VENEFICUS DOO;569.15;3;0.00
2026;36389528408;VETERINARSKI FAKULTET SVEUČILIŠTA U ZAGREBU;562.50;2;0.00
2026;28491086971;MIRT INTERIJER DOO;562.50;1;0.00
2026;21285804919;ACT PRINTLAB DOO;556.25;1;0.00
2026;57236952892;MIVA D.O.O;554.00;1;0.00
2026;84375283263;BIROTEHNIKA CENTAR ZA DOPISNO OBRAZOVANJE;553.22;1;0.00
2026;61970000850;UDRUGA LASTIN REP;550.00;1;0.00
2026;09248242550;UDRUGA RAČUNOVOĐA  FINANCIJSKIH DJELATNIKA;540.00;2;0.00
2026;90633715804;SVEUČILIŠTE U ZAGREBU FILOZOFSKI FAKULTET;530.90;10;0.00
2026;21353746909;KONTROLING KOGNOSKO DOO;525.00;1;0.00
2026;13806526186;SAMOBORSKA BANKA DD;524.50;8;0.00
2026;83545131955;ODVJETNICA ZVJEZDANA ZNIDARČIĆ BEGOVIĆ;512.50;4;0.00
2026;39316442148;CENTAR ZA CIVILNE INICIJATIVE;510.00;2;0.00
2026;22586644992;UMJETNIČKA ORGANIZACIJA KUGLI & KUGLI;510.00;1;0.00
2026;48270876028;DUN & BRADSTREET DOO;510.00;1;0.00
2026;45463979688;BANANA TON DOO;500.00;1;0.00
2026;26391176701;PINKLEC KLUB JDOO;500.00;1;0.00
2026;53690373236;NOGOMETNI KLUB DRAGONOŽEC;500.00;1;0.00
2026;41412256601;UDRUGA DRAGOVOLJACA I VETERANA DR RH PODRUŽNICA GRAD ZAGREB;500.00;1;0.00
2026;67619852476;O, NE RADIONA D.O.O. ZA TRGOVINU I USLUGE;500.00;1;0.00
2026;99127335475;AUTO KLUB DUBRAVA;500.00;1;0.00
2026;05782885181;ŠAHOVSKI KLUB MAKSIMIRSKI GAMBIT;500.00;1;0.00
2026;79517545745;HANZA MEDIA D.O.O.;499.98;1;0.00
2026;81830675564;ENTI ŠPORT DOO;499.00;1;0.00
2026;21819941955;TURIST DOO ZA UGOSTITELJSTVO I TRGOVINU;498.30;2;0.00
2026;66756530219;DIGITECH DOO;497.50;1;0.00
2026;43817701790;VIVATIP D.O.O;492.50;2;0.00
2026;54776266991;KIF PRO DOO;479.60;16;0.00
2026;64942661827;GRAD JASTREBARSKO;478.13;1;0.00
2026;93075770066;AUTOKLUB RIJEKA;476.00;14;0.00
2026;22694857747;EUROHERC OSIGURANJE D.D.;474.99;1;0.00
2026;81424995264;ERG D.O.O.;468.75;1;0.00
2026;35909842074;AL TEH DOO;468.75;1;0.00
2026;08747661196;ŠPICA SUSTAVI D.O.O.;466.54;1;0.00
2026;63182396571;DUĆAN DOO;466.00;1;0.00
2026;44430332290;SVE ZA SPORT DOO ZA USLUGE TURISTIČKA AGENCIJA;465.00;1;0.00
2026;78093047651;24 SATA DOO;462.50;1;0.00
2026;74660437164;DRŽAVNI HIDROMETEOROLOŠKI ZAVOD;450.00;2;0.00
2026;49587928436;UDRUGA ZA POBOLJŠANJE KVALITETE ŽIVOTA ČISTA POZITIVA;450.00;1;0.00
2026;13321923957;GERO D.O.O.;437.10;1;0.00
2026;64021574271;KEMOBOJA-DUBRAVA DOO ZA TRGOVINU;420.03;1;0.00
2026;78286431452;BESTRENT DOO;413.75;1;0.00
2026;52316128797;DITOBIT DOO;400.00;1;0.00
2026;72912838369;KAZALIŠNA DRUŽINA TEATAR PRESTIGE;400.00;1;0.00
2026;45943459741;RIJEČI/ PRAVE/ PREDSTAVE;400.00;1;0.00
2026;25617911493;SOFTBALL KLUB NOVI ZAGREB;400.00;1;0.00
2026;34380325084;GEO ZIK JDOO;399.87;1;0.00
2026;02788022793;BELA SPORT DOO ZA TRGOVINU I USLUGE;395.35;1;0.00
2026;14928169691;MIHALJEVIĆ NIKOLINA;385.34;1;0.00
2026;55178702078;OPTIMA PROJEKT DOO ZA GRADITELJSTVO NADZOR I USLUGE;380.00;1;0.00
2026;90896496260;IMPERIAL RIVIERA D.D.;378.00;1;0.00
2026;75508711169;M.M.BOBAN VINODOL D.O.O.;377.10;1;0.00
2026;39995615488;HKIG - EDUCA D.O.O.;375.00;1;0.00
2026;74500888901;POSIFLEX DOO;358.75;1;0.00
2026;28817560444;HRVATSKI LOVAČKI SAVEZ;350.00;1;0.00
2026;88237683881;FURKI SPORT DOO ZA USLUGE;350.00;1;0.00
2026;81434223394;VERIDON D.O.O. ZA SAVJETOVANJE I GRADITELJSTVO;350.00;2;0.00
2026;65282539610;ZAVIČAJNO DRUŠTVO VIROVITIČANA U ZAGREBU;350.00;1;0.00
2026;33104804103;DOBRO RJEŠENJE DOO;348.83;1;0.00
2026;81474163923;SPORTSIUM GRUPA DOO;342.30;1;0.00
2026;10350279556;ALKA SCRIPT D.O.O.;334.58;1;0.00
2026;57500462912;HRVATSKE AUTOCESTE D.O.O.;322.18;3;0.00
2026;58773645551;ARTELIER SAFARI VL ANTONIA RUKAVINA;320.00;1;0.00
2026;44162731570;INTERART GRAFIKA DOO ZA USLUGE I TRGOVINU;317.50;1;0.00
2026;65638061875;SUPERKNJIŽARA DOO ZA TRGOVINU I USLUGE;316.25;1;0.00
2026;40246502555;PROMOPRINT DOO;315.00;2;0.00
2026;85167032587;HRVATSKA GOSPODARSKA KOMORA;312.50;1;0.00
2026;04342362657;STUDIO 2M DOO;312.50;1;0.00
2026;91300378805;MAJSTORI SVIJEĆA DOO;300.30;1;0.00
2026;31208074467;UDRUGA ZELENI KLIK;300.00;1;0.00
2026;02772298660;OLD GOLD CLUB UDRUGA ZA PROMIC INTERESA OSOBA STARIJE ŽIV DO;300.00;1;0.00
2026;46940268196;GEOCONTROL EAST DOO;300.00;2;0.00
2026;18754661702;ADAPT ONE SOLUTION DOO ZA TURIZAM I USLUGE;300.00;1;0.00
2026;93830136269;VMD SERVIS DOO;291.20;7;0.00
2026;32874587842;DRAGER SAFETY D.O.O.;289.40;1;0.00
2026;10604441351;AUTO MOTO KLUB KRIŽEVCI;284.00;12;0.00
2026;67236319316;UNIKOMERC AUTOMOBILI DOO;282.20;1;0.00
2026;00785925350;KOJO DOO;280.00;1;0.00
2026;13439120211;BINA ISTRA DD;277.40;9;0.00
2026;76221238110;PROMET D.O.O. ZA PRIJEVOZ PUTNIKA MAKARSKA;275.00;11;0.00
2026;27921976652;NOVA FORMA DOO ZA PROIZVODNJU PROMET I USLUGE;275.00;1;0.00
2026;41200498236;NOVUS ADRIA DOO ZA TRGOVINU I USLUGE;275.00;1;0.00
2026;72137124951;KOVAČEV ING DOO;271.24;1;0.00
2026;44725135398;HENNLICH DOO;264.00;1;0.00
2026;56011107731;MAXILARI DOO;263.59;1;0.00
2026;07378869839;NOVI VAL D.O.O. ZA GRAFIČKU DJELATNOST I TRGOVINU;262.50;1;0.00
2026;84996804446;HRVATSKA UDRUGA ZA ODNOSE S JAVNOŠĆU;256.25;1;0.00
2026;53951737793;HUST DOO;250.00;1;0.00
2026;88826408293;AUTOSERVISNI CENTAR D.D.;248.00;14;0.00
2026;11374156664;Z - EL D.O.O. ZA PROMET ELEKTRONIČKIM KOMPONENTAMA;244.99;2;0.00
2026;95009391308;KLEK COMMERCE D.O.O. ZA TRGOVINU I USLUGE;242.00;9;0.00
2026;68581456127;HRVATSKI AUTOKLUB - TEMELJNI AUTOKLUB VARAŽDIN;241.00;14;0.00
2026;96788101798;BRAND AMBASADOR DOO;240.00;1;0.00
2026;78759188952;OLYMPIA VODICE DD;239.59;1;0.00
2026;58187673244;SELF DETERMINATION THEORY DOO;223.75;1;0.00
2026;49628161380;DVD BUKOVAC;220.00;1;0.00
2026;72908368249;OPĆINA OMIŠALJ;211.51;8;0.00
2026;45065170578;POSLOVNI EDUKATOR DOO;210.00;1;0.00
2026;80574119736;TIME SHUTTLE MREŽA DOO ZA TRGOVINU I USLUGE;200.00;1;0.00
2026;37853505076;POWER NET JDOO ZA USLUGE;200.00;1;0.00
2026;46377257342;KLINIČKI BOLNIČKI CENTAR ZAGREB;199.43;7;0.00
2026;62750394385;AUTO - HRVATSKA D.O.O.- STANICA ZA TEH.PREGLED VOZILA RIJEKA;194.00;6;0.00
2026;56956156104;METAL- PROJEKT D.O.O.;190.00;1;0.00
2026;31608194500;CRESCAT DOO;189.75;1;0.00
2026;56930405488;SLAVONIJATRANS TEHNIČKI PREGLEDI D.O.O.;189.00;7;0.00
2026;79014493590;DOMATO LD DOO;187.50;1;0.00
2026;02156897147;PINO KONZALTING DOO;185.00;2;0.00
2026;54576376096;HERZ D.D.;181.00;12;0.00
2026;95770186528;OEL LAETUS D.O.O.;180.00;1;0.00
2026;61420757013;AUTO KLUB NOVA GRADIŠKA;179.00;12;0.00
2026;86196084068;E RAČUNI DOO;178.50;1;0.00
2026;69525298855;VETERINARSKA BOLNICA HOSPIVET DOO;175.00;1;0.00
2026;01409935901;POGREBNO LUČKO DOO;165.91;1;0.00
2026;49756433865;GAJ GRUPA D.O.O. ZA TRGOVINU I USLUGE;165.91;1;0.00
2026;62148935586;CENTAR ZA DIZAJN I PROMIDŽBU DOO;162.50;1;0.00
2026;76598425509;MATIĆ DOO;160.45;5;0.00
2026;15912171307;BOLJI UPRAVITELJ ZGRADA JDOO;158.82;2;0.00
2026;91090634935;AUTOKLUB SUPETAR;156.00;3;0.00
2026;51489398708;OKINAWA DOO ZA TRGOVINU I USLUGE;154.50;1;0.00
2026;04269148903;PLAVI PROSTOR DOO;150.00;3;0.00
2026;95417725656;385 MEET EVENTS DOO;150.00;1;0.00
2026;22809411811;EURODOM TRGOVINA DOO;139.15;1;0.00
2026;44438339914;GRAFOCENTAR DOO ZA GRAFIČKU DJELATNOST;131.98;1;0.00
2026;77671806963;LIBUKOM JURDANI D.O.O.;130.94;1;0.00
2026;70472000715;BALON CENTAR DOO ZA USLUGE;130.00;1;0.00
2026;92216472413;AUTOCENTAR MERKUR DD;129.40;1;0.00
2026;58839546584;HOTEL OSIJEK DOO ZA TURIZAM;126.60;1;0.00
2026;27566638716;BONUS OPINIO DOO;126.00;1;0.00
2026;55497820258;ODVJETNIČKO DRUŠTVO BALATINEC I NIKOLIĆ DOO;125.00;1;0.00
2026;63913169041;NOVA VES PROJEKT DOO;120.95;1;0.00
2026;78661516143;HRVATSKA ZAJEDNICA OSNOVNIH ŠKOLA;120.00;1;0.00
2026;49721702445;AUTOPRIJEVOZ D.D.;115.00;11;0.00
2026;61160611372;AGROSERVIS STP DOO;114.00;11;0.00
2026;28674400422;AUTOSLAVONIJA D.D. ZA TRG.,POPRAVAK I ODRŽ. MOTORNIH VOZILA;107.00;10;0.00
2026;22388062345;PROMO SPOT DOO;105.05;1;0.00
2026;04155352667;PONIKVE EKO OTOK KRK DOO;102.99;1;0.00
2026;43230313484;MADERO & BEAUTY GABRIJELA JDOO;100.00;1;0.00
2026;44298008659;STEČAJNA MASA IZA TEMPO DD U STEČAJU;100.00;1;0.00
2026;80058362188;MOJ URED DOO ZA PROIZVODNJU TRGOVINU I USLUGE;95.39;1;0.00
2026;74604769290;BIROMA DOO;94.75;1;0.00
2026;64125437677;PONIKVE VODA D.O.O.;92.32;8;0.00
2026;24444413949;AT ITPS DOO;90.98;7;0.00
2026;71890227727;KAPLJICA D.O.O.;89.60;1;0.00
2026;29400498330;STANICA ZA TEHNIČKI PREGLED VOZILA D.O.O. - PITOMAČA;89.00;11;0.00
2026;10044285421;AUTO KLUB HVAR;88.00;10;0.00
2026;88645558956;MDM UPRAVLJANJE DOO;84.81;6;0.00
2026;82667270868;AUTOCESTA ZAGREB-MACELJ DOO;83.90;10;0.00
2026;32603881196;AUTOPROMET D.D.;83.00;11;0.00
2026;42718923078;AUTO KLUB NAŠICE;81.00;13;0.00
2026;26416570803;SVEUČILIŠTE J J STROSSMAYERA U OSIJEKU - PRAVNI FAKULTET;81.00;3;0.00
2026;19675952210;VAKON ING DOO;80.00;1;0.00
2026;90439696130;VULKAL DOO;70.40;1;0.00
2026;52278424824;INFORMATIKA SISTEMI DOO;68.99;1;0.00
2026;28370392421;AK VINKOVCI;68.00;6;0.00
2026;10009650154;IRON MOUNTAIN HRVATSKA DOO;62.50;1;0.00
2026;13529271893;INTERPRETA USLUGE DOO;62.50;1;0.00
2026;36941458821;CENTAR KOVAČIĆ D.O.O.;60.00;12;0.00
2026;76656069231;ODVJETNIK DRAŽEN JERKOVIĆ;51.56;2;0.00
2026;29873902790;SRPSKO NARODNO VIJEĆE-NAC.KOORD.VIJEĆA SR.NAC.MANJINE U R.H.;51.00;1;0.00
2026;94139426897;USTANOVA ZA ZDRAVSTVENU SKRB PROFOZIĆ;50.00;1;0.00
2026;78796880101;MILENIJ HOTELI D.O.O.;50.00;1;0.00
2026;79989039179;DURTECH GROUP DOO;49.80;3;0.00
2026;10235187780;RAPTOR FLEET DOO;41.81;1;0.00
2026;28221820465;AUTO KLUB PAZIN;41.00;8;0.00
2026;18603084012;VAL SAVJETOVANJE DOO;40.00;1;0.00
2026;10750578045;SVEUČILIŠTE ALGEBRA BERNAYS;40.00;1;0.00
2026;17231519023;KAZNIONICA U VALTURI ODJEL ZA RAD I STRUKOVNU IZOBRAZBU;30.00;7;0.00
2026;29113541841;VODOOPSKRBA I ODVODNJA ZAPREŠIĆ D.O.O.;27.14;8;0.00
2026;04150850819;SVEUČILIŠTE  J J STROSSMAYERA U OSIJEKU GRAĐ I ARHITEK FAKUL;27.00;1;0.00
2026;95494259952;FAKULTET ELEKTROTEHNIKE RAČNARSTVA I INF TEH OSIJEK;27.00;1;0.00
2026;25329931628;SVEUČILIŠTE U ZAGREBU KINEZIOLOŠKI FAKULTET;26.54;2;0.00
2026;10358464591;ODVJETNIČKO DRUŠTVO POTOČNJAK I PARTNERI DOO;26.46;1;0.00
2026;29573709870;VELEUČILIŠTE U RIJECI;25.00;1;0.00
2026;99333100809;STANICA ZA TEHNIČKI PREGLED VOZILA BLATO DOO;24.00;6;0.00
2026;18623146104;SUĆUT DOO;23.76;2;0.00
2026;18180861064;ZAHVALE I SJEĆANJA DOO;23.76;2;0.00
2026;08308894711;ESPLANADE OLEANDER DOO;23.00;1;0.00
2026;19474197789;IRIS PRIJEVOZ JDOO;22.90;1;0.00
2026;31147921878;IKARPLAST D.D.;21.00;1;0.00
2026;75480885018;VELEUČILIŠTE U KRIŽEVCIMA;19.91;1;0.00
2026;62462242629;VG VODOOPSKRBA D.O.O.;19.39;2;0.00
2026;72226488129;UČITELJSKI FAKULTET SVEUČILIŠTA U ZAGREBU;16.59;1;0.00
2026;59624928052;SVEUČILIŠTE SJEVER;13.27;1;0.00
2026;95596568733;VRŠITELJ DUŽNOSTI JAVNOG BILJEŽNIKA IVAN MARČINKO;12.50;1;0.00
2026;98829547423;BLUE DRIVE JDOO;10.90;1;0.00
2026;48343886965;PLESO PRIJEVOZ DOO;9.00;1;0.00
2026;67131617872;DS SMITH BELIŠĆE CROATIA DOO;8.00;4;0.00
2026;02958272670;HRVATSKI ZAVOD ZA ZDRAVSTVENO OSIGURANJE;7.84;1;0.00
2026;03714155365;INDUSTROGRADNJA DD U STEČAJU;6.64;1;0.00
2026;87342329948;GRADSKI PARKING DOO;3.00;2;0.00
2026;43600498596;KOMUNALNE USLUGE CRES LOŠINJ D.O.O.;1.00;1;0.00
2026;89381255328;OPĆINSKO GRAĐANSKO DRŽAVNO ODVJETNIŠTVO;0.54;1;0.00
2026;57362618039;OPĆINSKI SUD U BJELOVARU;0.39;1;0.00
2026;16050079665;AP SUSTAVI NAPAJANJA DOO;0.00;2;0.00
2026;93952250728;CENTAR ZA PROSTORNO UREĐENJE I ARHITEKTURU DOO;0.00;2;0.00
2026;26187994862;CROATIA OSIGURANJE D.D.;0.00;2;0.00
2026;65119154523;KLINIČKA BOLNICA SVETI DUH;-61602.84;3;-0.00
sve;85584865987;ZAGREBAČKI HOLDING D.O.O.;587413515.72;20795;12.44
sve;82031999604;ZAGREBAČKI ELEKTRIČNI TRAMVAJ DOO;580051465.38;1793;12.29
sve;18683136487;MINISTARSTVO FINANCIJA;220389649.58;2408;4.67
sve;59365213244;UPRAVLJANJE SPORTSKIM OBJEKTIMA;86637768.67;132;1.84
sve;00000000010;POVREMENA NESAMOSTALNA I SAMOSTALNA DJELATNOST;78346169.02;2256;1.66
sve;23057039320;ERSTE STEIERMARKISCHE BANK;74049988.57;276;1.57
sve;92963223473;ZAGREBAČKA BANKA  D.D. ZAGREB;73992549.94;681;1.57
sve;73807462275;SPORTSKI SAVEZ GRADA ZAGREBA;73666666.69;31;1.56
sve;83416546499;VODOOPSKRBA I ODVODNJA D.O.O.;61652909.40;22591;1.31
sve;92366589656;JAVNA VATROGASNA POSTROJBA GRADA ZAGREBA;55389982.91;167;1.17
sve;93571946376;KNJIŽNICE GRADA ZAGREBA;50936403.41;239;1.08
sve;74971361430;STRABAG DOO;49556689.21;57;1.05
sve;03744272526;GRADSKO STAMBENO KOMUNALNO GOSPODARSTVO D.O.O.;45907039.32;1512;0.97
sve;89931241548;KAMGRAD D.O.O.;45102806.47;30;0.96
sve;22987484862;ZAGREBAČKE OTPADNE VODE D.O.O.;38257081.94;16;0.81
sve;02535697732;PRIVREDNA BANKA ZAGREB DD;32309171.20;207;0.68
sve;10852199405;HRVATSKO NARODNO KAZALIŠTE;31863171.08;147;0.67
sve;77931216562;URIHO USTANOVA ZA PROF.REHABILITACIJU I ZAP.OSOBA S INVAL.;30185779.19;305;0.64
sve;14482540987;IZGRADNJA FUTURA D.O.O.;25834439.61;87;0.55
sve;63073332379;HEP OPSKRBA D.O.O.;24809836.54;978;0.53
sve;40838744815;BBR ADRIA D.O.O.;24481132.33;32;0.52
sve;76370234816;ELICOM D.O.O.;24218589.69;112;0.51
sve;59569102212;ZAGREBAČKO GRADSKO KAZALIŠTE KOMEDIJA;21246186.39;297;0.45
sve;38657725741;ZAGREBAČKA FILHARMONIJA;18857404.67;238;0.40
sve;89436606278;MEKATRONIK URETIM TEKNOLOJI MUHENDISLIK ANONIM SIRKETI;18162150.25;19;0.38
sve;70362197460;USTANOVA DOBRI DOM GRADA ZAGREBA;17745324.97;74;0.38
sve;23023589098;MODULOR CONSTRUCTIONS DOO;17600965.18;28;0.37
sve;69262261098;USTANOVA ZOOLOŠKI VRT GRADA ZAGREBA;16617456.31;33;0.35
sve;81106567513;DV VRAPČE;16510920.55;287;0.35
sve;91678676896;COMBIS D.O.O.;16433398.01;166;0.35
sve;95660678441;ZAGREBAČKI VELESAJAM DOO;16422961.58;1058;0.35
sve;62485998118;HEDOM  D.O.O.;16115792.47;101;0.34
sve;97345554668;DV BAJKA;15581114.93;255;0.33
sve;07410147801;NILUFER YONETIM DANISMANLIGI INSAAT SANAYI TICARET ANONIM SI;14959944.70;27;0.32
sve;99639891810;PROJEKTGRADNJA PLUS D.O.O;14592654.76;21;0.31
sve;31015599358;DV ŠEGRT HLAPIĆ;14554575.84;312;0.31
sve;13254939546;ZAGREBAČKO KAZALIŠTE MLADIH;14345050.95;344;0.30
sve;69476494959;DV GAJNICE;13909958.65;317;0.29
sve;13530191392;TEH - GRADNJA D.O.O.;13783923.40;50;0.29
sve;88388890400;DV JARUN;13780234.31;253;0.29
sve;66494507454;DV SUNČANA;13681464.27;281;0.29
sve;31422239000;DV SESVETE;13560836.23;328;0.29
sve;78167252842;DV GRIGOR VITEZ;13061171.68;258;0.28
sve;23901219315;GRADSKO DRAMSKO KAZALIŠTE GAVELLA;12919798.05;235;0.27
sve;49823978318;DV TRNSKO;12512847.79;314;0.27
sve;42776586352;DV MARKUŠEVEC;12242388.91;298;0.26
sve;03864029789;DV ZAPRUĐE;12167775.06;328;0.26
sve;13433301401;DV BUKOVAC;11997051.09;269;0.25
sve;20169135633;DV TRATINČICA;11909466.56;314;0.25
sve;31002922849;SPEGRA D.O.O.;11849915.47;64;0.25
sve;20142998436;STORM COMPUTERS D.O.O.;11798727.86;117;0.25
sve;67939296499;DOM ZA STARIJE OSOBE TREŠNJEVKA ZAGREB;11776113.77;252;0.25
sve;81468897500;DV TRAVNO;11726538.02;320;0.25
sve;14774069475;DV EN TEN TINI;11722001.88;289;0.25
sve;05850332623;DV MALEŠNICA;11597991.20;379;0.25
sve;53150371536;HRVATSKI PRIRODOSLOVNI MUZEJ;11556739.61;224;0.24
sve;61817894937;GRAD ZAGREB;11435671.21;4452;0.24
sve;08505654578;DV VRBIK;11357512.47;278;0.24
sve;98656691838;JEDINSTVO KRAPINA DOO;11328090.42;35;0.24
sve;33985054792;DV CVRČAK;11216802.22;304;0.24
sve;76109957666;DV UTRINA;11146133.79;311;0.24
sve;02111947694;DV PREČKO;11035355.02;269;0.23
sve;50467501180;DV RADOST;11029865.69;297;0.23
sve;14638236220;DV HRVATSKI LESKOVAC;11000936.27;338;0.23
sve;54493774760;KONCERTNA DVORANA VATROSLAVA LISINSKOG;10691855.32;170;0.23
sve;09462989768;DV ŠPANSKO;10660968.57;321;0.23
sve;78352024822;MUZEJ SUVREMENE UMJETNOSTI;10493104.85;183;0.22
sve;03901084957;DV LEPTIR;10232671.66;330;0.22
sve;38262788673;GIP PIONIR D.O.O.;10202213.43;27;0.22
sve;08407195933;DV KUSTOŠIJA;10198520.27;272;0.22
sve;58673709931;DV ŠUMSKA JAGODA;10116347.82;313;0.21
sve;31128033678;DV PČELICA;10081620.29;264;0.21
sve;63303576952;DV DUGA;10060006.98;317;0.21
sve;78118217052;DV JABUKA;10006851.83;309;0.21
sve;52044657571;GRADITELJ SVRATIŠTA D.O.O.;9995674.36;1922;0.21
sve;44879111575;NASTAVNI ZAVOD ZA HITNU MEDICINU GRADA ZAGREBA;9818687.96;131;0.21
sve;45434922757;DV BOTINEC;9652234.02;332;0.20
sve;40201821835;DV VEDRI DANI;9582103.53;316;0.20
sve;07292798848;HRVATSKI CRVENI KRIŽ GRADSKO DRUŠTVO CRVENOG KRIŽA ZAGREB;9581924.47;413;0.20
sve;22702558967;DV BUDUĆNOST;9571612.25;290;0.20
sve;94870424008;DV VJEVERICA;9448931.50;282;0.20
sve;87101832767;DV KOLIBRI;9446579.28;272;0.20
sve;56654700279;DV SIGET;9381530.96;266;0.20
sve;10295750223;DV SUNCE;9334320.07;277;0.20
sve;69945190946;DV SAVICA;9309345.00;264;0.20
sve;99506331443;DV TREŠNJEVKA;9299768.90;286;0.20
sve;41077368443;DV RAZLIČAK;9239978.74;251;0.20
sve;46986958358;DV VLADIMIR NAZOR;9109441.00;283;0.19
sve;62112881951;DV REMETINEC;9107725.89;317;0.19
sve;12127688152;VG5 DOO;9034407.22;19;0.19
sve;41026360834;DV SOPOT;8947646.65;268;0.19
sve;71812732448;CENTAR ZA PRUŽANJE USLUGA U ZAJEDNICI MALI DOM;8899582.03;62;0.19
sve;36358816855;DV ZRNO;8826114.97;299;0.19
sve;79532938998;DV IVANA BRLIĆ MAŽURANIĆ;8621595.32;269;0.18
sve;92781436923;DV POLETARAC;8567605.24;274;0.18
sve;26804323093;GRADSKO KAZALIŠTE KEREMPUH;8341054.54;149;0.18
sve;59596000383;DV MEDO BRUNDO;8275364.13;275;0.18
sve;66896155710;DOM ZDRAVLJA ZAGREB ZAPAD;8177009.21;189;0.17
sve;46201053599;DV MALI PRINC;8127618.03;290;0.17
sve;34319349088;DOM ZA STARIJE OSOBE SVETA ANA ZAGREB;7994440.54;224;0.17
sve;43821234370;DV MAKSIMIR;7975529.25;233;0.17
sve;91030829427;DV MILAN SACHS;7910074.63;286;0.17
sve;17353680710;DV PETAR PAN;7732975.07;307;0.16
sve;02728849314;MUZEJ ZA UMJETNOST I OBRT;7712822.37;250;0.16
sve;53838475417;ZAGREBAČKO KAZALIŠTE LUTAKA;7652715.04;155;0.16
sve;25683592460;DV TATJANA MARINIĆ;7652622.51;260;0.16
sve;19262409274;DV POTOČNICA;7646947.28;286;0.16
sve;52822555432;DV ZVONČIĆ;7510641.88;264;0.16
sve;64112328386;DV SREDNJACI;7491074.56;265;0.16
sve;12988772690;P.G.P. D.O.O.;7444976.90;68;0.16
sve;49466263965;DV IZVOR;7426221.43;286;0.16
sve;85671777188;DOM ZA STARIJE OSOBE CENTAR;7304061.19;225;0.15
sve;36861051455;DV TRNORUŽICA;7282789.38;284;0.15
sve;94948888880;XELEMENT DOO SARAJEVO PODRUŽNICA ZAGREB;7209942.52;9;0.15
sve;68441960124;CENT ZA PRUŽ USL U ZAJ ZAGREBAČKI CENT ZA NEOVISNO ŽIVLJENJE;7198485.82;51;0.15
sve;86792006248;DOM ZA STARIJE OSOBE DUBRAVA - ZAGREB;7185543.83;217;0.15
sve;30881792156;DV MEDVEŠČAK;7175200.58;294;0.15
sve;21384342053;DV MATIJA GUBEC;6961773.07;286;0.15
sve;01471402891;ALU-KON DOO;6924000.00;1;0.15
sve;37849898335;MAR DOO ZA GRADITLJSTVO I RADOVE U ENERGETICI;6893979.04;55;0.15
sve;48490379132;PREDUZEĆE ZA PROIZVODNJU TRGOVINU I USLUGE MODULOR DOO;6877130.81;32;0.15
sve;56787155320;DOM ZA STARIJE OSOBE TRNJE;6874598.94;212;0.15
sve;02994650199;APIS IT D.O.O.;6854234.62;619;0.15
sve;88026390655;DOM ZA STARIJE OSOBE MEDVEŠČAK ZAGREB;6758184.53;177;0.14
sve;00000000001;EUROPEAN INVESTMENT BANK;6734060.78;6;0.14
sve;90093318654;DOM ZA STARIJE OSOBE MAKSIMIR;6729668.50;186;0.14
sve;78356795960;JAVNA USTANOVA ZA UPRA PRIRODNIM VRIJEDNOSTIMA GRADA ZAGREBA;6710804.87;43;0.14
sve;91692114950;GKT GRADIN DOO ZA GRADITELJSTVO I TRGOVINU;6704991.05;41;0.14
sve;00053084642;DOM ZDRAVLJA ZAGREB CENTAR;6576696.64;834;0.14
sve;28265486672;GRADSKO KAZALIŠTE TREŠNJA;6543653.56;154;0.14
sve;30468132163;DOM ZA STARIJE I NEMOĆNE OSOBE PARK;6542560.01;41;0.14
sve;56980862387;DV ISKRICA;6501589.87;251;0.14
sve;99544354954;ETNOGRAFSKI MUZEJ;6338573.24;223;0.13
sve;21520217808;SITOLOR DOO;6322940.31;38;0.13
sve;10970597007;DV KRIJESNICE;6292351.40;273;0.13
sve;16890821011;DOM ZA STARIJE OSOBE SVETI JOSIP ZAGREB;6270036.47;275;0.13
sve;68127446342;MUZEJ GRADA ZAGREBA;6163872.77;182;0.13
sve;79960056463;AGRAD PROJEKT DOO;6027699.39;46;0.13
sve;03547184733;DJEČJA BOLNICA SREBRNJAK;6004543.20;59;0.13
sve;46432791617;DOM ZA STARIJE OSOBE PEŠČENICA, ZAGREB;5963537.33;194;0.13
sve;46830600751;HEP - OPERATOR DISTRIBUCIJSKOG SUSTAVA D.O.O.;5959731.02;1135;0.13
sve;05240563443;RESALTA DOO;5701174.95;12;0.12
sve;79157146686;ARHEOLOŠKI MUZEJ U ZAGREBU;5696866.72;225;0.12
sve;42602329951;DOM ZA STARIJE OSOBE KSAVER;5677748.82;204;0.12
sve;70200207247;ZAVOD ZA PROSTORNO UREĐENJE GRADA ZAGREBA;5446500.00;62;0.12
sve;23929404756;TEKTON CONSTRUCTION DOO;5418728.38;38;0.11
sve;11909496026;VATROGASNA ZAJEDNICA GRADA ZAGREBA;5401350.00;31;0.11
sve;48299645518;KODEKS GRADITELJSTVO DOO;5392581.69;109;0.11
sve;87939104217;HRVATSKA POŠTANSKA BANKA D.D.;5310063.87;234;0.11
sve;07777553720;ELEKTROKOVINA LIGHTING DOO;5137109.80;103;0.11
sve;53921712112;ZAGREBAČKI INOVACIJSKI CENTAR D.O.O.;5042254.56;22;0.11
sve;34583734418;EBC SISTEMI D.O.O.;4909709.94;95;0.10
sve;16308837296;MEŠIĆ-COM D.O.O.;4710000.00;1;0.10
sve;33392005961;NASTAVNI ZAVOD ZA JAVNO ZDRAVSTVO DR. ANDRIJA ŠTAMPAR;4692980.42;748;0.10
sve;51439010603;CENTAR ZA REHABILITACIJU SILVER;4647032.48;63;0.10
sve;03430970424;MONTERRA DOO;4615373.53;24;0.10
sve;15589224990;KULTURNI CENTAR TRAVNO;4508126.70;193;0.10
sve;33971755655;VESELČIĆ DOO;4396482.19;88;0.09
sve;37198918530;"TEHNIČKI MUZEJ ""NIKOLA TESLA""";4328319.83;136;0.09
sve;78913530404;JUKIĆ - DAM D.O.O.;4229460.00;6;0.09
sve;67001695549;KING ICT D.O.O.;4097093.99;60;0.09
sve;40102169932;OMEGA SOFTWARE D.O.O.;4089722.98;193;0.09
sve;69693144506;HRVATSKE ŠUME D.O.O.;4084222.60;108;0.09
sve;53056966535;RAIFFEISENBANK AUSTRIA DD;4083875.23;172;0.09
sve;88696689887;SUVAG POLIKLINIKA ZA REHABILITACIJU SLUŠANJA I GOVORA;4026729.81;455;0.09
sve;52480497296;ŠUŠKOVIĆ GRAĐENJE D.O.O.;4015498.97;61;0.09
sve;23414282056;STROJARSKA TEHNIČKA ŠKOLA FAUSTA VRANČIĆA;3977027.53;324;0.08
sve;74149875115;ZAGREBAČKI CENTAR ZA GOSPODARENJE OTPADOM;3918609.85;26;0.08
sve;36955576207;OŠ ŽUTI BRIJEG;3796834.58;311;0.08
sve;47521323377;NARODNO SVEUČILIŠTE DUBRAVA;3790068.50;274;0.08
sve;63702214100;ŠKOLA ZA MEDICINSKE SESTRE MLINARSKA ZAGREB;3733025.88;426;0.08
sve;43566372258;GRADITELJSTVO I TRGOVINA PERIĆ D.O.O.;3658079.74;27;0.08
sve;43965974818;HEP ELEKTRA DOO;3601072.56;15848;0.08
sve;77584434873;ZAGREBAČKI SUNČANI KROVOVI DOO;3601000.00;5;0.08
sve;04280410389;CONCORDIA CONSULTING D.O.O.;3519660.04;34;0.07
sve;33995559159;OŠ SAVSKI GAJ;3504869.98;349;0.07
sve;00432869176;HRVATSKA OSIGURAVAJUĆA KUĆA D.D.;3449756.93;91;0.07
sve;93298204867;REGIONALNA ENERGETSKO KLIMATSKA AGENCIJA SZ HRVATSKE;3446600.00;36;0.07
sve;41389203676;PLANIGRAD PROJEKT D.O.O.;3414455.54;45;0.07
sve;84398178962;GRADSKO KAZALIŠTE ŽAR PTICA;3396933.31;164;0.07
sve;48737778965;TERMORAD DOO;3383053.99;233;0.07
sve;47377939383;OŠ AUGUSTA ŠENOE;3359056.77;394;0.07
sve;90357089001;OŠ LUKA;3284558.99;346;0.07
sve;44900859510;OŠ KRALJA TOMISLAVA;3238293.31;316;0.07
sve;43105237892;DOMINVEST DOO;3107276.59;78;0.07
sve;87311810356;HRVATSKA POŠTA D.D.;3095508.63;282;0.07
sve;51196068839;PSIHIJATRIJSKA BOLNICA ZA DJECU I MLADEŽ;2978500.49;99;0.06
sve;09149352137;OŠ DRAGUTINA DOMJANIĆA;2966222.02;367;0.06
sve;07628779327;OŠ TITUŠA BREZOVAČKOG;2918406.16;308;0.06
sve;04318334164;OŠ ANTE KOVAČIĆA;2913488.10;338;0.06
sve;40477323596;CENTAR ZA KULTURNO DRUŠTVENI RAZVOJ NOVI PROSTORI KULTURE;2873367.61;145;0.06
sve;24061503881;OŠ IVE ANDRIĆA;2868714.52;340;0.06
sve;73051728774;OŠ DRAGUTINA TADIJANOVIĆA;2866972.72;326;0.06
sve;34214604603;OLM INFRA JDOO;2859828.81;47;0.06
sve;50582521257;OŠ MALEŠNICA;2850920.09;351;0.06
sve;99118997944;OŠ KAJZERICA;2834838.43;331;0.06
sve;62432304595;KULTURNO INFORMATIVNI CENTAR;2828969.99;215;0.06
sve;29065880963;OŠ TRNSKO;2809325.22;361;0.06
sve;64645054565;PRIMAT LOGISTIKA DOO;2787567.27;45;0.06
sve;38198952349;DOM ZA DJECU I ODRASLE-ŽRTVE OBITELJSKOG NASILJA DUGA-ZAGREB;2780515.62;61;0.06
sve;75982310877;SPECIJALNA BOLNICA ZA PLUĆNE BOLESTI;2743912.05;77;0.06
sve;81370721673;MONTAŽNE TRIBINE D.O.O. ZA PROIZVODNJU, GRAĐENJE I USLUGE;2736586.09;5;0.06
sve;95032181708;GDI DOO;2713349.96;91;0.06
sve;09253797076;AKD - ZAŠTITA D.O.O. ZA ZAŠTITU OSOBA I IMOVINE;2711102.73;358;0.06
sve;82390971460;USTANOVA ZAGREB FILM;2705598.18;162;0.06
sve;24590198805;ZAGORJE GRADNJA D.O.O.;2702620.74;8;0.06
sve;27854662356;OŠ JELKOVEC;2686081.16;250;0.06
sve;49811265576;TEHNIČKA ŠKOLA RUĐER BOŠKOVIĆ;2671161.84;285;0.06
sve;60669015692;OŠ GUSTAVA KRKLECA;2668709.35;373;0.06
sve;08466144831;OŠ IVANA MEŠTROVIĆA;2666249.63;379;0.06
sve;69136218794;OŠ PREČKO;2644882.45;403;0.06
sve;24611744274;AQUATERM DOO;2637804.20;9;0.06
sve;98039404134;OKI  MONT D.O.O.;2637439.62;93;0.06
sve;52960882634;OŠ MATE LOVRAKA;2591754.26;300;0.05
sve;66184539220;OŠ BARTOLA KAŠIĆA;2589250.80;302;0.05
sve;76147034208;OŠ ANTUNA MIHANOVIĆA;2588072.58;334;0.05
sve;76253821370;HIDROSTRES D.O.O.;2564903.93;43;0.05
sve;63467332374;CENTAR ZA AUTIZAM;2562438.02;410;0.05
sve;40723003638;OŠ ALOJZIJA STEPINCA;2561022.89;403;0.05
sve;15907062900;HEP TOPLINARSTVO D.O.O;2518633.12;8537;0.05
sve;85965934616;NERING D.O.O.;2458829.62;44;0.05
sve;27893203755;OŠ JURE KAŠTELANA;2458216.62;296;0.05
sve;86998320829;OŠ LOVRE PLEMENITOG MATAČIĆA;2454857.47;257;0.05
sve;30730085385;OŠ DUGAVE I;2428667.20;361;0.05
sve;24802180410;OŠ SESVETSKI KRALJEVEC;2408861.33;317;0.05
sve;64507525513;OŠ BREZOVICA;2388776.27;351;0.05
sve;85286272245;OŠ PAVLEKA MIŠKINE;2370790.89;297;0.05
sve;85778249664;OŠ SVETA KLARA;2366775.23;319;0.05
sve;48787627264;OŠ ŠPANSKO ORANICE;2350115.50;273;0.05
sve;57464039766;SEMAFOR D.O.O.;2339768.71;36;0.05
sve;47340618999;OŠ SESVETE;2315996.40;333;0.05
sve;03287241147;CENTAR KULTURE NA PEŠĆENICI;2304786.10;221;0.05
sve;32430086141;OŠ RETKOVEC;2302824.17;370;0.05
sve;48896313673;BRIMUS D.O.O.;2283469.53;65;0.05
sve;97705154133;OŠ BUKOVAC;2275862.97;346;0.05
sve;45058007791;CENTAR MLADIH RIBNJAK;2269533.69;190;0.05
sve;20874782919;IS GRIJANJE D.O.O.;2267049.36;33;0.05
sve;85828625994;FOND ZA ZAŠTITU OKOLIŠA I ENERGETSKU UČINKOVITOST;2262295.65;4;0.05
sve;79939132551;MODIFIKACIJA ING DOO;2260962.53;31;0.05
sve;44838895379;KAPITEL D.O.O.;2234366.09;10;0.05
sve;00733311237;OŠ ŽITNJAK;2228620.40;389;0.05
sve;88901930764;BMP RESIDENCE DOO;2225786.97;6;0.05
sve;19780265434;OŠ JOSIPA RAČIĆA;2221480.39;276;0.05
sve;39584056263;OŠ PETRA ZRINSKOG;2203516.03;304;0.05
sve;62873946841;OŠ MARKUŠEVEC;2191724.79;306;0.05
sve;81002091960;OŠ IVANA CANKARA;2191305.95;332;0.05
sve;47193049641;OŠ LUČKO;2190536.48;334;0.05
sve;79421023865;SWARCO CROATIA DOO;2172711.81;62;0.05
sve;71120174296;GRADNJAPROJEKT-ZAGREB D.O.O.;2172527.83;11;0.05
sve;86895308451;OŠ BRESTJE;2164719.90;338;0.05
sve;02848440254;OŠ VOLTINO;2162423.50;304;0.05
sve;84283102588;OŠ IVANA GRANĐE;2140293.75;385;0.05
sve;89479352022;CENTAR ZA KULTURU I FILM AUGUSTA CESARCA;2136539.55;154;0.05
sve;37394657906;DV DJEČJA IGRA;2132011.61;57;0.05
sve;50159258035;RAZVOJNA AGENCIJA ZAGREB ZA KOORD  I POTICANJE REG RAZVOJA;2130030.79;65;0.05
sve;00167285641;I GIMNAZIJA;2123340.94;290;0.04
sve;54303952361;OŠ GRIGORA VITEZA;2114453.74;399;0.04
sve;43748649227;OŠ VUGROVEC KAŠINA;2112796.79;372;0.04
sve;08579918418;OŠ GROFA JANKA DRAŠKOVIĆA;2108847.46;322;0.04
sve;60990397054;OŠ GRANEŠINA;2106493.20;278;0.04
sve;67787842481;OŠ SILVIJA STRAHIMIRA KRANJČEVIĆA;2106275.62;342;0.04
sve;32542348836;OŠ NIKOLE TESLE;2101283.29;305;0.04
sve;97103671104;DOM ZDRAVLJA ZAGREB ISTOK;2098854.48;171;0.04
sve;78390068967;DV DJEČJI KORACI;2090929.43;57;0.04
sve;68971787775;OŠ ANTUNA GUSTAVA MATOŠA;2049802.60;272;0.04
sve;60550309153;ABYSALTO DOO;2037859.32;92;0.04
sve;10077695689;OGANJ D.O.O.;2029377.01;45;0.04
sve;81088614312;OŠ VEĆESLAVA HOLJEVCA;2017161.10;353;0.04
sve;92120285716;OŠ MATIJE GUPCA;2015834.72;265;0.04
sve;55295688261;OŠ SESVETSKA SELA;2012691.05;344;0.04
sve;89692114282;OŠ MARIJE JURIĆ ZAGORKE;2010476.02;412;0.04
sve;44813808316;OŠ MEDVEDGRAD;1991285.81;377;0.04
sve;05668973495;OŠ JORDANOVAC;1981873.97;273;0.04
sve;78027759648;GALERIJA KLOVIĆEVI DVORI;1965601.41;93;0.04
sve;23485687544;HRVATSKI ŠKOLSKI MUZEJ;1963201.37;191;0.04
sve;34020671941;OŠ VJENCESLAVA NOVAKA;1961227.67;324;0.04
sve;31137271482;OŠ SREDIŠĆE;1927883.39;306;0.04
sve;97699903366;OŠ FRANA GALOVIĆA;1927386.68;315;0.04
sve;99825614646;FOTON PROMET D O O;1925780.02;46;0.04
sve;31407932125;CENTAR ZA KULTURU I INFORMACIJE MAKSIMIR;1920307.42;186;0.04
sve;34291434133;OŠ OTOK;1919126.91;248;0.04
sve;54702581236;OŠ REMETE;1905205.04;278;0.04
sve;52098670500;BOLČEVIĆ GRADNJA D.O.O.;1899991.31;30;0.04
sve;48482170643;OŠ STENJEVEC;1891683.94;350;0.04
sve;26702280390;HRVATSKA BANKA ZA OBNOVU I RAZVITAK;1879746.17;661;0.04
sve;51680110311;CENTAR ZA KULTURU TREŠNJEVKA;1871710.30;149;0.04
sve;65319410688;SAVA - SPORT D.O.O. ZA TRGOVINU I USLUGE;1862750.60;65;0.04
sve;97795935846;SUSTAV JAVNIH BICIKALA DOO ZA USLUGE;1859538.53;10;0.04
sve;85867734506;OŠ GRAČANI;1829542.58;289;0.04
sve;71087160585;OŠ VUKOMEREC;1805731.27;271;0.04
sve;08844695446;OŠ IVANA MAŽURANIĆA;1793039.66;321;0.04
sve;95267786050;OŠ CVJETNO NASELJE;1788222.94;285;0.04
sve;24526594626;TERRA TRADE DOO;1782607.06;2;0.04
sve;80239334973;LIPA L.P. D.O.O.;1776325.11;39;0.04
sve;00659823560;DV KOCKICA;1763446.28;57;0.04
sve;98427196102;OŠ VRBANI;1756626.58;300;0.04
sve;55883379580;OŠ RUDEŠ;1743906.75;320;0.04
sve;68487984198;OŠ KUSTOŠIJA;1741665.37;269;0.04
sve;28957082165;OŠ DR. ANTE STARČEVIĆA;1740321.46;256;0.04
sve;47019050170;CENTAR ZA PRUŽANJE USL. U ZAJEDNICI SAVJETOVALIŠTE LUKA RITZ;1732312.00;34;0.04
sve;18493858124;HRVATSKI RUKOMENI SAVEZ;1721359.89;7;0.04
sve;17631431320;VODOTEHNIKA  D.D.;1714766.20;60;0.04
sve;87873316089;OŠ DR. IVAN MERZ;1707116.13;380;0.04
sve;39554538107;OŠ IZIDORA KRŠNJAVOGA;1701323.49;282;0.04
sve;38401467477;MUZEJ PRIGORJA;1689840.91;171;0.04
sve;09951635001;OŠ RAPSKA;1686222.38;284;0.04
sve;07508446885;OŠ MATKA LAGINJE;1684189.69;320;0.04
sve;82593285099;STOMATOLOŠKA POLIKLINIKA ZAGREB;1680954.67;105;0.04
sve;92430141987;DV ČIGRA;1677643.86;57;0.04
sve;39884669514;ŠKOLA ZA GRAFIKU DIZAJN I MEDIJSKU PRODUKCIJU;1675753.27;292;0.04
sve;35903326209;OŠ JULIJA KLOVIĆA;1669903.64;253;0.04
sve;61456000823;OŠ ZAPRUĐE;1669366.97;260;0.04
sve;26713979601;OŠ MLADOST;1666933.47;317;0.04
sve;27060811148;LIPA PROMET D.O.O.;1666634.79;73;0.04
sve;54281445057;OŠ BANA JOSIPA JELAČIĆA;1661042.19;364;0.04
sve;50296913346;USTANOVA ZA SVEOBUHV. SKRB O PR. 1. GARD. BR. TIGROVI I JED.;1651748.13;50;0.03
sve;50789580026;OŠ IVANA GUNDULIĆA;1646968.37;380;0.03
sve;44408806616;VIBRO LIMES D.O.O.;1646295.43;9;0.03
sve;62850482681;TEMPORIUM GRADNJA DOO;1642114.39;29;0.03
sve;01390776709;OŠ PETRA PRERADOVIĆA;1638044.41;337;0.03
sve;78539372462;OŠ IVANA GORANA KOVAČIĆA;1635116.75;245;0.03
sve;33610682592;POGON - ZAGREBAČKI CENTAR ZA NEZAVISNU KULTURU I MLADE;1625899.59;157;0.03
sve;92559974262;SPEC. BOLNICA ZA ZAŠTITU DJECE S NEURORAZV. I MOT. SMETNJAMA;1617656.85;348;0.03
sve;72101160705;KOPKO DOO;1590352.71;7;0.03
sve;77278617749;OŠ IVER;1585829.31;371;0.03
sve;38176145202;MAGNUM SUPRA DOO;1580830.37;12;0.03
sve;87153754672;OŠ PANTOVČAK;1580519.29;272;0.03
sve;91895220644;OŠ JABUKOVAC - ZAGREB;1575325.40;289;0.03
sve;13465678686;OŠ ODRA;1570439.73;347;0.03
sve;76234985768;OŠ OTONA IVEKOVIĆA;1570365.20;333;0.03
sve;67871736571;DV BLAŽENA HOZANA;1562387.73;57;0.03
sve;59975062998;OŠ KSAVERA ŠANDORA GJALSKOG;1559047.37;325;0.03
sve;16648329652;POLIKLINIKA ZA PREVENCIJU KARDIOVASKULARNIH BOLESTI I REHAB.;1549365.85;181;0.03
sve;86962125052;ŽUPANIJSKE CESTE ZAGREBAČKE ŽUPANIJE;1545171.16;5;0.03
sve;64192076379;USTANOVA ZA ZDRAVSTVENU NJEGU U KUĆI;1504967.03;233;0.03
sve;77886974479;INFOMARE DOO;1495415.94;17;0.03
sve;27759560625;INA INDUSTRIJA NAFTE D.D.;1492379.12;117;0.03
sve;72166604204;PRIRODOSLOVNA ŠKOLA VLADIMIRA PRELOGA;1486757.25;299;0.03
sve;02082287342;OŠ NAD LIPOM;1475930.84;336;0.03
sve;80497496808;DV LETEĆI MEDVJEDIĆI;1475125.82;57;0.03
sve;95728434073;KOŠARKAŠKI KLUB CIBONA;1470100.00;6;0.03
sve;16687620362;TGT ADRIATIK DOO;1457591.77;8;0.03
sve;86073451624;OŠ MARINA DRŽIĆA;1449057.37;261;0.03
sve;02907920674;CENTAR ZA KULTURU SESVETE;1439261.24;178;0.03
sve;01292735134;OŠ DAVORINA TRSTENJAKA;1437047.96;270;0.03
sve;18043707978;PORT ZAGREB DOO;1430900.00;1;0.03
sve;09539646589;KAPETANOVIĆ SISTEMI AUDIO I VIDEO OPREMA DOO;1426392.64;35;0.03
sve;90515285700;OŠ BOROVJE;1425683.14;283;0.03
sve;97039950668;OŠ ŠESTINE;1421928.35;299;0.03
sve;06555189043;DV PANDA;1415186.71;57;0.03
sve;11536369823;OŠ DR. VINKA ŽGANCA;1415165.15;280;0.03
sve;55860335630;VODOPRIVREDA ZAGREB D.D.;1398648.15;21;0.03
sve;30065892494;HAVK MLADOST;1396050.00;5;0.03
sve;59767287298;OŠ DOBRIŠE CESARIĆA;1395361.18;281;0.03
sve;98748037928;DV MALI ISTRAŽIVAČ;1385961.47;57;0.03
sve;04467652234;OŠ ANTUNA BRANKA ŠIMIĆA;1377321.43;291;0.03
sve;45001686598;SVEUČILIŠTE U ZAGREBU MEDICINSKI FAKULTET;1374570.07;82;0.03
sve;76594422243;PALAM DOO;1366937.76;21;0.03
sve;74364571096;GRADSKA PLINARA ZAGREB - OPSKRBA D.O.O.;1360942.12;9491;0.03
sve;74794965060;CENTAR ZA KULTURU NOVI ZAGREB;1347993.37;163;0.03
sve;76430833591;OŠ HORVATI;1347175.97;322;0.03
sve;75232125990;DV JORDANOVAC;1345508.15;57;0.03
sve;79826172348;DV PINGVIN;1343510.28;57;0.03
sve;27354142833;CENOZA PROMET DOO ZA TRGOVINU I USLUGE;1341757.87;7;0.03
sve;29524210204;A 1 HRVATSKA DOO;1339532.49;89;0.03
sve;04492664153;MEDICAL INTERTRADE D.O.O.;1336289.20;2;0.03
sve;35839536339;DV DOBRI;1332767.95;57;0.03
sve;93376857458;GRAĐANSKI NOGOMETNI KLUB DINAMO;1330300.00;4;0.03
sve;23964796710;DV LIMAČ;1317880.04;57;0.03
sve;59587665075;DV LEPTIRIĆ LU;1315932.12;57;0.03
sve;24843164721;UMJETNIČKI PAVILJON ZAGREB;1312539.12;133;0.03
sve;28877650160;OŠ TINA UJEVIĆA;1305598.68;297;0.03
sve;71458287521;FIMAK NEKRETNINE D.O.O.;1301176.71;31;0.03
sve;28307286006;OŠ IVANJA REKA;1300314.43;307;0.03
sve;14557584577;TEHNET DOO;1300145.07;14;0.03
sve;06637660960;ADRIA GRUPA D.O.O.;1299729.03;167;0.03
sve;96107776452;ČAZMATRANS PROMET D.O.O.;1299042.35;30;0.03
sve;38449471041;I. TEHNIČKA ŠKOLA TESLA;1295468.60;261;0.03
sve;93157965255;FORMA DOO;1294252.72;7;0.03
sve;94402740800;RUKOMETNI KLUB ZAGREB;1290200.00;4;0.03
sve;18422925218;SVEUČILIŠTE U ZAGREBU MUZIČKA AKADEMIJA;1284096.67;20;0.03
sve;81725888904;POLIKLINIKA ZA ZAŠTITU DJECE GRADA ZAGREBA;1279521.74;84;0.03
sve;64546066176;NARODNE NOVINE  D.D.;1279263.74;2944;0.03
sve;37919840816;ŠKRINJICA D.O.O.;1274435.12;15;0.03
sve;44858403060;OŠ AUGUSTA CESARCA;1272747.07;325;0.03
sve;05657566669;POLIKLINIKA ZAGREB;1265936.62;25;0.03
sve;76712040113;OŠ LJUBLJANICA;1265694.89;254;0.03
sve;98407642834;OŠ SESVETSKA SOPNICA;1263630.34;335;0.03
sve;67024074106;OŠ BRAĆE RADIĆ;1262314.20;314;0.03
sve;62226620908;KONZUM PLUS DOO;1250229.65;603;0.03
sve;91453301285;ALPHA BAUMANAGEMENT DOO;1248843.23;25;0.03
sve;83456348759;UGOSTITELJSKO TURISTIČKO UČILIŠTE;1241862.08;268;0.03
sve;29830060230;TIGRA ZA GRAĐEVINARSTVO I TRGOVINU D.O.O.;1237125.92;14;0.03
sve;00403762661;RUKOMETNI KLUB LOKOMOTIVA;1226450.00;5;0.03
sve;61842387905;OŠ AUGUSTA HARAMBAŠIĆA;1222781.49;318;0.03
sve;35479553908;VENDO PET DOO ZA TRGOVINU I USLUGE;1217822.28;14;0.03
sve;46501469845;OŠ VLADIMIRA NAZORA;1212164.14;268;0.03
sve;84526969754;EUROADRIA D.O.O.;1205874.04;50;0.03
sve;11943741285;OŠ DRAGUTINA KUŠLANA;1201284.72;284;0.03
sve;23046541950;OŠ MIROSLAVA KRLEŽE;1200400.74;342;0.03
sve;59411273443;OŠ HRVATSKI LESKOVAC;1189035.04;286;0.03
sve;89462181048;EXPORTDRVO D.D.;1183515.77;124;0.03
sve;03868412563;PRIMAT - RD D.O.O.;1181910.81;6;0.03
sve;60113438833;ATLETSKI KLUB DINAMO - ZRINJEVAC;1175200.00;5;0.02
sve;39982939568;CESTODOM DOO;1174799.00;194;0.02
sve;43941485589;INDUSTRIJSKA STROJARSKA ŠKOLA;1163013.77;303;0.02
sve;52347109218;OŠ IVANA FILIPOVIĆA;1151892.01;310;0.02
sve;81287227818;POLIKLINIKA ZA REUM.BOLESTI, FIZIK. MED.I REH., DR.DRAGO ČOP;1146930.84;273;0.02
sve;75965702679;OŠ ČUČERJE;1135850.85;314;0.02
sve;29788970628;CENTAR ZA KULTURU I OBRAZOVANJE SUSEDGRAD;1133913.59;184;0.02
sve;01896750020;X GIMNAZIJA IVAN SUPEK;1125111.09;282;0.02
sve;90976015219;DV  KOŠNICA;1122597.57;57;0.02
sve;52427516025;CENTAR ZA LIKOVNI ODGOJ GRADA ZAGREBA;1102534.17;159;0.02
sve;12387694545;HRVATSKI AKADEMSKI ODBOJAŠKI KLUB MLADOST;1099000.00;4;0.02
sve;73294314024;CENTAR ZA VOZILA HRVATSKE D.D.;1096953.56;162;0.02
sve;06530150163;OŠ JOSIPA JURJA STROSSMAYERA;1094776.61;264;0.02
sve;57970950313;VODOLIM DOO;1087596.72;5;0.02
sve;93245284305;ING GRAD DOO;1086148.12;10;0.02
sve;43930583296;DV SVETE MALE TEREZIJE;1085656.89;57;0.02
sve;13022141582;ŠKOLA ZA MEDICINSKE SESTRE VINOGRADSKA;1081717.03;207;0.02
sve;70989676533;NEVING D.O.O.;1078557.73;19;0.02
sve;96262119913;AUTO BENUSSI DOO;1067346.34;37;0.02
sve;36118056137;DELTRON D.O.O. ZA TRGOVINU I USLUGE;1066812.02;30;0.02
sve;08120081759;DV BALTAZAR;1050267.15;57;0.02
sve;85859103929;OŠ TRNJANSKA;1042468.98;297;0.02
sve;34428172652;OŠ FRANA KRSTE FRANKOPANA;1032281.61;275;0.02
sve;24290321185;GRADIMONT D.O.O.;1029350.05;20;0.02
sve;24154741411;AGRONOMSKA ŠKOLA ZAGREB;1027526.95;289;0.02
sve;38411868043;ELEKTROKEM D.O.O.;1024618.51;45;0.02
sve;68776176875;UČENIČKI DOM NOVI ZAGREB;1019020.87;125;0.02
sve;83439900916;E. G. S. - ELEKTROGRADITELJSTVO D.O.O.;1018777.98;42;0.02
sve;47122918755;DV SESVETSKI KRALJEVEC;1016676.66;34;0.02
sve;30285469659;INSTITUT ZA MEDICINSKA ISTRAŽIVANJA I MEDICINU RADA;1010006.70;36;0.02
sve;77993479518;ISTRIA ROYAL VILLAS RESORT DOO;1005363.81;1;0.02
sve;17480760019;PUČKO OTVORENO UČILIŠTE ZAGREB;1003524.44;86;0.02
sve;39696562783;KLINIKA ZA PSIHIJATRIJU SVETI IVAN;1003372.43;111;0.02
sve;52508873833;OTP BANKA HRVATSKA;1000877.33;150;0.02
sve;63422210966;ŠKOLA ZA CESTOVNI PROMET;991778.73;298;0.02
sve;99716905839;ŠKOLA PRIMJENJENE UMJETNOSTI I DIZAJNA;983526.16;298;0.02
sve;56494929657;OŠ LOTRŠČAK;972818.17;113;0.02
sve;98396379894;DV SVETOG JOSIPA;972342.46;57;0.02
sve;66687839353;SREDNJA ŠKOLA-CENTAR ZA ODGOJ I OBRAZOVANJE;969633.73;386;0.02
sve;84079651663;CITY ISLAND DOO;962112.34;2;0.02
sve;22597784145;STUDENTSKI CENTAR U ZAGREBU;960217.94;127;0.02
sve;12595351308;MONTEL D.O.O.;959404.96;46;0.02
sve;54231441957;DV RIBICA;957214.77;57;0.02
sve;00444672753;DV VRAPČIĆ;947278.10;57;0.02
sve;24358183010;XV GIMNAZIJA;942430.82;226;0.02
sve;63019353660;PREHRAMBENO TEHNOLOŠKA ŠKOLA;940363.48;271;0.02
sve;08846644074;DV MALENI TALENTI;940339.80;57;0.02
sve;55191916939;KONČAR DIGITAL DOO;937558.04;35;0.02
sve;89215234762;DV DOBRO DRVO;925057.41;55;0.02
sve;30743642985;SREDNJA ŠKOLA JELKOVEC;924984.12;234;0.02
sve;76774452265;XI GIMNAZIJA;923979.94;228;0.02
sve;82578349629;V GIMNAZIJA;921795.67;235;0.02
sve;98824141990;DV FRFI;918098.68;57;0.02
sve;79669409638;GLAZBENA ŠKOLA VATROSLAVA LISINSKOG;913065.77;196;0.02
sve;76139667535;ELEZ DOO;912213.35;69;0.02
sve;69003884190;NEOS DOO;910495.00;3;0.02
sve;93567138561;ŠKOLA DRVNE TEHNOLOGIJE I ŠUMARSTVA;903850.41;226;0.02
sve;90264326923;TEHNIČKA ŠKOLA ZAGREB;901164.28;279;0.02
sve;84489930389;DV MONTESSORI;891813.97;57;0.02
sve;29048076579;OŠ GORNJE VRAPČE;888281.87;334;0.02
sve;56064164023;TRGOVAČKA ŠKOLA;885851.57;329;0.02
sve;19164975676;HOTELIJERSKO TURISTIČKA ŠKOLA U ZAGREBU;885850.58;275;0.02
sve;08044398886;ŠKOLA ZA MODU I DIZAJN;883452.46;233;0.02
sve;10068907077;R4 NEKRETNINE DOO;882512.37;62;0.02
sve;86937855002;KLINIKA ZA PSIHIJATRIJU VRAPČE;867621.36;42;0.02
sve;27621784474;DV KUĆICA;857613.58;58;0.02
sve;03437554125;DV MAČAK U ČIZMAMA;855948.76;57;0.02
sve;47515095633;KULTURA PROSTORA D.O.O.;853942.00;74;0.02
sve;96726537623;ELEKTROTEHNIČKA ŠKOLA;852718.37;229;0.02
sve;52803322656;A R ING DOO;831562.28;11;0.02
sve;88954268310;DV VESELA KUĆICA;826640.21;57;0.02
sve;43754709384;PANON TRADE D.O.O.;825530.00;1;0.02
sve;12874101773;GEOTEHNIKA DOO;825284.32;11;0.02
sve;22254684890;TREĆA EKONOMSKA ŠKOLA;824900.99;274;0.02
sve;33660638418;BONAVIA DOO;822591.63;4;0.02
sve;70718680584;TA GRAD D.O.O. ZA GRADITELJSTVO TRGOVINU I USLUGE;820971.96;17;0.02
sve;35502604947;DV SUNČEV  SJAJ NAZARET;816298.52;57;0.02
sve;35917269505;DV SUNČEKO;805552.39;57;0.02
sve;76937815443;PROKLIMA-TIM D.O.O.;802968.13;10;0.02
sve;32706039647;DV DIDI;796277.41;34;0.02
sve;79152455639;GRADITELJSKA TEHNIČKA ŠKOLA;781800.33;195;0.02
sve;51881986457;PRVA EKONOMSKA ŠKOLA;780396.54;209;0.02
sve;69909107858;GIMNAZIJA SESVETE;775457.66;241;0.02
sve;59266417432;ŠPORTSKA GIMNAZIJA;767208.70;285;0.02
sve;76711174886;MAKINJA DOO;765766.76;23;0.02
sve;20985255037;GRADSKA PLINARA ZAGREB D.O.O.;759936.99;167;0.02
sve;03712423434;MIG ZAGREB DOO;759430.58;4;0.02
sve;20404548678;INDUCOM SISTEMI D.O.O. ZA TRGOVINU I USLUGE;757230.13;42;0.02
sve;98460310812;DV SVETOG VINKA;749530.94;57;0.02
sve;94111301877;RAO D.O.O.;740512.50;5;0.02
sve;90604644832;KUSTOŠIJA GRAĐENJE D.O.O.;738813.15;14;0.02
sve;14848609512;KLASIČNA GIMNAZIJA;735050.63;225;0.02
sve;36407819375;OBRTNIČKA I INDUSTRIJSKA GRADITELJSKA ŠKOLA;733477.44;235;0.02
sve;48544291322;ELEKTROSTROJARSKA OBRTNIČKA ŠKOLA;728500.87;180;0.02
sve;08936934524;ZDRAVSTVENO UČILIŠTE ZAGREB;728030.87;208;0.02
sve;57970181621;POLIKLINIKA MEDIKOL;716207.00;231;0.02
sve;26189340470;POLJO PROM DOO;706021.38;17;0.01
sve;73063070814;PEDOM ASFALTI D.O.O. ZA GRAĐEVINARSTVO I TRGOVINU;704338.35;6;0.01
sve;61137936557;DV NEMO;703590.00;57;0.01
sve;20584558862;DV ČAROBNA ŠUMA;697485.97;79;0.01
sve;29543354042;ALU PLANET DOO;697422.52;8;0.01
sve;60398160789;SRČEKO PRIVATNI MONTESSORI DJEČJI VRTIĆ;694262.96;57;0.01
sve;82396638218;DV SVEMIRKO;688724.91;57;0.01
sve;94810978461;INŽENJERSKI PROJEKTNI ZAVOD, DIONIČKO DRUŠTVO;687449.67;47;0.01
sve;36275587141;OŠ STJEPANA BENCEKOVIĆA;683070.59;295;0.01
sve;64266572916;OBRTNIČKA ŠKOLA ZA OSOBNE USLUGE;678387.38;248;0.01
sve;75715390821;RETEL D.O.O.;677093.16;84;0.01
sve;04285607938;RAZVITAK CENTAR D.O.O.;675617.48;96;0.01
sve;95485292543;AUTOTURIST SAMOBOR D.O.O.;669269.42;26;0.01
sve;58766168603;KAMENARKA NEKRETNINE DOO;668591.26;31;0.01
sve;97130235751;DV PIPI DUGA ČARAPA;668535.95;57;0.01
sve;15619072576;DV ZVONČICA;665492.60;57;0.01
sve;33260306505;PISMORAD D.D.;665048.33;65;0.01
sve;85462920934;DV KOKO;655264.91;57;0.01
sve;60316076304;FRIGOOPREMA D.O.O.;653581.26;5;0.01
sve;67952242107;IX GIMNAZIJA;650675.17;192;0.01
sve;58233020759;HRVATSKI HRVAČKI SAVEZ;650000.00;2;0.01
sve;68195665956;IN 2 D.O.O.INFORMACIJSKI INŽENJERING;648621.43;36;0.01
sve;57791451773;CAMPUS INTERNATIONALIS  DOO;640798.64;2;0.01
sve;30649206553;SAVEZ HRVAČKIH ŠPORTOVA GRADA ZAGREBA;637662.50;11;0.01
sve;23868927677;III GIMNAZIJA;636202.27;208;0.01
sve;69780757045;GIMNAZIJA LUCIJANA VRANJANINA;618334.76;190;0.01
sve;49756748234;GEORAD D.O.O.;617580.95;18;0.01
sve;54257114231;VIJEĆE SRPSKE NACIONALNE MANJINE;615237.07;54;0.01
sve;85305939367;UMJETNIČKA ORGANIZACIJA ZAGREB FILM FESTIVAL;614319.48;27;0.01
sve;85546467214;M COM USLUGE D.O.O.;613725.76;35;0.01
sve;56094081215;ARBITAR D.O.O;613073.93;41;0.01
sve;23948173055;GLAZBENA ŠKOLA PAVLA MARKOVCA;612778.21;199;0.01
sve;56710177871;HVAR D.O.O.;609242.10;5;0.01
sve;74522063646;POGREBNA AGENCIJA POKOP D.O.O.;606876.80;105;0.01
sve;19714226068;OŠ RUŽIČNJAK;605213.95;116;0.01
sve;19629838079;UPRAVNA ŠKOLA ZAGREB;602796.14;251;0.01
sve;89114805760;DRAEGER MEDICAL CROATIA DOO ZA TRGOVINU I USLUGE;602002.00;2;0.01
sve;25508126198;ELIPSA - S.Z. D.O.O PROJEKTIRANJE I TRŽIŠNE USLUGE;597013.90;53;0.01
sve;86748053139;XII GIMNAZIJA;593635.90;227;0.01
sve;89594809853;GORNJOGRADSKA GIMNAZIJA;592615.99;243;0.01
sve;51171189901;DV SVETOG FRANJE;592193.73;57;0.01
sve;14506572540;LIBUSOFT CICOM D.O.O.;591809.34;82;0.01
sve;60451213350;ZAGREBAČKA ZAJEDNICA TEHNIČKE KULTURE;590721.06;47;0.01
sve;00153516610;DV ČAROBNA KUĆICA;590343.95;57;0.01
sve;74953134666;DV HARFA;588115.25;57;0.01
sve;44145943931;DV CVJETNJAK;583171.78;57;0.01
sve;15804783376;DOMINO;581700.00;79;0.01
sve;06497759145;UČENIČKI DOM HRVATSKI UČITELJSKI KONVIKT;573845.19;131;0.01
sve;81603361175;FACTUM;573500.00;19;0.01
sve;28712783384;RENCON D.O.O. ZA PROJEKTIRANJE I NADZOR U GRAĐEVINARSTVU;572415.93;42;0.01
sve;32414769528;LJEVAONICA UMJETNINA ALU D.O.O.;571999.02;40;0.01
sve;90083259367;DV MALI SVIJET;571406.76;57;0.01
sve;05060579018;UČENIČKI DOM MARIJE JAMBRIŠAK;570347.85;155;0.01
sve;49893852167;DV KREATIVNI DANI;570337.66;57;0.01
sve;67894852113;HRVATSKI JUDO SAVEZ;570000.00;6;0.01
sve;96928432593;UČENIČKI DOM TINA UJEVIĆA;569032.05;128;0.01
sve;80724491536;GET NEKRETNINE DOO;559537.00;1;0.01
sve;71692128259;INSTITUT ZA RAZVOJ TRŽIŠTA RADA;556808.58;10;0.01
sve;19851267412;TAU CENTAR DOO;549244.46;2;0.01
sve;37014564778;DV MARIJA PETKOVIĆ;547055.86;57;0.01
sve;85068601099;LEO GRAD DOO;545023.48;39;0.01
sve;14036333877;ADDIKO BANK D.D.;541907.02;147;0.01
sve;58399348588;DRUGA EKONOMSKA ŠKOLA;540918.06;223;0.01
sve;87541970646;SCUDERIA D.O.O.;537571.44;5;0.01
sve;77037521421;TEHINSPEKT D.O.O.;536299.36;26;0.01
sve;38967655335;ŠKOLSKA KNJIGA D.D.;529199.10;43;0.01
sve;03887717590;HRVATSKI GIMNASTIČKI SAVEZ;525000.00;1;0.01
sve;49480055222;ŽOLI SPORT DOO;522440.18;8;0.01
sve;44933468186;KONTEJNER BIRO SUVREMENE UMJETNIČKE PRAKSE;518750.00;46;0.01
sve;41317489366;HEP PLIN DOO;517296.54;866;0.01
sve;20392031242;GLAZBENO UČILIŠTE ELLY BAŠIĆ;514700.65;176;0.01
sve;21229144792;GRADITELJSTVO PAVE VUKELIĆ D.O.O;514575.16;111;0.01
sve;53353155732;PERUČA D.O.O.;510083.75;280;0.01
sve;75791595076;INFOMONT DOO ZA TRGOVINU I USLUGE;509200.84;5;0.01
sve;76416954953;ZAGREBAČKI SOLISTI;506060.00;17;0.01
sve;93973093488;UČENIČKI DOM DORA PEJAČEVIĆ;505672.11;156;0.01
sve;99681708224;AGRAM TIS D.O.O.;505443.42;97;0.01
sve;77621027482;TEHNIČKA ŠKOLA ZA RAČUNALSTVO I MREŽNE DJELATNOSTI;502744.28;194;0.01
sve;42524586447;ODVJETNIČKO DRUŠTVO ŽUPIĆ & PARTNERI D.O.O.;501136.02;373;0.01
sve;49939020917;DV ČAROBNI DVORAC;498880.15;57;0.01
sve;31204942993;UČENIČKI DOM FRANJE BUČARA;496310.11;129;0.01
sve;69095062745;ŠKOLA ZA PRIMALJE;493360.33;269;0.01
sve;11405440075;HRVATSKO ŠUMARSKO DRUŠTVO;492733.44;3;0.01
sve;36897616904;STROJARSKA TEHNIČKA ŠKOLA FRANA BOŠNJAKOVIĆA;488344.47;237;0.01
sve;24771132599;IV GIMNAZIJA;487884.91;195;0.01
sve;79766124714;INSTITUT IGH D.D. ZA ISTRAŽIVANJE I RAZVOJ U GRADITELJSTVU;487172.18;88;0.01
sve;42164809513;II GIMNAZIJA;483223.68;213;0.01
sve;85843181422;PRESEČKI GRUPA D.O.O.;483201.33;92;0.01
sve;29355825482;HRVATSKI FILMSKI SAVEZ;482900.00;51;0.01
sve;05954000808;IGEA  D.O.O.;482300.77;59;0.01
sve;59928780182;MULTISOFT D.O.O;480721.82;16;0.01
sve;00595398836;HULAHOP D.O.O.;479800.00;20;0.01
sve;97256733714;CENTAR ZA KULTURU HISTRIONSKI DOM;479197.68;46;0.01
sve;22902741182;UČENIČKI DOM MAKSIMIR;478053.79;142;0.01
sve;27946605963;CENTAR ZA PROMICANJE TOLERANCIJE I OČUVANJE SJ NA HOLOKAUST;475763.30;50;0.01
sve;89246742324;HRVATSKO DRUŠTVO LIKOVNIH UMJETNIKA;471950.00;37;0.01
sve;85817630867;ODVJETNIČKO DRUŠTVO MIHOČEVIĆ I BAJS;469327.46;133;0.01
sve;28163265527;SVEUČILIŠTE U ZAGREBU PRIRODOSLOVNO-MATEMATIČKI FAKULTET;469045.27;38;0.01
sve;77018181695;NEOS DOO;467500.00;6;0.01
sve;44926257293;VIJEĆE BOŠNJAČKE NACIONALNE MANJINE;466789.94;54;0.01
sve;91194993418;VII GIMNAZIJA;465964.49;232;0.01
sve;69613429051;NUGRAD D.O.O.;465020.49;27;0.01
sve;05994801707;PRVA KATOLIČKA OSNOVNA ŠKOLA U GRADU ZAGREBU;461529.11;111;0.01
sve;94266637361;ZAGREBAČKI ATLETSKI SAVEZ;459250.00;9;0.01
sve;56213063980;DV BRAT SUNCE;454391.08;57;0.01
sve;21660899838;MULTIMEDIJALNI INSTITUT;452550.00;44;0.01
sve;10511204199;OLD BRICK DOO;451285.41;8;0.01
sve;56668956985;HRVATSKO DRUŠTVO SKLADATELJA;450842.37;49;0.01
sve;61600467614;GEOKON - ZAGREB D.D.;449025.92;64;0.01
sve;36022528125;SPEKTAR GRADNJA D.O.O.;448623.01;6;0.01
sve;23029712876;ŠKOLA ZA MONTAŽU INSTALACIJA I METALNIH KONSTRUKCIJA;448295.40;225;0.01
sve;69733573178;EDEL SPORT D.O.O. ZA TRGOVINU I USLUGE;448280.68;7;0.01
sve;56069275015;DV MAČAK PAŠKO;447867.52;57;0.01
sve;87497677022;PROARH MATEKOVIĆ DOO;445292.68;36;0.01
sve;80804655206;HRVATSKO DRUŠTVO PISACA;445209.00;94;0.01
sve;35484380586;MARINO-LUČKO D.O.O.;442964.66;768;0.01
sve;69297051363;DV ČAROBNI SVIJET;439501.59;57;0.01
sve;07790832005;DV CICA MACA;438561.53;57;0.01
sve;54194651959;ŠKOLA ZA MEDICINSKE SESTRE VRAPČE ZAGREB;436238.88;224;0.01
sve;19181278015;SODA ARHITEKTI DOO;435916.70;4;0.01
sve;71367203326;UDRUŽENJE ZA RAZVOJ KULTURE;435415.00;73;0.01
sve;68178969783;ODVJETNIČKO DRUŠTVO ŠKURLA DURMIŠ I SPAJIĆ DOO;435018.75;15;0.01
sve;79273112873;BMD D.O.O.;433530.05;3479;0.01
sve;40458377517;GEODETSKA  ŠKOLA;433310.52;178;0.01
sve;44167454289;BOBOVEC BRANKO;432603.00;1;0.01
sve;92518824224;ŠKOLSKI SERVIS D.O.O.;429228.26;12;0.01
sve;01500403553;GLAZBENA ŠKOLA BLAGOJA BERSE;427868.14;167;0.01
sve;65690492826;GIMNAZIJA TITUŠA BREZOVAČKOG;427503.71;227;0.01
sve;12540942959;MALONOGOMETNI KLUB FUTSAL DINAMO;425000.00;4;0.01
sve;88668474687;RANDOM DOO;424571.63;1;0.01
sve;86710080759;ŠPANSKO CESTE DOO;421007.61;2;0.01
sve;23688186092;DV ACUTO;420804.00;39;0.01
sve;66037779887;UPI - 2M D.O.O. ZA PROJEKTIRANJE, TRGOVINU I USLUGE;418698.14;4;0.01
sve;94389034474;MORSKI LAV DOO;417031.81;8;0.01
sve;85106651596;MET CROATIA ENERGY TRADE;412685.97;171;0.01
sve;65550102767;KULTURTREGER UDRUGA ZA PROMICANJE KULTURE;410796.26;54;0.01
sve;44222163120;DV PIKULICA;409457.88;57;0.01
sve;37671426914;POLIKLINIKA ZA BOLESTI DIŠNOG SUSTAVA;406666.30;162;0.01
sve;59440939193;DV VESELA PANDICA;406597.52;57;0.01
sve;37520681602;SPACE DOO;402318.64;14;0.01
sve;10544913321;ŠKOLA ZA KLASIČNI BALET;399073.12;166;0.01
sve;51798668071;XIII GIMNAZIJA;396059.45;224;0.01
sve;85167032587;HRVATSKA GOSPODARSKA KOMORA;393312.50;5;0.01
sve;68314794212;CENTAR ZA ODGOJ I OBRAZOVANJE GOLJAK;391802.98;206;0.01
sve;56401841340;HRVATSKA GORSKA SLUŽBA SPAŠAVANJA STANICA ZAGREB;391666.62;30;0.01
sve;66308266046;XVI GIMNAZIJA;391302.66;193;0.01
sve;47560697455;PARON DOO;390362.44;61;0.01
sve;90134499793;OSNOVNA ŠKOLA DOMINIK SAVIO;390013.68;102;0.01
sve;71840467417;SKUD IVAN GORAN KOVAČIĆ;385155.00;69;0.01
sve;84249580637;BICIKLISTIČKI KLUB BIKE EVENT;385000.00;5;0.01
sve;05448449641;HIDROELEKTRA ČIKARA DOO;380855.53;11;0.01
sve;73209542242;KOLEKTOR ZAGREB DOO;376793.28;15;0.01
sve;85629778085;SIRRAH PROJEKT DOO;374250.00;10;0.01
sve;71690188016;EKONERG INSTITUT ZA ENERGETIKU I ZAŠTITU OKOLIŠA D.O.O.;373637.50;17;0.01
sve;02989447013;IMOGRAF DOO;371968.45;32;0.01
sve;94395426370;SMART SENSE DOO;370576.25;4;0.01
sve;15976876305;DV ŽABAC;369060.35;57;0.01
sve;53290192492;VESLAČKI SAVEZ ZAGREBA;368902.50;12;0.01
sve;63689894666;VIJEĆE ALBANSKE NACIONALNE MANJINE;368839.90;51;0.01
sve;44397455824;HIDROING DOO;368646.58;6;0.01
sve;21900794567;ANTRA STORE DOO;365763.87;3;0.01
sve;38048486286;MAZARS CINOTTI CONSULTING DOO;364512.50;2;0.01
sve;82141480548;UDRUGA ŠTO KAKO I ZA KOGA;363600.00;32;0.01
sve;60057939266;ZAGREBAČKI ASTRONOMSKI SAVEZ;363484.04;34;0.01
sve;06056638153;DV ŠARENA LOPTICA;363256.47;57;0.01
sve;56908453917;MOŽEMO POLITIČKA PLATFORMA;362793.54;8;0.01
sve;90772018493;AUTONOMNI KULTURNI CENTAR;360430.99;76;0.01
sve;78320035320;PAROLA TRANS DOO;358995.66;102;0.01
sve;22752946114;ING - PAL D.O.O.;355863.04;26;0.01
sve;47794513055;BIRODOM D.O.O.;355473.29;99;0.01
sve;83264047143;PUGAR  D.O.O.;349077.19;24;0.01
sve;70133616033;TELEMACH HRVATSKA DOO;348449.52;780;0.01
sve;65883053647;UČENIČKI DOM ANTE BRUNE BUŠIĆA;347107.42;154;0.01
sve;71767935067;HRVATSKA OBRTNIČKA KOMORA - OBRTNIČKA KOMORA ZAGREB;340000.00;3;0.01
sve;62567356530;DOM UČENIKA SREDNJIH ŠKOLA ANTUN GUSTAV MATOŠ;339073.00;137;0.01
sve;61292647913;UMJETNIČKA ORGANIZACIJA NOVO KAZALIŠTE;338000.00;5;0.01
sve;99526399105;VEDRA INŽENJERING D.O.O.;336733.72;109;0.01
sve;68085752153;GLAZBENA ŠKOLA ZLATKA BALOKOVIĆA;336613.81;164;0.01
sve;30757807547;PROMETIS;335094.50;32;0.01
sve;78800881467;HRVATSKI AUTO I KARTING SAVEZ;335000.00;2;0.01
sve;07116190816;DV BAMBI;334405.05;109;0.01
sve;57796976164;UČENIČKI DOM IVANA MAŽURANIĆA;332047.35;132;0.01
sve;65917862963;UDRUGA RESTART;331622.50;64;0.01
sve;39851720584;INSAKO D.O.O.;330884.00;229;0.01
sve;61756839220;EKONERG KONZALTING DOO ZA DIGITALNE USLUGE;330000.00;8;0.01
sve;85518420089;AUTO KLUB CRO DAKAR TEAM;330000.00;2;0.01
sve;68540752075;XVIII GIMNAZIJA;329988.41;180;0.01
sve;95803232921;PROFIL KLETT D.O.O.;328966.28;49;0.01
sve;79147056526;GRADATIN DOO ZA VANJSKU I UNUTARNJU TRGOVINU;326025.00;4;0.01
sve;30457432092;HRVATSKA GLAZBENA MLADEŽ;324970.00;24;0.01
sve;56845816039;VIJEĆE ROMSKE NACIONALNE MANJINE;323429.13;51;0.01
sve;84193976847;BIJELI VAL;323300.00;44;0.01
sve;73473510614;MUDRE GLAVICE DOO;322805.63;1;0.01
sve;55345087244;JURCON PROJEKT D.O.O.;322455.88;43;0.01
sve;34664483850;IB PROSTOR DOO;321862.54;3;0.01
sve;64731717121;VIATOR D.O.O.;320691.57;9;0.01
sve;47204464015;BIOELEKTRONIKA DOO;320200.00;1;0.01
sve;85347478604;TRASA ADRIA DOO ZA USLUGE;319070.85;187;0.01
sve;91979503335;ZAGREBAČKI SKIJAŠKI SAVEZ;318011.29;8;0.01
sve;25627314080;GLOBALDIZAJN D.O.O.;315746.75;51;0.01
sve;97894610362;DRAMSKI STUDIO SLIJEPIH I SLABOVIDNIH NOVI ŽIVOT;315158.42;35;0.01
sve;21741449778;BLOK LOKALNA BAZA ZA OSVJEŽAVANJE KULTURE;314052.18;36;0.01
sve;31331246615;VIJEĆE ČEŠKE NACIONALNE MANJINE;312678.32;53;0.01
sve;70594891186;NADBISKUPIJA ZAGREB. RKT. ŽUPA SV. ANTUNA PADOVANSKOG;312500.00;7;0.01
sve;31792033223;SAVEZ INOVATORA ZAGREBA;312291.89;51;0.01
sve;92102489713;TEATAR EXIT UMJETNIČKA ORGANIZACIJA;310041.92;25;0.01
sve;09177957072;SEDRA CONSULTING D.O.O.;309970.20;110;0.01
sve;37095667254;STUDIO ZA SUVREMENI PLES;308985.00;44;0.01
sve;82157223509;VIJEĆE SLOVENSKE NACIONALNE MANJINE;308529.65;52;0.01
sve;78641299718;ZAPAD STAN DOO;308418.27;1345;0.01
sve;77106299286;OSNOVNA MONTESSORI ŠKOLA BARUNICE DEDEE VRANYCZANY;308104.24;77;0.01
sve;79476829579;HEDONE DOO;306234.05;7;0.01
sve;33143360337;BODROŽIĆ RALIŠ I PRIJATELJI DOO;305784.31;7;0.01
sve;88335054293;INTEGRIRANI PROMET ZAGREBAČKOG PODRUČJA D.O.O.;305511.50;16;0.01
sve;14459970981;LIFT ALARM DOO;305321.53;9;0.01
sve;24370544445;VIJEĆE CRNOGORSKE NACIONALNE MANJINE;304770.47;53;0.01
sve;84566292432;LED ELEKTRONIKA DOO;304691.52;4;0.01
sve;80330655819;UMJETNIČKA PLESNA ŠKOLA SILVIJE HERCIGONJE;304234.45;158;0.01
sve;54566509173;OSNOVNA GLAZBENA ŠKOLA ZLATKA GRGOŠEVIĆA;303161.58;124;0.01
sve;36146231053;VIJEĆE MAKEDONSKE NACIONALNE MANJINE;302050.24;53;0.01
sve;55034160084;EKO - PLAN D.O.O.;300285.06;83;0.01
sve;56623222633;BRIDGE AND ANCHOR DOO;299950.00;3;0.01
sve;62707927904;AUDIO VIDEO CONSULTING DOO;296607.38;42;0.01
sve;78055843019;TEHMAR D.O.O. ZA PROIZVODNJU, UNUTARNJU I VANJSKU TRGOVINU;295853.80;51;0.01
sve;42061107444;SVEUČILIŠTE U ZAGREBU ARHITEKTONSKI FAKULTET;295346.39;46;0.01
sve;43118119983;STAMBENI ZG DOO;294710.73;1028;0.01
sve;37946763892;VIJEĆE MAĐARSKE NACIONALNE MANJINE;294350.46;53;0.01
sve;69713516544;HRVATSKO DIZAJNERSKO DRUŠTVO;293576.25;46;0.01
sve;87808634981;CGP GRADNJA DD PODRUŽNICA ZAGREB;293089.34;9;0.01
sve;10519789204;CIRKORAMA - UDRUGA ZA PROM. KUL. I UMJ. U SVAKODNEVOM ŽIVOTU;292280.00;50;0.01
sve;98899925613;CORE DOO;287761.23;20;0.01
sve;17491977848;ELEKTROCENTAR PETEK D.O.O.;285622.52;20;0.01
sve;56831241098;SPERANZA D.O.O.;284580.33;289;0.01
sve;63361546752;ŽENSKA OPĆA GIMNAZIJA DRUŽBE SESTARA MILOSRDNICA;282646.32;132;0.01
sve;81530401884;LIND GRAD D.O.O.;282032.81;1095;0.01
sve;88150534338;ODAŠILJAČI I VEZE DOO;281217.89;92;0.01
sve;16154988512;ZAVRŠNI RADOVI KREŠO DOO;281101.79;6;0.01
sve;81000099000;UMJETNIČKA ORGANIZACIJA GLUMAČKA DRUŽINA HISTRION;279400.00;33;0.01
sve;10698571703;TEHNOMODELI DOO;278827.74;18;0.01
sve;85821130368;FINA;278311.27;659;0.01
sve;95093210687;MINISTARSTVO PROSTORNOG  UREĐ GRADITELJSTVA I DRŽ IMOVINE;276855.94;162;0.01
sve;55377057545;ZAG VET DOO;275794.60;33;0.01
sve;25904655993;AUTONOMNA ŽENSKA KUĆA ZAGREB-ŽENE PROTIV NASILJA NAD ŽENAMA;273998.52;8;0.01
sve;97326283154;PODRAVSKA BANKA D.D.;273509.03;51;0.01
sve;23739786972;OSNOVNA GLAZBENA ŠKOLA IVANA ZAJCA;273060.20;132;0.01
sve;22494487542;ZAGREBAČKI PLESNI ANSAMBL;270800.00;31;0.01
sve;93613785608;A B DOO;270074.32;2;0.01
sve;30094396634;PROMPT PROJEKTIRANJE D.O.O. ZA USLUGE PROJEKTIRANJA;268550.67;141;0.01
sve;31865324772;DJECA SUSREĆU UMJETNOST;268400.00;23;0.01
sve;26131447134;ZAGREBAČKI ZRAKOPLOVNO TEHNIČKI SAVEZ RUDOLFA PEREŠINA;268314.76;36;0.01
sve;91425492678;ZAGREBAČKI RAČUNALNI SAVEZ CENTAR MLADIH PROGR HR;267070.47;38;0.01
sve;77833801009;DV MALA KUĆA;266904.16;57;0.01
sve;43944055293;ING4STUDIO DOO;266496.45;3;0.01
sve;49145205842;3MI  LAB DOO;266223.48;35;0.01
sve;02633150087;MH PROJEKTIRANJE DOO ZA USLUGE;264690.00;50;0.01
sve;91071817708;MAXMAR GRUPA DOO;264385.14;11;0.01
sve;56792211413;VETERINARSKA ŠKOLA;257386.00;183;0.01
sve;36026070644;DV SVETA ANĐELA MERICI;255777.13;57;0.01
sve;98999514351;KOORDINACIJA VIJEĆA I PREDSTAVNIKA NAC.MANJINA GRADA ZAGREBA;255008.63;53;0.01
sve;80480322314;TRAMES DOO;254980.03;16;0.01
sve;75261823939;MODEL EDUCA DOO;254940.07;7;0.01
sve;13965292158;DIVERTO DOO;254312.50;12;0.01
sve;99291112037;25 FPS UDRUGA ZA AUDIO VIZUALNA ISTRAŽIVANJA;253200.00;25;0.01
sve;64146328841;TENISKI KLUB TOP SPIN;252500.00;4;0.01
sve;28921383001;HRVATSKE VODE;251910.63;300;0.01
sve;61494985197;NOBISCUM D.O.O. ZA GRADITELJSTVO I USLUGE;251872.10;143;0.01
sve;41025754642;DUPLICO D.O.O.;251218.88;9;0.01
sve;31922838619;BARES DOO;250489.20;13;0.01
sve;76508719897;BLUE MOUNTAIN DOO;250041.04;31;0.01
sve;99338993079;ASEE SOLUTIONS DOO;249875.00;1;0.01
sve;19182606480;TAUS D.O.O.;246350.00;1;0.01
sve;14097940897;HRVATSKI STOLNOTENISKI SAVEZ;245000.00;6;0.01
sve;53663436790;TRSTENIK-ELEKTRONIKA D.O.O.;244332.79;17;0.01
sve;88059473763;ŠKOLA SUVREMENOG PLESA ANE MALETIĆ;244208.05;187;0.01
sve;90735878191;EUROKAZ;243890.00;26;0.01
sve;09201087238;COMPING D.O.O.;243645.39;37;0.01
sve;14201148621;ZAGREBAČKI FOTO KINO SAVEZ;241728.08;31;0.01
sve;13759281212;PGT ŠKUNCA D.O.O.;241037.66;144;0.01
sve;88831481655;ŠTED INVEST DOO;238000.00;1;0.01
sve;99410889025;SANAC DOO ZA GRADITELJSTVO TRGOVINU I USLUGE;237488.25;7;0.01
sve;70482234704;PROMET I PROSTOR D.O.O.;235808.35;6;0.00
sve;38867321879;ZEM NADZOR D.O.O.;235332.93;81;0.00
sve;58633897145;CARITAS ZAGREBAČKE NADBISKUPIJE;234952.78;16;0.00
sve;45665314032;KATALPA PRODUKCIJA JDOO ZA USLUGE;234813.63;6;0.00
sve;81881137964;GEO - RAD D.O.O. ZA GEODETSKE USLUGE;234422.53;65;0.00
sve;36523652967;DV ČUPKO;233892.12;57;0.00
sve;29880496238;DVOKUT - ECRO PROIZVODNJA I ISTRAŽIVANJE D.O.O.;233812.50;20;0.00
sve;53702792469;DV VITICA;233168.11;40;0.00
sve;30829497972;PLESNI CENTAR TALA;233000.00;16;0.00
sve;45155207079;LOVAČKI SAVEZ GRADA ZAGREBA;232206.17;20;0.00
sve;85987734468;SANITACIJA D.O.O.;231606.51;40;0.00
sve;35048997850;HRVATSKI INSTITUT ZA POKRET I PLES;229957.95;16;0.00
sve;56895477602;INEL MEDICINSKA TEHNIKA DOO;229736.25;1;0.00
sve;27512198316;PLAN PLUS D.O.O.;228183.27;34;0.00
sve;70273797250;DOMUS GRUPA DOO ZA POSLOVNE USLUGE;226747.85;16;0.00
sve;67813285523;ID90 DOO ZA DEZINFEKCIJU, DEZINSEKCIJU, DERATIZACIJU...;225415.89;37;0.00
sve;92877953493;LJEČILIŠTE TOPUSKO;224682.16;94;0.00
sve;02891598840;HRVATSKI BAROKNI ANSAMBL;223550.00;12;0.00
sve;57025696164;INTEZIS DOO ZA TRGOVINU I USLUGE;222975.00;1;0.00
sve;58421021869;EURO ROSA IP DOO;221361.00;53;0.00
sve;70173421622;OLEASTER DOO;221029.15;12;0.00
sve;05774769538;TRINAS INŽENJERING DOO;221000.00;12;0.00
sve;89621078419;GRADNJAMONT DOO;220906.80;16;0.00
sve;96359607182;T2O GRADITELJSTVO DOO;219591.01;4;0.00
sve;79915592278;EKO STANDARD D.O.O.;215996.10;8;0.00
sve;47517534341;EXTURBO D.O.O.;215534.86;104;0.00
sve;55474899192;IPZ UNIPROJEKT TERRA D.O.O.;215290.00;9;0.00
sve;76023745044;SVEUČILIŠTE U ZAGREBU AGRONOMSKI FAKULTET;214863.21;18;0.00
sve;52683063746;OŠ VELIKA MLAKA;213947.50;8;0.00
sve;18225653081;PARATUS PRIMUS DOO;213418.17;12;0.00
sve;49257719408;PATRIA POTESTAS DOO;213385.52;14;0.00
sve;73497369534;TOI TOI D.O.O.;212092.93;382;0.00
sve;12970416959;INVESTIGO D.O.O.;211759.07;3;0.00
sve;01717189665;UMJETNIČKA ORGANIZACIJA GRUPA KUGLA;211430.00;51;0.00
sve;52850905017;NADBISKUPSKA KLASIČNA GIMNAZIJA;211002.11;94;0.00
sve;63588853294;OIKON D.O.O.;210402.50;7;0.00
sve;15991704958;PLAYBOX DOO;210000.00;2;0.00
sve;01152649489;UDRUŽENJE HRVATSKIH ARHITEKATA;208850.00;22;0.00
sve;68563760676;YAMMAT D.O.O. ZA USLUGE;207869.64;2;0.00
sve;37744271801;KURZIV - PLATFORMA ZA PITANJA KULTURE, MEDIJA I DRUŠTVA;206103.70;29;0.00
sve;15996784558;CON FORMO DOO;205348.13;3;0.00
sve;19240285746;ARHINGTRADE D.O.O.;204623.76;41;0.00
sve;23141220773;INTERKONZALTING D.O.O.;202300.00;29;0.00
sve;41020334831;ZAGREBAČKI TAEKWONDO SAVEZ;201259.32;9;0.00
sve;70516740360;OSNOVNA GLAZBENA ŠKOLA RUDOLFA MATZA;201165.70;139;0.00
sve;29582160591;TEATAR POCO LOCO;200663.00;54;0.00
sve;67060688663;PROCESNA INTELIGENCIJA  D.O.O.;200085.00;9;0.00
sve;84963670423;K - ZONA PROSTOR RODNE I MEDIJSKE KULTURE;199960.00;33;0.00
sve;15091666738;DV OBZORI;199812.39;57;0.00
sve;69521492758;AUTOPRIJEVOZ SMOLKOVIĆ DOO;199324.83;2;0.00
sve;32142719262;CENTAR ZA ŽENSKE STUDIJE;196950.00;26;0.00
sve;89610149986;TEMEX D.O.O.;195935.95;18;0.00
sve;33733702301;UMJETNIČKA ORGANIZACIJA TRIKO CIRKUS TEATAR;195820.00;39;0.00
sve;21306127592;ARHITEKTONSKI ATELIER HRŽIĆ D.O.O.;195579.59;12;0.00
sve;33737942604;KAPOV D.O.O.;195030.78;13;0.00
sve;97586475497;ABSOLUTE D.O.O.;194939.38;155;0.00
sve;38971074887;DV MUDRE GLAVICE;194820.39;38;0.00
sve;14928074436;DRUŠTVO HRVATSKIH KNJIŽEVNIKA;193560.00;33;0.00
sve;73523167917;MANDIGO GRAD DOO ZA GRAĐENJE;193351.25;15;0.00
sve;13582015490;UPRAVITELJ GRADNJA D.O.O.;192837.83;1891;0.00
sve;85066981659;STOLNOTENISKI SAVEZ;190655.00;10;0.00
sve;46915266971;TENISKI KLUB MEDVEŠČAK;190000.00;3;0.00
sve;12193174557;MODERNI ALATI I STROJEVI DOO;189868.61;13;0.00
sve;87983659027;UMJETNIČKA ORGANIZACIJA TEATAR TIRENA;189600.00;30;0.00
sve;14026813657;BETONICA DOO;189220.83;20;0.00
sve;24775315361;ODVJETNIČKO DRUŠTVO KREŠIMIR ŠKARICA I PARTNERI D.O.O.;188746.78;2;0.00
sve;55347561606;NJIRIĆ PLUS ARHITEKTI D.O.O.;188252.70;33;0.00
sve;24702201334;UMJETNIČKA ORGANIZACIJA TEATAR POEZIJE;188050.00;18;0.00
sve;42280412184;UDRUGA BACAČI SJENKI;187250.00;25;0.00
sve;54730193110;UPRAVITELJ STAN DOO;186276.46;572;0.00
sve;34963795933;M V M ZVON DOO;185743.34;109;0.00
sve;37471824981;UDRUGA BLANK;185193.20;51;0.00
sve;26130999654;ENERGOINSTAL DOO;184641.08;10;0.00
sve;04150008463;HRVATSKA DEMOKRATSKA ZAJEDNICA;184577.14;14;0.00
sve;79893058381;MATICA HRVATSKA;182410.00;34;0.00
sve;33215002801;ULUPUH;182315.00;7;0.00
sve;07189160632;ALFA D.D. ZA IZDAVAČKE, GRAFIČKE I TRGOVAČKE POSLOVE;181885.50;30;0.00
sve;47536670280;DV MIRJAM WEILLER;181554.71;57;0.00
sve;86639105205;LUCART USLUGE JDOO;181306.78;10;0.00
sve;38083028711;CERP CENTAR ZA RESTRUKTUIRANJE I PRODAJU;181027.17;1;0.00
sve;14514989418;ZAGREB JE NAŠ;180444.46;6;0.00
sve;38880270076;PERINIĆ SISTEMI DOO;179845.79;4;0.00
sve;16526802381;UMJETNIČKA ORGANIZACIJA RADIO TEATAR BAJSIĆ I PRIJATELJI;179690.00;28;0.00
sve;03334333643;K INDEX DOO;178007.11;583;0.00
sve;75866788318;STUDIO A D.O.O. ZA USLUGE U ARHITEKTURI;175731.75;17;0.00
sve;64509160041;DV PALČIĆ;175333.10;57;0.00
sve;14590133971;HRVATSKI CENTAR INTERNACIONALNOG TEATARSKOG INSTITUTA;173380.00;56;0.00
sve;02183520215;RADIONICA ARHITEKTURE D.O.O.;172805.10;1;0.00
sve;48464359556;MEDIKUS KLASIK DOO;172505.70;2;0.00
sve;33548604975;SAFIR DOO;171261.47;6;0.00
sve;01669597821;RC PROING DOO;171140.00;8;0.00
sve;07770380976;ZAGREBAČKI KVARTET;167212.00;13;0.00
sve;33136580055;CENTAR ZA DRAMSKU UMJETNOST;166320.00;44;0.00
sve;33695365562;ODVJETNIČKO DRUŠTVO MATIJEVIĆ JAKIRČEVIĆ I MALKOČ DOO;166062.49;1;0.00
sve;30532290707;ALARM AUTOMATIKA ZAŠTITNI, MULTIMED. I KOM. SUSTAVI D.O.O.;166004.39;9;0.00
sve;02954231309;HRVATSKA ZAJEDNICA ŽUPANIJA;165903.50;5;0.00
sve;38001831721;EKO DERATIZACIJA DOO;165857.01;28;0.00
sve;27290068263;OPREMA  RADMAN D.O.O.;165768.88;16;0.00
sve;03710921437;BUILDING DOO;165488.74;10;0.00
sve;91862828797;AUTO KLUB DELTA;165000.00;5;0.00
sve;54656708838;ODRAZ - ODRŽIVI RAZVOJ ZAJEDNICE;164539.23;11;0.00
sve;38641136541;MICRO LINK DOO;163162.50;2;0.00
sve;31415900819;RADIONICA ARHITEKTURE FRANIĆ DOO;162000.00;4;0.00
sve;75926310092;CAPITAL ING D.O.O.;161217.26;56;0.00
sve;52783076996;MLASING DOO;160827.21;106;0.00
sve;67573415246;KLISING D.O.O. ZA INFORMATIČI SOFTWARE, TRGOVINU I PROIZV.;160360.02;11;0.00
sve;20992200280;ZAGORJEGRADNJA DOO;160239.44;3;0.00
sve;21246000051;PARTNER ELEKTRIC D.O.O.;159689.83;15;0.00
sve;37709522134;LIKVIDACIJSKA MASA IZA ZAGREB PAPIR DD U LIKVIDACIJI;159487.31;1;0.00
sve;99936689438;TIM - COLOR D.O.O.;159091.59;1;0.00
sve;87490332083;DRUŠTVO ARHITEKATA  ZAGREBA;158872.10;19;0.00
sve;16608307050;KOSTAK DD PODRUŽNICA ZAGREB;158597.18;5;0.00
sve;83470094564;ODVJETNIČKO DRUŠTVO BABIĆ BRBOROVIĆ I PARTNERI JTD;158134.91;2;0.00
sve;61883395124;BRAMINI D.O.O. INŽENJERING PROJEKTIRANJE ZASTUPANJE;157697.92;35;0.00
sve;41417657157;OPERACIJA GRAD;156000.00;20;0.00
sve;77804145433;MEDI LAB D.O.O.;155890.00;1;0.00
sve;25623466485;GEOPROJEKT D.D. ZA GOEDTESKE POSL.GRAĐ.PROJEKT. I NADZOR;155545.00;6;0.00
sve;85641052042;HRVATSKI KLIZAČKI SAVEZ;155000.00;4;0.00
sve;85272447703;KAZALIŠTE MALA SCENA;153800.00;24;0.00
sve;68476022248;KONTROL PROJEKT DOO;151992.02;146;0.00
sve;52233171260;AUTOMEHANIKA D.D.;151337.00;57;0.00
sve;25410051374;FAKULTET PROMETNIH ZNANOSTI;150672.81;31;0.00
sve;58067086966;MBS GRADNJA DOO;150626.92;3;0.00
sve;19261179791;STUDIO ANTE MURALES DOO;150574.03;3;0.00
sve;61989185242;HRVATSKA AKADEMIJA ZNANOSTI I UMJETNOSTI;150550.00;37;0.00
sve;58768156055;PRIJATELJ GRADNJA DOO ZA USLUGE I TRGOVINU;150171.46;5;0.00
sve;92350127540;KINO KLUB ZAGREB;150140.00;33;0.00
sve;83116512353;ĐAKOVIĆ MONTAŽA DOO;149991.36;4;0.00
sve;43980170614;ENERGETSKI INSTITUT HRVOJE POŽAR;146600.00;6;0.00
sve;41021357341;SIGNALIZACIJA HR DOO;146452.57;8;0.00
sve;80364394364;NAKLADA LJEVAK D.O.O.;146198.75;76;0.00
sve;96153048099;M PLAN DOO;145912.38;10;0.00
sve;12957540186;UMJETNIČKA ORGANIZACIJA OBJEKT PLESA;145900.00;31;0.00
sve;16361613293;ŽUPANIJSKA UPRAVA ZA CESTE ZAGREBAČKE ŽUPANIJE;145586.35;1;0.00
sve;79414426924;HRVATSKI BOKSAČKI SAVEZ;145542.01;6;0.00
sve;68915646131;GRB DOO;145286.42;2;0.00
sve;89249500835;EXPERT D.O.O.;142527.23;9;0.00
sve;10821387499;UMJETNIČKA ORGANIZACIJA 21:21;142090.00;24;0.00
sve;10379310214;OTVORENA TELEVIZIJA ZAGREB D.D.;141654.90;2;0.00
sve;84985028632;ZAGREBAČKI GIMNASTIČKI SAVEZ;141112.50;5;0.00
sve;67042118681;VANGELIS DOO;141050.00;86;0.00
sve;86000717278;HRVATSKO DRUŠTVO GLAZBENIH UMJETNIKA;140650.00;25;0.00
sve;44618061908;DIVERT INKLUZIVNI PLESNI KOLEKTIV;140600.00;28;0.00
sve;81460524884;ZAGREBAČKI PARASPORTSKI SAVEZ;140586.05;7;0.00
sve;29580000267;OŠ LAUDER  HUGO KON S PRAVOM JAVNOSTI;140457.85;112;0.00
sve;45754112160;ZAGREBAČKI ŠPORTSKI SAVEZ GLUHIH;140256.30;5;0.00
sve;21078598307;ONDA ARHITEKTURA DOO ZA USLUGE;139968.27;26;0.00
sve;61647196354;ATELIERI ŽITNJAK;139190.00;29;0.00
sve;54082733015;GENERATOR MULTIDISCIPLINARNIH KOPRODUKCIJA;138750.00;46;0.00
sve;51042101322;GOLDEN PROJEKT DOO;138683.08;4;0.00
sve;18216105743;PROJEKTNI BIRO NAGLIĆ D.O.O.;138235.17;91;0.00
sve;25657852436;KOŠARKAŠKI KLUB TREŠNJEVKA 2009.;138000.00;4;0.00
sve;30716520726;AUTOKLUB SIGET;137966.00;61;0.00
sve;89465265383;FRAKTURA D.O.O. ZA NAKLADNIŠTVO I USLUGE;137710.00;18;0.00
sve;05088199813;INTER AGRAR MEHANIZACIJA DOO;137625.00;1;0.00
sve;78904416556;INVESTINŽENJERING D.O.O. ZA PROJEKTIRANJE,GRAĐ. I NADZOR;137503.04;30;0.00
sve;34967762426;SVEUČILIŠTE U ZAGREBU EDUKACIJSKO-REHABILITACIJSKI FAKULTET;137350.00;9;0.00
sve;77581043464;KUPOLE - BOLJE OD ŠATORA D.O.O. ZA PROIZV. I TRGOVINU;135640.19;1;0.00
sve;61839748667;NOTUS IT DOO;134219.16;33;0.00
sve;64088957426;NOVI KVADRAT DOO;134124.35;2;0.00
sve;18282095247;FOND UJEDINJENIH NARODA ZA DJECU UNICEF URED ZA HRVATSKU;133969.31;4;0.00
sve;93205471623;PRODUKT D.O.O.;133493.68;1;0.00
sve;98095915259;IVNE GRAĐEVINA D.O.O.;133404.21;104;0.00
sve;27165475250;DARH 2 D.O.O. ZA ARHITEKTURU I AKUSTIKA;132871.69;2;0.00
sve;34106997956;GRAĐEVINARSTVO SUHALJ DOO ZA GRAĐEVINARSTVO I USLUGE;132752.79;5;0.00
sve;30522286914;UDRUGA ZA PROMICANJE STVARALAŠTVA I JEDN MOGUĆ ALTERNATOR;131950.00;11;0.00
sve;63075963195;CITARA DOO;131624.27;26;0.00
sve;21782292807;GEORAD-STOLARIJA D.O.O. ZA PROIZVODNJU GRAĐEVINSKE STOLARIJE;131405.15;3;0.00
sve;96725652983;MEDIA DOO;131202.50;1;0.00
sve;63496160999;ZAGREBAČKI AUTOMODELARSKI SAVEZ;131157.93;37;0.00
sve;64056166637;UGO - ŠARIĆ D.O.O.;130705.82;36;0.00
sve;65289262084;HRVATSKI P.E.N. CENTAR UDRUGA PISACA PREVODILACA I PUBLICIST;130660.00;22;0.00
sve;24702975835;DOM NADE UDRUGA ZA PODRŠKU BESKUĆN I OST SOC UGROŽ SKUPINAMA;130659.66;9;0.00
sve;65389569788;GEOTEHNIČKI STUDIO DOO;130325.45;14;0.00
sve;87431717711;UMJETNIČKA ORGANIZACIJA FILM - PROTUFILM;129600.00;25;0.00
sve;42547882422;STAMBENI SERVIS - POSLOVNI CENTAR D.O.O.;128121.83;424;0.00
sve;41087785736;ZAGREBAČKI SAVEZ TEHNIČKIH DJELATNOSTI NA VODI;126852.45;31;0.00
sve;67236319316;UNIKOMERC AUTOMOBILI DOO;126529.98;4;0.00
sve;87280494141;UDRUGA ZA INTERDISCIPLINARNA I INTERKULTURALNA ISTRAŽIVANJA;126370.00;26;0.00
sve;45923203292;ABK INŽENJERING DOO;123912.48;7;0.00
sve;32176348568;ZAJEDNICA FOLKORNOG AMATERIZMA GRADA ZAGREBA;123780.00;20;0.00
sve;44420360728;DV MALI KAJ;123680.77;70;0.00
sve;88515189278;MULTI SPORT;122919.33;2;0.00
sve;48197173493;ELEKTROPROJEKT DD;122694.52;4;0.00
sve;17372105601;KREATIVNA MREŽA;122690.00;31;0.00
sve;64453957424;BAOTIĆ D.D.;122566.00;62;0.00
sve;93691731093;ZAKLADA ČUJEM, VJERUJEM, VIDIM;122550.00;11;0.00
sve;39322256656;ALMES D.O.O.;122315.25;1;0.00
sve;53736631841;MARGON MEDIA D.O.O. ZA USLUGE I INFORMATIKU;121962.96;37;0.00
sve;98788918659;MOJO RENTAL SOUTHEAST EUROPE DOO;121933.88;3;0.00
sve;16529207670;TEKSTILPROMET D.D.;121500.00;3;0.00
sve;42113416920;PROTIS DOO;121004.99;5;0.00
sve;46314418222;UDRUGA CRTANI ROMANI ŠOU;120841.44;22;0.00
sve;28158057823;SUBMAP D.O.O. ZA PROJEKTIRANJE I SAVJETOVANJE;120400.00;15;0.00
sve;19841995263;SIGET DIZALA D.O.O.;120397.44;4;0.00
sve;43733878539;HRVATSKI GEOLOŠKI INSTITUT;120187.51;4;0.00
sve;07853602203;FORUM ZA SLOBODU ODGOJA;120068.80;12;0.00
sve;40770493974;GE EL PROING DOO;120024.63;21;0.00
sve;80926707416;UDRUGA ZA RAZVOJ MEDIJSKE I GRAĐ KULTURE RADIO STUDENT;119902.19;16;0.00
sve;02010978731;SOCIJALDEMOKRATSKA PARTIJA HRVATSKE;119740.02;10;0.00
sve;15713274984;STUDIO PANGOLIN;119210.00;62;0.00
sve;44816778493;MI STAR DOO;118800.00;1;0.00
sve;64500625635;BIM PROJEKT DOO;117782.00;23;0.00
sve;76945423688;CELERITAS USLUGE JDOO;117236.79;10;0.00
sve;12000190551;UDRUGA VESTIGIUM;116664.00;22;0.00
sve;49508397045;MINISTARSTVO ZNANOSTI OBRAZOVANJA I MLADIH;116400.80;3;0.00
sve;01013177444;UMJETNIČKA ORGANIZACIJA KAZALIŠTE MORUZGVA;115950.00;19;0.00
sve;46126976851;URED ZA FOTOGRAFIJU;115790.00;24;0.00
sve;25414985167;UDRUGA PET PLUS;115761.22;8;0.00
sve;03785720358;AUTOCENTAR AGRAM DD;114387.00;60;0.00
sve;10061338895;DRUŠTVO HRVATSKIH KNJIŽEVNIH PREVODILACA;114365.00;14;0.00
sve;71309264402;DE FACTO KAZALIŠNA GRUPA;114270.00;21;0.00
sve;64616149246;UMJETNIČKA ORGANIZACIJA FORMAT C;113850.00;27;0.00
sve;34456781211;ZAGREBAČKI RADIOAMATERSKI SAVEZ;113837.75;36;0.00
sve;77149671736;ORING ENG DOO;113595.61;3;0.00
sve;04971949268;ŽENSKI AKADEMSKI VATERPOLSKI KLUB MLADOST;113500.00;4;0.00
sve;15702256936;TRAF SIGNAL DOO;113320.32;3;0.00
sve;80031026947;TEHNOMEDIKA DOO;113043.75;1;0.00
sve;99008810635;BCC SERVICES D.O.O.;112135.93;29;0.00
sve;05311656188;UMJETNIČKA ORGANIZACIJA METROPOLIS;111950.00;32;0.00
sve;64794270224;ELEKTRORAD D.O.O. ZA TRGOVINU I USLUGE;111894.89;4;0.00
sve;04123051557;OWENS HOUŠKA I PARTNERI ODVJETNIČKO DRUŠTVO DOO;111651.31;101;0.00
sve;34043986015;CRISTOFORIUM;111650.00;16;0.00
sve;64739403930;POLIKLINIKA HELP PLUS;111464.00;14;0.00
sve;84214771175;ERICSSON NIKOLA TESLA DD;111363.75;2;0.00
sve;20002192021;PRIVATNA KLASIČNA OSNOVNA ŠKOLA S PRAVOM JAVNOSTI;110339.77;38;0.00
sve;35134680162;DV POTOČIĆ;110320.11;31;0.00
sve;91407011517;UDRUGA SCENA AMADEO;110100.00;12;0.00
sve;78247215436;ELAG D.O.O. ZA GRADITELJSTVO I POSLOVNE USLUGE;109787.43;16;0.00
sve;01254445043;DIMNJAČARSKA OBRTNIČKA ZADRUGA;109052.46;538;0.00
sve;23941254478;UMJETNIČKA ORGANIZACIJA OAZA;108465.00;34;0.00
sve;29862139033;KLESS STIL DOO;108342.79;2;0.00
sve;12933687795;AUTO - REMETINEC D.D.;108283.00;62;0.00
sve;62737904112;ARHITEKTURA BOLANČA DOO;108280.36;54;0.00
sve;12486866943;PREMIUM MONT DOO;108054.95;19;0.00
sve;34672089688;PRESSCUT D.O.O.;107668.01;30;0.00
sve;31826778222;CENTAR ZA KAZALIŠTE POTLAČENIH POKAZ;107030.00;24;0.00
sve;67192095003;AUDIO STORE TRANSONICA JDOO;106390.00;16;0.00
sve;79817586565;ORGANIZACIJA ZA PLANIRANJE I ARHITEKTURU D.O.O.;106330.73;7;0.00
sve;27355904472;ODVJETNIČKO DRUŠTVO MAĐARIĆ & LUI;105422.78;99;0.00
sve;41976156545;PRVING BABIĆ JDOO;105049.07;282;0.00
sve;43511228502;NAFTALAN SPEC.BOLNICA ZA MED.REHABILITACIJU IVANIĆ GRAD;105000.00;42;0.00
sve;89984971143;LOST D.O.O.;104795.74;2;0.00
sve;33649615982;ARHIS DOO;104610.00;7;0.00
sve;46448657157;ZAGREBAČKI FOLKLORNI ANSAMBL DR. IVANA IVANČANA;104000.00;11;0.00
sve;45026196523;HRVATSKI POSLOVNI CENTAR-STAMBENO POS. GOSPOD. D.O.O.;103999.89;634;0.00
sve;72667678548;ID EKO D.O.O.;103992.80;7;0.00
sve;71959900435;VJEŠTAK BAN DOO;103927.48;41;0.00
sve;14504100762;SAVEZ STUDENATA FAKULTETA ELEKTROTEHNIKE I RAČUNARSTVA;103700.00;17;0.00
sve;38890689962;BALLON OBRT ZA ČUVANJE DJECE VL KRISTINA LEGIN;103519.43;28;0.00
sve;26561427801;ULIX D.O.O.;103492.65;80;0.00
sve;27876338953;UDRUGA ZA NEZAVISNU MEDIJSKU KULTURU;103219.53;15;0.00
sve;86127487429;SUBNECTO D.O.O.;102525.00;28;0.00
sve;34463635930;UDRUGA HRVATSKIH BRANITELJA LIJEČENIH OD PTSP POREMEĆAJA;102344.60;36;0.00
sve;75454185661;OPĆINA BISTRA;101037.78;9;0.00
sve;13042216614;UDRUGA ZA RAZVOJ URADI SAM KULTURE - RADIONA;101030.00;14;0.00
sve;52856813660;KREATIVNI SINDIKAT;100950.00;13;0.00
sve;15425371026;FOLKLORNI ANSAMBL ZAGREB-MARKOVAC;100885.00;8;0.00
sve;86472637435;KOKOT AGRO DOO ZA PROIZVODNJU I TRGOVINU;99900.00;3;0.00
sve;36444182418;ATMOSFERA DOO;98983.13;9;0.00
sve;84105269168;DYVOLVE DOO ZA POSLOVNO SAVJETOVANJE I USLUGE;98071.85;2;0.00
sve;04662252043;KOPIMA D.O.O.;97473.80;55;0.00
sve;29212890252;GEOEKSPERT D.O.O.;96964.34;11;0.00
sve;60424552301;PLANETARIS D.O.O;96757.25;14;0.00
sve;59841066496;ADA MAR DOO;96592.65;5;0.00
sve;57675698526;UDRUŽENJE OBRTNIKA GRADA ZAGREBA;96000.00;5;0.00
sve;49217286584;ARIES DOO;95300.00;2;0.00
sve;79506290597;LEXPERA DOO;95258.80;62;0.00
sve;45825378029;KRIGRAD DOO;95212.31;45;0.00
sve;05364995085;GRA - PO D.O.O. ZA TRGOVINU I USLUGE;94687.50;1;0.00
sve;17941638357;FOTOGRAFSKA UDRUGA ORGAN VIDA;94500.00;19;0.00
sve;29878213790;ZAGREBAČKI BOKSAČKI SAVEZ;93414.30;6;0.00
sve;17834732750;KULTURNI KLUB;93200.00;26;0.00
sve;49280496152;MAGBA GRADNJA D.O.O.;93103.64;6;0.00
sve;49002703751;BANCA FARMAFACTORING S P A;93065.31;4;0.00
sve;86541007665;LUTKARSKA ORGANIZACIJA KOJU FAKAT TREBAMO;92950.00;28;0.00
sve;76638884750;ZAVOD ZA FOTOGRAMETRIJU D.D.;92834.55;72;0.00
sve;42421479444;MARIJA SELAK RASPUDIĆ NEZAVISNA LISTA;92743.90;7;0.00
sve;47614296387;SINTEGRAS DOO;92403.75;24;0.00
sve;77583789735;TRINDUS EKSPERT DOO;91965.69;341;0.00
sve;28111148974;PROMETNICE ZAGREB;91948.73;24;0.00
sve;49528301725;HIDRO GRAD DOO;91851.29;3;0.00
sve;86117549775;UDRUGA ZA PROMICANJE VIZUALNIH UMJ. I KULT. DJ. VIZKULTURA;91800.00;25;0.00
sve;08770925700;CENTAR ZA MIROVNE STUDIJE;91440.00;10;0.00
sve;59113853010;PETARDA D.O.O.;91079.52;2;0.00
sve;86642397740;ZAGREBAČKI KOMORNI ORKESTAR;90900.00;22;0.00
sve;78662188473;UMJET. ORGANIZ. ZA OTVARANJE NOV.POLJA KAZ.KOM.ČETVERORUKA;90850.00;23;0.00
sve;94391499491;NACIONALNI MUZEJ MODERNE UMJETNOSTI;90450.00;13;0.00
sve;77808965838;TOMISLAV VITKOVIĆ D.O.O.;90077.53;246;0.00
sve;92486618284;ZAGREBAČKI AKADEMSKI SPORTSKI SAVEZ;90000.00;3;0.00
sve;11792664479;EMAL ENTERTAIMENT JDOO ZA USLUGE;90000.00;2;0.00
sve;32532374809;IDF ODRŽAVANJE DOO;89958.80;119;0.00
sve;03897450800;PROJEKTNI URED  MI2A DOO;89887.15;28;0.00
sve;06814071127;MRAK USLUGE DOO;89450.00;18;0.00
sve;68419124305;HRVATSKA RADIOTELEVIZIJA;88688.36;102;0.00
sve;73416746280;JOBIS D.O.O.;88430.00;3;0.00
sve;79526992554;UMJETNIČKA ORGANIZACIJA PUNCTUM;88350.00;18;0.00
sve;32007378078;SFERA DRUŠTVO ZA ZNANSTVENU FANTASTIKU;88300.00;26;0.00
sve;40935660435;PRIVATNA GIMNAZIJA I EKONOMSKA ŠKOLA KATARINA ZRINSKI;87825.57;51;0.00
sve;27687512588;ARMUS D.O.O.;87799.45;8;0.00
sve;42857246988;URBANISTICA D.O.O.;87325.00;7;0.00
sve;21913596812;UNISON HRVATSKI GLAZBENI SAVEZ;87030.00;20;0.00
sve;67647798680;TEATAR RUGANTINO;86300.00;19;0.00
sve;19370100881;MINISTARSTVO GOSPODARSTVA;86269.83;1;0.00
sve;87565323632;INFO - KOD D.O.O. ZA PROIZVODNJU, TRGOVINU I USLUGE;86123.76;12;0.00
sve;81342099677;BRANITELJSKA ZADRUGA DANICA ZAGREB;86072.50;32;0.00
sve;61765726217;LIPAR OPREMA DOO ZA IZNAJMLJIVANJE STROJEVA I OPREME;86001.00;33;0.00
sve;79695515983;ELDRA DOO;85701.75;9;0.00
sve;58093202066;DLG NOVE TEHNOLOGIJE DOO;85694.05;7;0.00
sve;99339634780;VITA PROJEKT DOO;85512.50;5;0.00
sve;47481627827;REHABILITACIJSKI CENTAR ZA STRES I TRAUMU;85447.00;13;0.00
sve;77122499471;UDRUGA ZA PR. KULTURE AUTOMOBILA I DIZAJNA SCUDERIA ZAGREB;85400.00;11;0.00
sve;37240093113;LEVITAS DOO ZA TRGOVINU I PROIZVODNJU;85193.01;6;0.00
sve;62924153420;SVEUČILIŠTE U ZAGREBU GRAĐEVINSKI FAKULTET;84995.50;12;0.00
sve;27579710805;TEDING D.O.O.;84841.02;4;0.00
sve;21846792292;RADNIK GRAĐEVINARSTVO I GRAĐEVINSKA INDUSTRIJA D.D.;84752.67;2;0.00
sve;16549597500;GIM D.O.O.;84405.50;65;0.00
sve;66035413157;KREATIVNI KRAJOBRAZI DOO;84225.00;5;0.00
sve;05099173092;LEMAX D.O.O.;83987.89;97;0.00
sve;62428114050;ADEO D.O.O.;83904.12;13;0.00
sve;01913481578;EUROPAPIER ADRIA DOO;83106.38;8;0.00
sve;03391345868;VIGOR SOLIS DOO;82819.24;4;0.00
sve;73574345601;UMJETNIČKA ORGANIZACIJA - OTVORENI LIKOVNI POGON - ZAGREB;82700.00;19;0.00
sve;31134262074;FAVORY DOO ZA USLUGE I TURISTIČKA AGENCIJA;82457.66;39;0.00
sve;88615915161;KAJAKAŠKI SAVEZ ZAGREBA;82000.00;4;0.00
sve;87607151174;FORTIS LABOR DOO;81675.00;5;0.00
sve;37811664798;SAVICA GRADNJA DOO;81651.48;2;0.00
sve;69048614769;UPGRADE DOO;81237.50;1;0.00
sve;84887486330;RRP PROJEKTI DOO;81100.00;1;0.00
sve;34902658865;FUGGER D.O.O.;80904.15;406;0.00
sve;16626686704;ODVJETNIČKO DRUŠTVO ŠPEHAR & ŠPEHAR & RUKAVINA JTD;80886.86;12;0.00
sve;05697009039;DV MALI CVRČAK;80857.31;27;0.00
sve;14527130765;KOOPERATIVA REGIONALNA PLATFORMA ZA KULTURU;80515.00;20;0.00
sve;51227446526;SAVEZ SCENARISTA I PISACA IZVEDBENIH DJELA;80410.00;24;0.00
sve;75224474023;IDEMO DALJE;80000.00;2;0.00
sve;35596498125;KLEMM SIGURNOST D.O.O. ZA TJELESNU I TEHNIČKU ZAŠTITU;79561.88;8;0.00
sve;82795981569;ADING 94 DOO;79551.65;2;0.00
sve;98530718208;GLAZBENI INSTITUT MLADIH;79500.00;10;0.00
sve;95017105221;GUT D.O.O.;78923.13;6;0.00
sve;89764304852;ZAGREBAČKI ORKESTAR ZETA;78900.00;17;0.00
sve;66028599476;EKO SUCUS DOO;78874.79;3;0.00
sve;61427233201;REGOČ DOO;78559.70;1;0.00
sve;68899485354;KRUGOVI, CENTAR ZA EDUKACIJU, SAVJETOVANJE I HUMAN. DJELOV.;78327.00;13;0.00
sve;21926472791;TEHNOZAVOD - MARUŠIĆ D.O.O. ZA PROIZVODNJU SUSTAVA TEH. ZAŠ.;78239.94;4;0.00
sve;56924649846;ISUSOVAČKA SLUŽBA ZA IZBJEGLICE;78100.00;6;0.00
sve;53395105050;HKPD BOSILJAK;77900.00;14;0.00
sve;23064700393;INSTITUT ZA SUVREMENU UMJETNOST;77825.00;9;0.00
sve;12448394088;ODVJETNIČKO DRUŠTVO KUTLEŠA I ŽAKULA JTD;77723.45;213;0.00
sve;76058604397;CORE INTEGRA D.O.O. ZA SAVJETOVANJE I  USLUGE;77196.75;30;0.00
sve;33487743969;PROING D.O.O.;77172.65;12;0.00
sve;66859264899;HUP ZAGREB D.D.;77081.76;9;0.00
sve;91448726740;ASTREJA PLUS D.O.O.;77016.57;9;0.00
sve;23248350988;LAUBA;77000.00;7;0.00
sve;35690918519;TRI KVARTI DOO;76501.23;5;0.00
sve;79513253561;RUMAT DOO;76395.96;1399;0.00
sve;54896636454;GRADITELJ JULIUS DOO;76269.40;1;0.00
sve;16523061708;UDRUGA GLUHOSLIJEPIH OSOBA GRADA ZAGREBA;76013.90;19;0.00
sve;09506893120;ZAGREBAČKI KARATE SAVEZ;76000.00;4;0.00
sve;92751331860;ZAGREBAČKI PLIVAČKI SAVEZ;76000.00;4;0.00
sve;80888915470;ZAGREB PRIDE;75979.53;13;0.00
sve;17497489416;SPP DOO;75886.00;3;0.00
sve;05987458732;POP PROM DOO;75735.95;4;0.00
sve;76120956111;PIEL DOO;75603.59;3;0.00
sve;45496526912;RIPINA DOO;75418.97;24;0.00
sve;39777918920;MEPA STAN DOO;75213.92;176;0.00
sve;62776334004;DRUŠTVO ZA PROMICANJE KNJIŽEVNOSTI NA NOVIM MEDIJIMA;75150.00;8;0.00
sve;56195699333;ZAGREBAČKI KONJIČKI SAVEZ;75000.00;3;0.00
sve;81623155686;UMJETNIČKA ORGANIZACIJA TRAGAČI;74970.00;14;0.00
sve;48245489488;PROJEKTLAB D.O.O.;74764.03;14;0.00
sve;39792730053;IPT INŽENJERING D.O.O.;74711.38;25;0.00
sve;71412305441;ELEMENT D.O.O. ZA NAKLADNIŠTVO;74436.72;19;0.00
sve;63126032936;MONEL DOO;74408.91;721;0.00
sve;44251478653;ZAGREBAČKI JUDO SAVEZ;74000.00;4;0.00
sve;65770890193;UDRUGA DJELOVANJA U KULTURI ARTERARIJ;73552.00;18;0.00
sve;19407280555;OVERSEAS TRADE CO.LTD. D.O.O.;73500.00;1;0.00
sve;73660371074;PEVEX DD;73362.14;90;0.00
sve;01599058817;ZAGREBAČKI MAKETARSKO - MODELARSKI SAVEZ;73233.14;36;0.00
sve;07897941748;CORNUS PROJEKT D.O.O. ZA PROJEKTIRANJE I USLUGE;73182.48;26;0.00
sve;93089936989;ODVJETNIČKO DRUŠTVO SCHMIDT&MUNDWEIL JDT;73094.83;3;0.00
sve;41775268569;UMJETNIČKA ORGANIZACIJA YELO ZA INTERDISCIPLIN UMJETN PROCES;72800.00;21;0.00
sve;24934076574;ZAJEDNICA KLUBOVA LIJEČENIH ALKOHOLIČARA ZAGREB;72750.00;12;0.00
sve;50162948091;UDRUGA ZA PROMICANJE INKLUZIJE;72595.00;8;0.00
sve;81030685223;UMJETNIČKA ORGANIZACIJA IMAGINE PLATFORMA;72400.00;11;0.00
sve;49281407435;GEODATA PROJEKT D.O.O.;72117.21;5;0.00
sve;15797731974;ŽENSKA SOBA - CENTAR ZA SEKSUALNA PRAVA;72091.56;7;0.00
sve;89968033067;CROATIA - TEHNIČKI PREGLEDI D.O.O.;72063.00;59;0.00
sve;90441473502;EUROPAN HRVATSKA;72000.00;3;0.00
sve;47896586743;KAZALIŠNA DRUŽINA BOOM TEATAR;71950.00;12;0.00
sve;00721493603;SAEPTUM DOO;71950.00;6;0.00
sve;51272003168;TONKICA POLONKICA OBRT ZA ČUVANJE DJECE VL MARINA STRELAR;71905.65;16;0.00
sve;43487470444;UMJETNIČKA ORGANIZACIJA MALO SUTRA;71579.00;13;0.00
sve;06406092393;PRIVATNA GIMNAZIJA I TURSTIČKO-UGOST ŠKOLA J KUPREŠAK;71435.75;44;0.00
sve;02217925295;UDRUGA IGRA;71138.91;11;0.00
sve;40826829003;RHINO PRODUKCIJA DOO;71118.25;11;0.00
sve;65845322221;VIZIBIT DOO;70625.00;2;0.00
sve;70989581208;KUĆĆA;70450.00;24;0.00
sve;70452429639;AMBIDEKSTER KLUB;70449.82;12;0.00
sve;85616534537;UMJETNIČKA ORGANIZACIJA P137;70200.00;18;0.00
sve;35985815579;AD CON DOO;70169.82;18;0.00
sve;56566580479;TERME TUHELJ D.O.O.;70097.72;9;0.00
sve;99537953083;HYSTERIA DOO;70022.75;10;0.00
sve;61395267130;SEMAX DOO;69914.59;1;0.00
sve;91071732711;DEBRA, DRUŠTVO OBOLJELIH OD BULOZNE EPIDERMOLIZE;69767.00;9;0.00
sve;33911499305;FORMA PURUS D.O.O.;69520.98;2;0.00
sve;35075428561;UMJETNIČKA ORGANIZACIJA CARGO;69450.00;32;0.00
sve;41548127608;REMO DOO;69444.55;46;0.00
sve;56998660224;UMJETNIČKA ORGANIZACIJA NAHERO;69400.00;12;0.00
sve;24113470894;PROJEKTI I EKSPERTI DOO;69321.14;79;0.00
sve;50205057740;STUDIO ZA ARHITEKTURU DOO ZA ARHITEKTURU I GRADITELJSTVO;69200.00;1;0.00
sve;06081983053;KOMORNI ZBOR IVAN FILIPOVIĆ;69000.00;10;0.00
sve;74360083856;KLING DOO;68772.23;37;0.00
sve;78389906313;ADIMO DOO;68500.00;1;0.00
sve;58147022911;AMG STUDIO D.O.O. ZA PROJEKTIRANJE,GRAĐEVINARSTVO I TRGOVINU;68349.17;6;0.00
sve;46572491389;NIVETO DOO;68315.33;1;0.00
sve;39632230563;GRANOVA DOO;67718.59;11;0.00
sve;69265772227;UMJETNIČKA ORGANIZACIJA HRVATSKI KOMORNI ORKESTAR;67500.00;5;0.00
sve;26896388401;KONCERTNA DVORANA TVORNICA KULTURE;67500.00;10;0.00
sve;43340124580;SUPRA NET D.O.O. ZA TRGOVINU I INFORMATIČKE DJELATNOSTI;67138.74;4;0.00
sve;10626066704;MULTIMEDIJALNA KOLIBA;67060.00;22;0.00
sve;72396032469;HRVATSKI BOCCIA SAVEZ;67000.00;4;0.00
sve;00180729178;ESC FACTORING DOO;66863.65;3;0.00
sve;83237257080;ZAKLADA ANA RUKAVINA;66700.00;4;0.00
sve;74151090266;SUSTAV ORKESTARA DJECE I OMLADINE;66600.00;17;0.00
sve;14447744368;TEXO MOLIOR DOO ZA GRADITELJSTVO I USLUGE;66360.00;1;0.00
sve;16782831188;ZAGREBAČKI ŠAHOVSKI SAVEZ;66300.00;4;0.00
sve;69824424463;VOLONTERI U PALIJATIVNOJ SKRBI LA VERNA;66092.00;12;0.00
sve;41683226810;INSTITUT ZA JAVNE FINANCIJE;66090.00;15;0.00
sve;23067880654;OŠ KREATIVNI RAZVOJ;66047.87;58;0.00
sve;19673322859;MONTAŽSTROJ;66000.00;6;0.00
sve;59552791905;TEATAR GAVRAN;66000.00;17;0.00
sve;32133934323;ŽENSKI NOGOMETNI KLUB AGRAM;66000.00;2;0.00
sve;50467974870;MAKROMIKRO GRUPA D.O.O.;65967.37;21;0.00
sve;16026657761;GANZ NOVA KULTURA PROMJENE;65942.50;22;0.00
sve;71221608291;PARTNER BANKA;65736.38;60;0.00
sve;38583303160;PRAVNI FAKULTET SVEUČILIŠTA U ZAGREBU;65680.00;67;0.00
sve;27414388868;BRŽE VIŠE BOLJE D.O.O;65591.29;40;0.00
sve;51798116034;JK PROJEKT RENT DOO;65347.38;38;0.00
sve;99029223761;ORATORIJSKO DRUŠTVO CRKVE SVETOG MARKA;65300.00;16;0.00
sve;90225082044;UMJETNIČKA ORGANIZACIJA KAZALIŠNA DRUŽINA EMPIRIA TEATAR;65215.00;16;0.00
sve;33665211672;BORNFIGHT STUDIO D.O.O.;65156.25;11;0.00
sve;22822699415;ODVJETNIČKO DRUŠTVO METELKO KNEŽEVIĆ I PARTNERI DOO;65093.11;116;0.00
sve;71441471989;HRVATSKI AKADEMSKI SPORTSKI SAVEZ;65000.00;2;0.00
sve;24690129373;METUS DOO;64687.50;3;0.00
sve;68752651868;MEŠTROVIĆ - PRIJEVOZ D.O.O.;64588.21;28;0.00
sve;74645378611;GEOMATIKA DOO;64421.02;8;0.00
sve;49503354754;GS UPRAVLJANJE DOO;64317.41;61;0.00
sve;79315449004;DRUŠTVO DISTROFIČARA;64300.00;10;0.00
sve;90258647818;ZAGREB INŽENJERING DOO;64260.73;4;0.00
sve;39615965867;STUDIO ARTLESS;64050.00;14;0.00
sve;39075073977;UDRUGA PASIONSKA BAŠTINA;64000.00;17;0.00
sve;35289396071;CANTUS D.O.O.;63927.20;18;0.00
sve;83411133656;EKSPERIMENTALNA SLOBODNA SCENA;63850.00;17;0.00
sve;94389348128;KALA DOO;63791.25;1;0.00
sve;99534693762;SVEUČILIŠTE U ZAGREBU RUDARSKO-GEOLOŠKO-NAFTNI FAKULTET;63750.00;2;0.00
sve;27704597061;ZAGREBAČKI STRELJAČI SAVEZ;63000.00;4;0.00
sve;95847257607;AKADEMIJA LIKOVNIH UMJETNOSTI;62340.00;18;0.00
sve;13909509653;GEO LINE SYSTEMS DOO;62203.32;27;0.00
sve;02727445506;UDRUGA DRAŽEN PETROVIĆ;62000.00;1;0.00
sve;74277121488;HRVATSKI SAVEZ KOŠARKE U KOLICIMA;62000.00;2;0.00
sve;70663193635;AGRAM BANKA DD ZAGREB;61811.65;70;0.00
sve;86709918716;ODVJETNIČKO DRUŠTVO KALLAY I PARTNERI DOO;61790.92;179;0.00
sve;67749812605;KOZLIĆI UDRUGA ZA PROMICANJE KULTURE;61700.00;17;0.00
sve;37388188772;TRGOVAČKI SUD U ZAGREBU;61643.60;39;0.00
sve;80572192786;HŽ PUTNIČKI PRIJEVOZ D.O.O.;61605.04;253;0.00
sve;57481673535;LJEVAONICA UMJETNINA UJEVIĆ D.O.O.;61458.84;2;0.00
sve;75834963344;GRAD VELIKA GORICA;60977.36;2;0.00
sve;79967404744;PRO DOO;60914.00;3;0.00
sve;52201457254;URBANE TEHNIKE D.O.O.;60750.00;5;0.00
sve;26826437822;INTEROMNIA DOO;60297.26;3;0.00
sve;27068483295;ŽENSKA POMOĆ SADA SOS TELEFON ZA ŽENE I DJ ŽRTVE NASILJA;60000.00;2;0.00
sve;26148807337;PROSTORNE TAKTIKE DOO;60000.00;2;0.00
sve;84931084664;SLAVONIJA BUS DOO;59969.85;2;0.00
sve;18556201041;CENTRAL POINT DOO;59914.78;7;0.00
sve;30281577600;OBIN UPRAVLJANJE DOO;59791.37;339;0.00
sve;91805905887;HRABRI TELEFON;59787.00;12;0.00
sve;90002393727;ŽUPA SV.BLAŽA;59725.20;30;0.00
sve;91352666060;CEST AGRAM UDRUGA ULIČNIH ZABAVLJAČA;59600.00;12;0.00
sve;57189591567;VATROPROMET D.O.O.;59550.77;16;0.00
sve;84430586938;RUDAN D.O.O.;59317.75;5;0.00
sve;64248857700;DOMEL DOO;59008.45;1;0.00
sve;92229708301;IMMERSIVE GAMES DOO ZA INFORMATIKU I POSLOVNO SAVJETOVANJE;59000.00;2;0.00
sve;14057774659;ZAGREBAČKI RADIO PLAVI 9 D.O.O.;58878.47;2;0.00
sve;30176496729;GRAND AUTO DOO;58752.89;1;0.00
sve;26240899420;MICHEL DOO;58597.84;10;0.00
sve;55305844525;IBIS-GRAFIKA D.O.O. ZA GRAFIČKE USLUGE;58509.00;26;0.00
sve;47978428233;UDRUGA GRADOVA U REPUBLICI HRVATSKOJ;58398.01;11;0.00
sve;01617130836;FANTASTIČNO DOBRA INSTITUCIJA FADE IN;58333.00;14;0.00
sve;96743361297;G. I. M. GRAĐENJE D.O.O.;58226.06;37;0.00
sve;48953641019;HRVATSKI SAVEZ GLUHOSLIJEPIH OSOBA - DODIR;58187.49;34;0.00
sve;99421577215;ZVONA USLUGE D.O.O.;58137.70;15;0.00
sve;10305984252;MEĐUNARODNA BRITANSKA ŠKOLA VEDRI OBZORI;58067.45;36;0.00
sve;88238407622;CETINA DIZALA DOO;58020.00;1;0.00
sve;35632925066;V.B.Z. D.O.O.;58009.41;14;0.00
sve;30740253189;URBANE IDEJE DOO;57532.26;8;0.00
sve;15748798560;MAKSIMUS D.O.O.;57465.35;460;0.00
sve;62529488741;ROBOT 22 DOO ZA USLUGE;57400.00;5;0.00
sve;74555862029;AGRIVI DOO ZA PROIZVODNJU TRGOVINU I USLUGE;57351.38;3;0.00
sve;31390132309;PUČKO OTVORENO UČILIŠTE KORAK PO KORAK;57300.00;7;0.00
sve;05394491002;SLIV OPREMA D.O.O.;57291.25;2;0.00
sve;76901428643;APZ HIDRIA D.O.O.;57255.81;16;0.00
sve;67757516642;MEŠIĆ DOO;56631.05;3;0.00
sve;90409649064;FNG PROPERTY HR DOO;56516.90;11;0.00
sve;71819246783;EKO INVEST D.O.O.;56475.88;3;0.00
sve;06565884479;KULTURNO UMJETNIČKO DRUŠTVO SESVETE;56400.00;5;0.00
sve;54405379938;TIM PRESS IZDAVAŠTVO,MARKETING,TRGOVINA I USLUGE D.O.O.;56300.00;21;0.00
sve;84168266222;PARLAM INTERIJERI JDOO;56168.00;2;0.00
sve;77434030734;ŠTAJDUHAR I JUREC BARAS ODVJETNIČKO DRUŠTVO DOO;56005.91;34;0.00
sve;53830159458;HKUD ŽELJEZNIČAR;56000.00;12;0.00
sve;21934187304;UDRUŽENJE DJECA PRVA;55767.00;10;0.00
sve;81273222992;STUDIO OBRIS D.O.O.;55676.95;9;0.00
sve;39620501429;DRUŠTVO TJELESNIH INVALIDA;55517.00;19;0.00
sve;09508149024;UDRUGA ZA PROMICANJE KNJIŽEVNOSTI I KULTURE SKRIBONAUTI;55500.00;5;0.00
sve;93252258037;KAZALIŠNA DRUŽINA KUFER;55400.00;13;0.00
sve;54865570214;DEFF MONTAŽA DOO;55296.20;10;0.00
sve;74099460877;PRIRODNO UMJETNIČKI KRUŽOK;55252.20;29;0.00
sve;92833007025;KAZALIŠTE HOTEL BULIĆ;55200.00;14;0.00
sve;47719259482;KEMIS TERMOCLEAN D.O.O.;55169.21;121;0.00
sve;26314002934;KRIZANTEMA USLUGE D.O.O.;55008.70;32;0.00
sve;66303138221;FOLKLORNI ANSAMBL SESVETSKA SELA;55000.00;6;0.00
sve;15956530643;FORTIUS INFO D.O.O. ZA TRGOVINU I USLUGE;54846.26;29;0.00
sve;67417590263;CEDEPE-DR. OSOBA S CEREBRALNOM I DJEČJOM PARALIZOM ZAGREB;54700.00;4;0.00
sve;35995486720;UDRUGA ZEMLJANI ARE YOU SYRIOUS;54630.00;5;0.00
sve;99439479072;PRIOR INŽENJERING D.O.O.;54600.00;4;0.00
sve;91715167661;CONTECH DOO;54365.63;12;0.00
sve;47012378732;UDRUGA ZA AUTIZAM;54350.00;7;0.00
sve;45050126417;KONČAR - ELEKTROINDUSTRIJA D.D.;54210.14;59;0.00
sve;51744209467;CALLIDUS USTANOVA ZA OBRAZOVANJE ODRASLIH;54075.00;2;0.00
sve;43174632631;MALA ZVONA D.O.O. ZA IZDAVAŠTVO I USLUGE;53870.00;18;0.00
sve;67059989656;TROTOČKA DOO;53862.50;6;0.00
sve;94081753133;AUTOBAHN DOO;53819.56;36;0.00
sve;60260099259;AKTER PUBLIC DOO;53818.38;42;0.00
sve;11629135546;AMBIENT PARK D.O.O. ZA TRGOVINU, USLUGE I REKREACIJU;53779.50;2;0.00
sve;07943625362;ZAGREBAČKI SAVEZ KLUBOVA MLADIH TEHNIČARA;53580.80;31;0.00
sve;75920958860;MAŠTARA;53545.00;8;0.00
sve;52853709191;DOMOVINSKI POKRET;53427.94;10;0.00
sve;90555383444;MT ETER D.O.O.;53385.02;2;0.00
sve;62776074052;KONTURA PROJEKT D.O.O.;53161.30;15;0.00
sve;73199055285;UMJETNIČKA ORGANIZACIJA KAZALIŠNA DRUŽINA CIRK POZOR;53057.00;22;0.00
sve;73127443455;PERAN D.O.O.;53047.13;1;0.00
sve;64463054095;PROARH TRI  D.O.O.;53000.00;1;0.00
sve;52560654618;HSPD SLJEME ŠESTINE;52900.00;14;0.00
sve;85127306373;ODVJETNIČKO DRUŠTVO HANŽEKOVIĆ & PARTNERI D.O.O.;52557.92;50;0.00
sve;68119083236;TPZ DOO;52509.62;1;0.00
sve;93604401369;UDRUGA PRAGMA;52458.68;6;0.00
sve;51811672730;UMJETNIČKA ORGANIZACIJA ŠKVADRA;52377.00;20;0.00
sve;02019557948;ARHITEKTURA KRITOVAC JDOO;52348.00;8;0.00
sve;88960810798;MDK GRAĐEVINAR DOO;52027.34;1;0.00
sve;92943474869;ANSAMBL SLOBODNOG PLESA LIBERDANCE;52000.00;21;0.00
sve;60165462665;GRUDOM DOO;51616.90;1;0.00
sve;47993902504;ZRINMATUČEC D.O.O.;51505.39;6;0.00
sve;53916061811;HRVATSKA MREŽA ZA BESKUĆNIKE;51477.00;3;0.00
sve;52885317777;DERATIZACIJA GOSPIĆ DOO;51437.64;39;0.00
sve;87103856515;CENTAR ZA NEURORAZVOJNU INTEGRACIJU REFLEKSA;51363.39;8;0.00
sve;97258269943;HRVATSKO DRUŠTVO KNJIŽEVNIKA ZA DJECU I ML KLUB PRVIH PISACA;51280.00;9;0.00
sve;92276133102;VEČERNJI LIST NOVINSKO NAKLADNIČKO D.O.O.;51175.02;16;0.00
sve;26378007258;UDRUGA ŠPORTSKIH RIBOLOVACA INVALIDA DOMOVINSKOG RATA;51000.00;6;0.00
sve;82181984047;REGALERIJA DOO;50867.55;1;0.00
sve;75289198230;HDKA HRVATSKO DRUŠTVO KRAJOBRAZNIH ARHITEKATA;50835.51;13;0.00
sve;50481342682;PROSPECTUS DOO;50770.94;4;0.00
sve;08644280117;BRLIĆ D.O.O.;50555.62;86;0.00
sve;58002925068;UMJETNIČKA ORGANIZACIJA OVOONO;50400.00;13;0.00
sve;00513519279;SIGNALGRAD D.O.O.;50321.56;31;0.00
sve;25640412631;SAVEZ GLUHIH  I NAGLUHIH GRADA ZAGREBA;50240.00;28;0.00
sve;04338763558;FESTIVAL SUVREMENOG ŽIDOVSKOG FILMA ZAGREB;50215.88;13;0.00
sve;70241212555;ELIS PROJEKT DOO;50169.62;37;0.00
sve;30412018193;BORONGAJ INVEST DOO;50071.40;174;0.00
sve;86768378957;FHR D.O.O.;50000.00;3;0.00
sve;27157012635;FRAGARIA DOO ZA PROIZVODNJU I PRERADI VOĆA I POVRĆA;50000.00;1;0.00
sve;21231559118;ENERGY CENTAR PLUS DOO;49850.00;1;0.00
sve;64989582259;UDRUGA PROFESIONALNIH PLESNIH UMJETNIKA PULS;49750.00;20;0.00
sve;91094950285;ZAGREB ZGRADE D.O.O.;49595.89;104;0.00
sve;63621765720;DRUŠTVO POVJESNIČARA UMJETNOSTI HRVATSKE;49500.00;7;0.00
sve;12856557744;LEYKAM INTERNATIONAL D.O.O.;49400.00;16;0.00
sve;51108551424;CENTAR GRAĐEVINSKOG FAKULTETA DOO;49261.29;14;0.00
sve;52974363766;INSTITUT TOMISLAV GOTOVAC;49200.00;10;0.00
sve;60174266484;DRUŠT ZA POBOLJŠ. KV. ŽIVOTA SIROM. I NEZBR. DJECE MALI ZMAJ;49147.00;9;0.00
sve;41856116339;IMAGO REKLAMNA AGENCIJA DOO;49094.40;3;0.00
sve;02570282389;UMJETNIČKA ORGANIZACIJA TRES PAS;49000.00;12;0.00
sve;84310268229;IRES EKOLOGIJA DOO ZA ZAŠTITU PRIRODE I OKOLIŠA;48827.50;2;0.00
sve;80710986317;PETRINE KNJIGE DOO;48300.00;18;0.00
sve;31214705045;C5 KONCEPT D.O.O. ZA USLUGE;48176.75;25;0.00
sve;84691119186;UDRUGA ZA RAZVOJ I PODRŠKU FRANCUSKE MEĐUNAR ŠKOLE U ZAGREBU;48162.84;22;0.00
sve;99080771351;KOŽUL DOO;48155.90;3;0.00
sve;09619830885;SLOBODNE VEZE, UDRUGA ZA SUVREMENE UMJETNIČKE PRAKSE;48050.00;10;0.00
sve;71445870691;AUTO PROMET SISAK D.O.O.;47803.51;27;0.00
sve;29035933600;MEĐIMURJE PLIN DOO;47754.27;860;0.00
sve;61394757132;CENZUS D.O.O. ZA PROMET ROBE I USLUGA;47636.10;48;0.00
sve;01252163117;OPĆINSKI GRAĐANSKI SUD U ZAGREBU;47632.82;623;0.00
sve;48674189572;UDRUGA KULTURA NOVA;47398.07;11;0.00
sve;37363837470;DRŽAVNI ARHIV U ZAGREBU;47286.56;63;0.00
sve;77163201327;ENERGOHERC DOO;47241.10;1;0.00
sve;16832883800;ODVJETNIČKO DRUŠTVO  BOŽIĆ I PARTNERI DOO;46916.61;4;0.00
sve;72454645041;BANDIĆ MILAN 365 STRANKA RADA I SOLIDARNOSTI U STEČAJU;46915.54;6;0.00
sve;34421776805;ELEX ZA PROIZVODNJU MONTAŽU I TRGOVINU;46873.33;13;0.00
sve;31501714030;SREDNJA EUROPA D.O.O.;46700.00;21;0.00
sve;39135989747;ZUBAK GRUPA DOO;46438.00;63;0.00
sve;54895392358;BLUEMONT DOO;46421.03;3;0.00
sve;07438218392;OŠ CENTAR;46245.40;34;0.00
sve;99467839478;UMJETNIČKA ORGANIZACIJA JAGODA;45800.00;16;0.00
sve;70861330288;UDRUGA KORABLJA;45700.00;7;0.00
sve;97076801325;UDRUGA INVALIDA RADA ZAGREB;45600.00;4;0.00
sve;38247477481;F.I.L.D. PROJEKT D.O.O.;45600.00;22;0.00
sve;74012772861;DI PLAN DOO ZA PROJEKTIRANJE I NADZOR I USLUGE;45233.02;11;0.00
sve;82238395536;AG PLANUM DOO ZA GRAĐENJE PROJEKT I NADZOR NAD GRAĐ;45090.00;5;0.00
sve;95834315072;P2P FINANCE DOO;45088.08;2;0.00
sve;86343139929;LOVAČKO DRUŠTVO FAZAN  BREZOVICA KUPINEČKI KRALJEVEC;45075.20;8;0.00
sve;15656934984;VITEŠKO ALKARSKO DRUŠTVO SINJ;45000.00;2;0.00
sve;71221363917;BAZA ZA RADNIČKU INICIJATIVU I DEMOKRATIZACIJU BRID;44910.00;4;0.00
sve;31208074467;UDRUGA ZELENI KLIK;44907.00;10;0.00
sve;91025164621;BAN TOURS DOO;44902.69;51;0.00
sve;74660437164;DRŽAVNI HIDROMETEOROLOŠKI ZAVOD;44756.50;12;0.00
sve;06546575548;PRIVATNA SPORTSKA I JEZIČNA GIMNAZIJA FRANJO BUČAR;44750.34;42;0.00
sve;36703431428;BEZ GRANICA;44691.00;6;0.00
sve;33303048459;TEATAR CIRKUS PUNKT;44520.00;15;0.00
sve;82395099569;HRVATSKO DEBATNO DRUŠTVO;44333.76;7;0.00
sve;15567069664;KLESARSTVO SUHOZID DOO;44050.40;1;0.00
sve;49906895606;GEODETSKI PROJEKTI I SUSTAVI D.O.O.;43891.05;34;0.00
sve;98292941053;HKUD PRIGOREC MARKUŠEVEC;43750.00;9;0.00
sve;90934142154;TAMBURAŠKO DRUŠTVO GAJ ZAGREB;43530.00;16;0.00
sve;03492821167;NOVI INFORMATOR D.O.O.;43495.81;38;0.00
sve;59999692487;SAVEZ UDRUGA KLUBTURA;43330.00;11;0.00
sve;80765753402;MATIĆ PLUS DOO;43300.55;24;0.00
sve;08222794758;OMNIMEDIA D.O.O.;43300.00;6;0.00
sve;11657560751;TEHNO ELEKTRO DOO;43291.25;2;0.00
sve;11609825855;DEPT TECHNOLOGY DOO;43250.00;18;0.00
sve;47089536463;HRVATSKI PJEVAČKI ZBOR IVAN PL. ZAJC;43250.00;12;0.00
sve;33049143378;IN STRIA DOO;43190.00;26;0.00
sve;85625941652;MREŽA ANTIFAŠISTKINJA ZAGREBA;43150.00;11;0.00
sve;82593300917;ELEMENTO CONTENT DOO;43105.82;116;0.00
sve;51629434968;UDRUGA KAZALIŠTE, VIZUALNE UMJETNOSTI I KULTURA GLUHIH-DLAN;43100.00;23;0.00
sve;76699990208;CENTAR ZA INKLUZIVNE RADNE AKTIVNOSTI;42900.00;8;0.00
sve;71873420106;PERSPEKTIVA;42878.57;8;0.00
sve;80635539984;UMJETNIČKA ORG. AUTORSKA RAD. KREACIJA ILUST. I KOR. MELONE;42790.00;18;0.00
sve;40498868827;DURIEUX D.O.O. ZA IZD. I TISK. DJEL.,TRGOVINU,USL.I UVOZ-IZ.;42780.00;14;0.00
sve;92364669796;GEODETIKA D.O.O.;42760.00;7;0.00
sve;64532035351;ORIS KUĆA ARHITEKTURE;42600.00;5;0.00
sve;07200034745;ZAGREBAČKI RUKOMETNI SAVEZ;42457.15;3;0.00
sve;06674194731;CLARITATE FM DOO;42372.77;14;0.00
sve;80653493587;ALTOCOMM D.O.O.;42363.75;1;0.00
sve;79058504140;DRŽAVNE NEKRETNINE D.O.O.;42338.44;516;0.00
sve;63913169041;NOVA VES PROJEKT DOO;42250.01;2;0.00
sve;57889075561;DISPUT D.O.O. ZA IZDAVAČKU DJELATNOST;42250.00;13;0.00
sve;35863023030;DIDI SOUND D.O.O.;42250.00;15;0.00
sve;17270995529;UDRUGA DOKUMETAR;41850.00;17;0.00
sve;55815598569;UMJETNIČKA ORGANIZACIJA VRUM;41700.00;12;0.00
sve;99987305172;ODVJETNIČKO DRUŠTVO JELIĆ, VUKOVIĆ & VUKŠIĆ;41662.99;8;0.00
sve;67120410838;GEO ALFA DOO;41650.00;18;0.00
sve;48643641997;DRUŠTVO ZA SOCIJALNU PODRŠKU;41545.66;6;0.00
sve;02584649098;HRVATSKA GORSKA SLUŽBA SPAŠAVANJA;41500.00;2;0.00
sve;41312193461;FLUID - PROJEKT D.O.O.;41500.00;11;0.00
sve;89113223855;PRIVATNA GIMNAZIJA I STRUKOVNA ŠKOLA SVIJET S PRAVOM JAVNOST;41457.29;36;0.00
sve;85566146264;"CENTAR ZA EDUKACIJU I SAVJETOVANJE ""SUNCE""";41440.74;6;0.00
sve;73656725926;KENTBANK D.D.;41327.21;50;0.00
sve;19905002344;VUKOVARSKE MAJKE UDRUGA RODITELJA I OBIT. ZAROB.I NASL.ODVED;41200.00;4;0.00
sve;38256932197;GIMNAZIJA I EKONOMSKA ŠKOLA BENEDIKTA KOTRULJEVIĆ S.P.J.;40878.91;16;0.00
sve;76669487635;GEOPROJEKT D.D.;40841.15;3;0.00
sve;41280267782;STIV MED DOO;40833.73;3;0.00
sve;85272651470;AMB GRADNJA D.O.O.;40673.54;5;0.00
sve;58747941387;TOVEDO D.O.O.;40530.21;10;0.00
sve;45990641695;AD LIBITUM D.O.O.;40348.13;74;0.00
sve;38971455962;GRGUREVIĆ I PARTNERI DOO;40287.50;7;0.00
sve;99917958785;GEOEXPERT IGM D.O.O.;40269.41;9;0.00
sve;52097842295;AKADEMIJA DRAMSKE UMJETNOSTI ZAGREB;40170.00;18;0.00
sve;25858858563;MREŽA MLADIH HRVATSKE;40116.51;4;0.00
sve;53046704438;PLANET ART;40100.00;6;0.00
sve;41514796269;PAULATIM 365 DOO;40000.00;2;0.00
sve;17870151363;STUDIO ARHING DOO ZA INŽINJERING POSLOVA U GRADITELJSTVU;40000.00;2;0.00
sve;21625412015;HRVATSKI RAGBIJAŠKI SAVEZ;40000.00;2;0.00
sve;41040680817;DRIJEN DOO;39998.00;2;0.00
sve;04406269319;UDRUGA JUČER DANAS SUTRA -PLATFORMA ZA AUDIOVIZUALNA ISTR.;39830.00;17;0.00
sve;34130619322;AKADEMSKI FILMSKI KLUB;39700.00;14;0.00
sve;31903814507;GASTRO DIZAJN DOO;39691.75;3;0.00
sve;32323862297;LEPIRAC DOO;39676.98;1;0.00
sve;57372288540;KUD DRAGUTIN DOMJANIĆ;39650.00;10;0.00
sve;80064107459;TFK UPRAVLJANJE DOO;39561.32;76;0.00
sve;89919231745;IN KAPITAL DOO ZA TRGOVINU I USLUGE;39299.49;3;0.00
sve;48892892238;HRVATSKE BLUES SNAGE;39292.50;17;0.00
sve;14155634297;PARTNER GRADNJA D.O.O.;39229.63;24;0.00
sve;36754161329;HKO DOO;39177.15;1;0.00
sve;86197619116;ATAR DOO ZA PROJEKTIRANJE NADZOR I TRGOVINU;39072.40;4;0.00
sve;26028100809;FOTO KLUB ZAGREB;38915.00;13;0.00
sve;12779315025;KULTURNO PROSVJETNO DRUŠTVO SVETA KLARA;38800.00;11;0.00
sve;98729360320;AVANTI TRAVEL D.O.O.;38700.00;99;0.00
sve;75865428162;ARKADA INTERIJERI DOO ZA UREĐENJE INTERIJERA;38622.06;3;0.00
sve;23603203647;MEANDAR  MEDIA D.O.O.;38560.00;9;0.00
sve;22344395172;D2M STUDIO DOO ZA USLUGE;38500.00;7;0.00
sve;70751523669;LAB 852 D.O.O. ZA PROMIDŽBU;38400.00;10;0.00
sve;51305070892;AQUA SPECIJAL DOO;38375.00;2;0.00
sve;97860114477;KULTURNO UMJETNIČKO DRUŠTVO KAŠINA;38200.00;11;0.00
sve;01171827738;INTERMAX D.O.O.;38183.26;7;0.00
sve;27493567293;GASTROPROJEKT DOO;38157.98;2;0.00
sve;12777784360;UMJETNIČKA ORGANIZACIJA GRUPA;38085.00;13;0.00
sve;67814891540;HUKI DOO;37919.55;2;0.00
sve;82496456779;PROMOCIJA PLUS DOO ZA ODNOSE S JAVNOŠĆU I ISTRAŽ TRŽIŠTA;37813.75;4;0.00
sve;72779993744;KULTURNO UMJETNIČKO DRUŠTVO CROATIA;37800.00;7;0.00
sve;85224727471;UDRUGA PLESNIH UMJETNIKA HRVATSKE;37600.00;12;0.00
sve;87844750363;UDRUGA ŽENA OBOLJELIH I LIJEČENIH OD RAKA NISMO SAME;37550.00;8;0.00
sve;83978833320;GEOKOD D.O.O.;37375.00;4;0.00
sve;10399936014;ZAGREBAČKI SAVEZ SPORTSKE REKREACIJE SPORT ZA SVE;37272.50;2;0.00
sve;92921283762;NET NEZAVISNA TELEVIZIJA;37204.52;1;0.00
sve;49928932571;BUNT ART J.D.O.O. ZA USLUGE;37150.00;5;0.00
sve;57615715265;KUD DRAGUTIN DOMJANIĆ ADAMOVEC;37150.00;10;0.00
sve;41069344205;KAJKAVSKO SPRAVIŠĆE;37000.00;11;0.00
sve;20825951358;SAMO ARHITEKTURA DOO;37000.00;4;0.00
sve;40001365495;UMJETNIČKA ORGANIZACIJA FRONESIS;36900.00;9;0.00
sve;63908753742;INVALIDSKI ODBOJKAŠKI KLUB ZAGREB;36845.97;4;0.00
sve;18193003372;RONILAČKI KLUB ADRIATICRO ZAGREB;36654.00;6;0.00
sve;24124881324;SAVEZ UDRUGA PEDAGOGA TEHNIČKE KULTURE ZAGREBA;36642.99;31;0.00
sve;28251263363;ANSAMBL NARODNIH PLESOVA I PJESAMA HRVATSKE LADO;36590.00;10;0.00
sve;40611592848;HELIFOTO DOO ZA UNUTARNJU I VANJSKU TRGOVINU I USLUGE;36500.00;3;0.00
sve;44424423718;AKADEMSKI ZBOR FIL. FAKULTETA U ZAGREBU CONCORDIA DISCORS;36500.00;7;0.00
sve;97662921077;AUTOTRANSPORT KARLOVAC D.D.;36440.78;28;0.00
sve;98814266166;COOP 31 DOO;36366.05;1;0.00
sve;88596783413;UMJETNIČKA ORGANIZACIJA APLAUZ TEATAR;36350.00;12;0.00
sve;09146496654;LABENA DOO;36231.25;2;0.00
sve;08747661196;ŠPICA SUSTAVI D.O.O.;36211.68;10;0.00
sve;45687756792;HENA COM D.O.O. ZA NAKLADNIŠTVO;36200.00;10;0.00
sve;14258208397;UDRUGA NAS DVE;36200.00;9;0.00
sve;31749668239;PLANET GEODEZIJA JDOO;36192.05;147;0.00
sve;94661365298;APG - INŽENJERING D.O.O.;36100.00;4;0.00
sve;57303316329;STEČAJNA MASA IZ JUST GRADITELJSTVO DOO U STEČAJU;36020.55;4;0.00
sve;16045431107;HRVATSKO DRUŠTVO COLLEGIUM PRO ARTE;35900.00;10;0.00
sve;43890299527;MAP SAVJETOVANJA DOO;35853.75;4;0.00
sve;10337470512;CENTAR ZA RAZVOJ OSOBNIH KOMPETENCIJA I ZAŠT LJUDSKIH PRAVA;35833.36;6;0.00
sve;30244300986;GOLF SAVEZ GRADA ZAGREBA;35706.97;5;0.00
sve;93402577124;ISKORAK;35701.67;7;0.00
sve;62296711978;MLINAR D.D.;35614.21;284;0.00
sve;24612272845;REGO STAN DOO;35515.29;419;0.00
sve;11002350679;MTL LOGISTIKA JDOO ZA PRIJEVOZ I USLUGE I TRGOVINU;35453.00;2;0.00
sve;82067332481;ERNST & YOUNG SAVJETOVANJE D.O.O.;35432.50;4;0.00
sve;67945038185;SAVEZ  ROMA U RH KALI SARA;35244.51;25;0.00
sve;47892285786;CENTAR ZA KNJIGU;35100.00;10;0.00
sve;26597112845;HSPD PODGORAC GRAČANI;35100.00;5;0.00
sve;15409936625;STAKLO ALUMONT BELJO DOO;35074.66;115;0.00
sve;58878158696;DOBROVOLJNO VATROGASNO DRUŠTVO TRNJE;35050.00;5;0.00
sve;78173208601;MALEŠEVIĆ BORISLAV;35000.00;1;0.00
sve;81764499494;KNJIGA U CENTRU;34940.00;15;0.00
sve;12485381173;ZIV-TICA D.O.O. PROJEKTIRANJE, NADZOR I USLUGE;34825.68;24;0.00
sve;92274371073;THEMELIA D.O.O. ZA PROJEKTIRANJE, ZASTUPANJE I TRGOVINU;34787.26;2;0.00
sve;79343504226;ZAGREBAČKI KARTING SAVEZ;34761.82;31;0.00
sve;14273924910;ALMA CAREER CROATIA DOO;34752.50;29;0.00
sve;37553848651;LANIŠTE D.O.O. ZA GRADITELJSTVO I USLUGE;34723.51;10;0.00
sve;79817762581;KRŠĆANSKA SADAŠNJOST D.O.O.;34639.04;24;0.00
sve;60135687514;ŽIVI ATELJE DAJHT KRALJ;34450.00;5;0.00
sve;90477211261;GRAFITI NA GRADELE;34262.50;3;0.00
sve;67802486370;ORELIUS SAVJETOVANJE DOO;34161.63;12;0.00
sve;96065912144;ORGANIZACIJA STATUS M;34107.00;9;0.00
sve;82033688960;ANSAMBL ZA RANU GLAZBU MINSTREL;34100.00;5;0.00
sve;17456464878;UMJETNIČKA ORGANIZACIJA TEATAR ERATO;34100.00;7;0.00
sve;57178195411;MAP TRADE DOO;34077.88;2;0.00
sve;52199176078;PRIVATNA GLAZBENA ŠKOLA IVA KUPREŠAK;34025.27;24;0.00
sve;84577446823;UMJETNIČKA ORGANIZACIJA FILM;34000.00;6;0.00
sve;61867710134;GONG;33946.56;2;0.00
sve;26138648876;UDRUGA ZA RAZVOJ CIRKUSKIH I IZVEDBENIH UMJ TRICYCLE TRAUMA;33910.00;20;0.00
sve;75973694434;METAR60;33800.00;9;0.00
sve;09095322581;DOCUMENTA - CENTAR ZA SUOČAVANJE S PROŠLOŠĆU;33771.36;6;0.00
sve;39975024346;NOMADSKA PLESNA AKADEMIJA;33750.00;7;0.00
sve;93966915493;HRVATSKI GLAZBENI ZAVOD;33750.00;10;0.00
sve;09525804762;VUTA ING DOO;33660.80;79;0.00
sve;68155026706;RADIO KAJ DOO ZA RADIJSKU I TELEVIZIJSKU DJELATNOST;33300.00;2;0.00
sve;80246643231;LOVAČKO DRUŠTVO LANE NOVI ZAGREB;33199.74;6;0.00
sve;33596989632;PLACE2GO D.O.O. ZA USLUGE;33150.18;2;0.00
sve;19001127555;MTH STROJEVI DOO;33112.50;1;0.00
sve;92738680199;UDRUGA DUGINE OBITELJI;33076.50;3;0.00
sve;03749861205;ZAGREBAČKI SAVEZ CB RADIOKLUBOVA;32972.63;31;0.00
sve;69797026382;DELOITTE SAVJETODAVNE USLUGE DOO POSLOVNO SAVJETOVANJE;32848.90;3;0.00
sve;18966227376;ALTIUM INTERNATIONAL DOO;32778.63;1;0.00
sve;19904220725;DRUŠTVO ZA OBLIKOVANJE ODRŽIVOG RAZVOJA;32762.00;8;0.00
sve;85326711223;PUTEM OAZAE DOO;32754.55;5;0.00
sve;73216285877;AKSIJAL DOO;32705.46;18;0.00
sve;42278424050;PEAK IT DOO;32700.00;1;0.00
sve;53742294882;HRVATSKI GENERALSKI ZBOR;32700.00;4;0.00
sve;16095675832;INICIJATIVA CENTAR ZA EDUKACIJU;32700.00;4;0.00
sve;05649057963;GEOMODELING DOO ZA GEODETSKE I INORMATIČKE POSLOVE;32662.50;1;0.00
sve;96844435727;HRVATSKA VERBOTONALNA UDRUGA;32559.00;1;0.00
sve;70978671801;GEODIST D.O.O.;32537.50;6;0.00
sve;31976237674;MAIDEA DOO;32500.00;1;0.00
sve;84205302436;FARMATEKA DOO;32480.00;2;0.00
sve;96111821885;NEKOLIKO DOO;32400.00;4;0.00
sve;71920748408;HELLEA D.O.O.;32286.58;2;0.00
sve;79067915635;ARHIV PRO DOO;32261.88;1;0.00
sve;95160774410;PRONOVA DOO ZA SAVJETOVANJE I USLUGE;32250.00;1;0.00
sve;38988695151;UMJETNIČKA ORGANIZACIJA T25;32220.00;11;0.00
sve;57029260362;FAKULTET ELEKTROTEHNIKE I  RAČUNARSTVA;32200.00;9;0.00
sve;54331164416;UMJETNIČKA ORGANIZACIJA KAZALIŠNA DRUŽINA SMJEŠKO;32120.00;14;0.00
sve;88011406433;PRIMO STROJ DOO;32063.75;1;0.00
sve;82500918128;PANDOPAD DOO;32025.00;1;0.00
sve;43577827108;UMJETNIČKA UDRUGA ANTIPHONUS;32000.00;4;0.00
sve;41607275884;SPECIJALNA BOLNICA ZA MEDICINSKU REHABILITACIJU KRAPINSKE;31975.00;32;0.00
sve;55855308410;ENVIRONMENTAL WASTE MENAGEMENT PLUS DOO;31954.61;18;0.00
sve;89028615099;BENUSSI THE FISH JDOO;31943.75;9;0.00
sve;90043639978;UDRUGA ZA SINDROM DOWN ZAGREB;31841.44;5;0.00
sve;42443427442;K I K EURO PROJEKT DOO;31826.56;1;0.00
sve;03704066171;ROCK BRIGADA DOO;31800.00;4;0.00
sve;27813117925;NAKLADA OCEANMORE D.O.O. ZA IZDAVAŠTVO I USLUGE;31800.00;11;0.00
sve;23035642859;AUTO HRVATSKA AUTOMOBILI DOO;31762.50;1;0.00
sve;76506138139;ARS KOPIJA D.O.O.;31695.66;21;0.00
sve;31770065778;SBT D.O.O.;31693.84;16;0.00
sve;17864175766;NN BILIĆ DOO;31585.71;1;0.00
sve;39827887546;AIPK TRGOVINA DOO;31570.00;1;0.00
sve;67345817198;MOST;31466.62;8;0.00
sve;05982228231;SVILAN DOO;31412.76;33;0.00
sve;89698831318;GEO ROLO JDOO;31278.54;102;0.00
sve;35157849903;GHIA SPORT D.O.O.;31275.80;4;0.00
sve;61264643730;HRVATSKI CENTAR ZA POTRESNO INŽENJERSTVO INTERV SLUŽBA;31000.00;2;0.00
sve;62432831196;PINK MOON DOO;30931.25;1;0.00
sve;74364236410;SALON BANKARSKE OPREME -  OZIMEC;30818.75;1;0.00
sve;81228920036;KAZALIŠNA UDRUGA MIST;30800.00;11;0.00
sve;96202266101;SIRIUS - CENTAR ZA PSIHOLOŠKO SAVJETOVANJE, EDUK. I ISTRAŽ.;30787.00;7;0.00
sve;70331410076;DESKON STUDIO JDOO;30773.73;17;0.00
sve;10624495854;HRVATSKI POVIJESNI MUZEJ;30760.00;3;0.00
sve;98594743140;HILDING ANDERS DOO;30622.50;5;0.00
sve;06151137398;ODVJETNIČKO DRUŠTVO POCRNIĆ I SPIZ JTD;30526.83;12;0.00
sve;18432368449;RECOM PROIZVODNJA  TRGOVINA I ZASTUPANJE DOO;30502.94;7;0.00
sve;28238949295;KRIJESNICA-UDR.ZA POMOĆ DJECI I OB.SUOČENIM S MALIGNIM BOL.;30495.00;7;0.00
sve;06947174377;RODITELJI U AKCIJI - RODA;30350.08;9;0.00
sve;03202982606;KOAUTORSKA INICIJATIVA OOUR;30340.00;18;0.00
sve;13098814054;PRIVATNA UMJETNIČKA GIMNAZIJA;30308.40;26;0.00
sve;42810171929;PROJEKT ORANICE DOO;30152.00;1;0.00
sve;17751886692;UDRUGA LUDRUGA;30050.00;6;0.00
sve;24136857762;ZAGREBAČKI BADMINTONSKI SAVEZ;30045.68;3;0.00
sve;63242698145;TAHIMETAR D.O.O. ZA GEODETSKE DJELATNOSTI;30022.36;67;0.00
sve;54885608300;ŽARULJICA UDRUGA ZA PROMICANJE ODGOJNE I OBRAZOVNE DJELATN;30000.00;2;0.00
sve;61089693848;ARHITEKT VEDRAN DUPLANČIĆ DOO;30000.00;1;0.00
sve;84358679150;ŠANAVALA DOO;30000.00;1;0.00
sve;59074593300;GIMNASTIČKI KLUB AURA;30000.00;2;0.00
sve;89977773350;PLIVAČKI KLUB MEDVEŠČAK;30000.00;3;0.00
sve;43279122828;SAJAM DOO ZA TRGOVINU;30000.00;2;0.00
sve;87613611709;KARATE KLUB CROATIA;30000.00;3;0.00
sve;12769065492;HRVATSKO AKADEMSKI STRELJAČKI KLUB MLADOST;30000.00;2;0.00
sve;68383496496;EVENTA NULAJEDAN DOO;30000.00;2;0.00
sve;31587190315;CENTAR ZA RAZVOJ MLADIH - CERM;30000.00;2;0.00
sve;09309908320;ZAGREBAČKI HOKEJSKI SAVEZ;30000.00;2;0.00
sve;03034605011;MARTINOV PLAŠT SOCIJALNO USLUŽNA ZADRUGA;29998.85;1;0.00
sve;13379699043;CENTAR ZA GRADITELJSTVO DOO;29981.25;2;0.00
sve;92730179348;TEHNOZAŠTITA DOO;29965.73;157;0.00
sve;66233067989;TIFLOTEHNA D.O.O.;29891.43;1;0.00
sve;44301397953;MUZZA - SNAGA ZNANOSTI, TEHNOLOGIJE I KULTURE;29883.50;4;0.00
sve;79761663049;IPZ - NISKOGRADNJA D.O.O.;29876.61;18;0.00
sve;64520260081;GLAZBENA ŠKOLA BONAR;29823.74;25;0.00
sve;54999933265;PRIVITAS DOO;29804.32;11;0.00
sve;42889250808;ELEKTRONIČKI RAČUNI DOO;29768.75;10;0.00
sve;18275884674;TAU PROJEKT DOO;29760.91;15;0.00
sve;18250638100;ZAGREBTRANS DOO;29750.00;1;0.00
sve;35280334733;IMETRICO DOO;29715.86;97;0.00
sve;48954570891;KOMIKAZE;29700.00;10;0.00
sve;99626319363;SB COMMERCE PODUZEĆE ZA PROIZVODNJU, TRG.,ZASTUP.I TU.D.O.O.;29700.00;1;0.00
sve;84624881929;SAVEZ IZVIĐAČA ZAGREBA;29677.87;2;0.00
sve;59451980348;INSTITUT ZA POVIJEST UMJETNOSTI;29600.00;12;0.00
sve;28048960411;MUZEJSKI DOKUMENTACIJSKI CENTAR;29600.00;5;0.00
sve;80012427201;DELIGHT D.O.O;29475.00;1;0.00
sve;11643924726;SFERA VISIA JDOO ZA PROIZVODNJU TRGOVINU I USLUGE;29465.99;1;0.00
sve;28604100394;DOBROVOLJNO VATROGASNO DRUŠTVO STRUŽEC;29426.25;7;0.00
sve;20492466071;UMJETNIČKA ORGANIZACIJA LOVRO & NINA;29410.00;8;0.00
sve;84490583679;B.A.B.E. - BUDI AKTIVNA - BUDI EMANCIPIRAN;29393.54;4;0.00
sve;78328494160;SAVEZ ANTIFAŠISTIČKIH BORACA I ANTIFAŠISTA RH;29310.00;2;0.00
sve;24609562673;PRIVATNA KLASIČNA GIMNAZIJA;29284.88;22;0.00
sve;90465650221;GEOAQUA D.O.O.;29246.98;17;0.00
sve;98879204411;SIMEON VETUS DOO;29062.50;1;0.00
sve;11121447608;ARP DOO;29050.00;3;0.00
sve;68651120977;SELEKTA PRIMA DOO;29036.25;13;0.00
sve;63264844366;GEO MEDIA D.O.O. ZA GEODETSKE POSLOVE;29002.66;5;0.00
sve;65417376510;UDRUGA SUPERVAL;29000.00;8;0.00
sve;24433844878;ZAJED UDRUGA I ČL HRV VOJNIH INVALIDA DOM RATA GRADA ZAGREBA;29000.00;5;0.00
sve;82409054661;MEDIART INTERNATIONAL;29000.00;6;0.00
sve;61732079562;ARAUCARIA DOO ZA ODRŽAVANJE I UREĐENJE ZELENIH POVRŠINA;28963.75;2;0.00
sve;31395203073;BERNARDIĆ DAVOR NEZAVISNA LISTA SERVUS ZAGREB;28958.00;3;0.00
sve;87526088885;PECINA D.O.O.;28952.72;2;0.00
sve;45157513720;ECO MOBILE DOO;28938.83;2;0.00
sve;46319347195;DOBROVOLJNO VATROGASNO DRUŠTVO PREČKO;28900.00;2;0.00
sve;85098617057;NOVA LJEVICA;28871.08;6;0.00
sve;83906956466;DRUŠTVENA INOVACIJA JDOO;28818.60;1;0.00
sve;31353703983;GEO OMEGA DOO;28760.00;12;0.00
sve;36162371878;RH MINISTARSTVO UNUTARNJIH POSLOVA;28744.56;35;0.00
sve;01394705384;VUKIĆ JELUŠIĆ ŠULINA STANKOVIĆ JURCAN I JABUKA ODVJET DOO;28684.97;2;0.00
sve;85711899569;SODABERG KOREOGRAFSKI LABORATORIJ;28680.00;6;0.00
sve;72558124188;KULTURNO UMJETNIČKA UDRUGA PROMO-ART;28650.00;14;0.00
sve;03542351591;KUD BUKOVAC;28600.00;10;0.00
sve;29948731533;HRVATSKI OGRANAK ASIFA;28600.00;16;0.00
sve;15792761433;SOCIJALNA ZADRUGA HUMANA NOVA ZAGREB SOCIJALNA ZADRUGA;28596.00;1;0.00
sve;87425920265;BETON LUČKO D.O.O;28586.25;1;0.00
sve;25342430618;UDRUGA BOJE;28525.00;6;0.00
sve;24731069425;DRUŠTVO ZA PSIHOLOŠKU POMOĆ;28507.00;6;0.00
sve;31120185175;INSTITUT ZA RAZVOJ I MEĐUNARODNE ODNOSE;28496.10;2;0.00
sve;85052273431;IMPORTANNE UPRAVITELJ DOO;28438.81;34;0.00
sve;98085750114;MOTOVUN FILM FESTIVAL;28212.50;11;0.00
sve;58266156757;ZRIN D.O.O.;28203.62;28;0.00
sve;56212778807;HRVATSKA UDRUGA ORKESTRALNIH I KOMORNIH UMJETNIKA;28050.00;6;0.00
sve;49126869142;LIST LABS DOO;28000.00;1;0.00
sve;38029090084;UREDSKI SISTEMI D.O.O.;27990.49;17;0.00
sve;00779836098;CENTAR ZA POREMEĆAJE HRANJENJA BEA;27922.00;7;0.00
sve;89243570715;DESIDIA D.O.O.;27865.83;46;0.00
sve;32415362804;HRVATSKO DRUŠTVO PROFESIONALNIH BALETNIH UMJETNIKA;27850.00;14;0.00
sve;33039197637;BANKA KOVANICA D.D.;27843.12;32;0.00
sve;32662225304;MJEŠOVITI PJEVAČKI ZBOR INA;27817.00;10;0.00
sve;16501731296;ODRED IZVIĐAČA PLAVI PINGVIN;27804.77;3;0.00
sve;06323248263;KEOPS - PROJEKT D.O.O.;27796.14;19;0.00
sve;12707800437;HRVATSKI SAVEZ UDRUGA MLADIH I STUDENATA S INVALID. SUMSI;27765.25;4;0.00
sve;26958974007;AUGMENT DOO ZA USLUGE;27700.00;1;0.00
sve;92298427295;UČILIŠTE ZA LIKOVNO OBRAZOVANJE STUDIO TANAY;27700.00;15;0.00
sve;27421023481;UMJETNIČKA ORGANIZACIJA TOČKA NA I;27700.00;6;0.00
sve;69310442597;UDRUGA JEDNI ZA DRUGE;27687.00;6;0.00
sve;45213714363;PRO SILVA DOO ZA GOSPODARENJE ŠUMAMA;27675.00;1;0.00
sve;06300970251;BAU GRAD JDOO;27652.20;5;0.00
sve;58992153451;"KUD "" SV. ANA "" ODRANSKI OBREŽ";27550.00;10;0.00
sve;32665880846;AKADEMSKI ZBOR BAZILIKE SRCA ISUSOVA U ZAGREBU PALMA;27550.00;7;0.00
sve;39316442148;CENTAR ZA CIVILNE INICIJATIVE;27510.00;6;0.00
sve;55545787885;HRVATSKE CESTE D.O.O. ZA UPRAVLJANJE GR. I ODR. DRŽ. CESTA;27379.81;4;0.00
sve;29796229671;PLEHATRON DOO ZA USLUGE;27340.00;1;0.00
sve;25327722351;KULTURNO UMJETNIČKA UDRUGA STARO BRESTJE;27300.00;7;0.00
sve;53969486500;MINISTARSTVO RADA MIROVINSKOG SUST OBITELJI I SOC POLITIKE;27268.42;6;0.00
sve;16926275000;GEO SUSTAVI D.O.O.;27256.39;7;0.00
sve;08692235081;HRVATSKA SOCIJALNO LIBERALNA STRANKA GO GRAD ZAGREB;27228.42;10;0.00
sve;39828621591;PROCESSUS DOO;27204.19;1;0.00
sve;55738337644;TAEKWONDO KLUB  JASTREB;27185.58;5;0.00
sve;72669639943;HRŠAKHRŠAKARHITEKTI DOO;27150.00;3;0.00
sve;12461574157;MARMOT - MALA AUTORSKA RADIONICA MEĐUODNOSA OBJEKTIVA I TIJE;27100.00;6;0.00
sve;69299574726;HRVATSKI SPORTSKI PLESNI SAVEZ;27000.00;1;0.00
sve;41102864943;MODO DOO ZA TRGOVINU I USLUGE;27000.00;2;0.00
sve;97919217101;MAČEVALAČKI SAVEZ ZAGREBA;27000.00;3;0.00
sve;35575373434;ARHITEKTURA I ARHEOLOGIJA DOO;26950.00;3;0.00
sve;76535960875;ARGU STUDIO DOO;26925.00;5;0.00
sve;41874531291;PARKOVI D.O.O.;26787.27;5;0.00
sve;53015506680;UMJETNIČKA ORGANIZACIJA TEATRUM;26690.00;11;0.00
sve;66044886147;POZITIVAN RITAM DOO;26600.00;7;0.00
sve;59920925649;PA VIN DOO;26529.21;1;0.00
sve;42265561353;ZAGREBAČKI WUSHU SAVEZ;26528.57;2;0.00
sve;84960961356;MOČVARA DOO;26437.43;1;0.00
sve;63326528726;BUNIKE UDRUGA ZA PROMICANJE CIRKUSKIH I IZV UMJETNOSTI;26350.00;6;0.00
sve;45332924637;GAD PRODUKCIJA DOO;26300.00;6;0.00
sve;32771826318;ADOPTA - UDRUGA ZA POTPORU POSVAJANJU;26187.00;6;0.00
sve;24282973276;KOR DOO;26125.00;2;0.00
sve;93646862721;IVELSO PROJEKT DOO;26100.00;10;0.00
sve;56567405816;SMAGRA D.O.O.;26100.00;5;0.00
sve;43192548848;PROFIL KNJIGA D.O.O.;26090.00;12;0.00
sve;63620386925;PRVA PRIVATNA GIMNAZIJA;26086.13;27;0.00
sve;86743344470;HRVATSKO GRAFIČKO GLAZBENO DRUŠTVO SLOGA;26050.00;8;0.00
sve;72727668462;EKSPERTERM D.O.O.;26000.00;1;0.00
sve;73921748059;KULTURNO - UMJETNIČKO DRUŠTVO KLAS PODSUSED;26000.00;5;0.00
sve;14609641644;DRUŠTVO PRIJATELJA GLAGOLJICE;25940.00;14;0.00
sve;19659471851;SRPSKA PRAVOSLAVNA OPĆA GIMNAZIJA KANTAKUZINA-K.BRANKOVIĆ;25740.05;14;0.00
sve;86710457986;UDRUGA OZANA;25737.00;5;0.00
sve;33615517007;MULTIGRAD DOO ZA TRGOVINU I USLUGE;25612.53;3;0.00
sve;27095147322;UDRUGA HRVATSKIH BRANITELJA DOMOVINSKOG RATA 99 BRIGADE;25500.00;4;0.00
sve;64959301921;CITUS DOO;25500.00;2;0.00
sve;81530800732;RAMTECH DOO;25384.00;9;0.00
sve;05882842387;BIO EKSPERT DOO ZA USLUGE;25365.63;6;0.00
sve;84386181608;GEO KOM DOO;25321.34;2;0.00
sve;77853441718;HRVATSKO FILOLOŠKO DRUŠTVO;25300.00;5;0.00
sve;89545645755;GLAZBENA ŠKOLA LADISLAV RAČIĆ;25239.38;23;0.00
sve;48671346974;TERMO SERVIS D.O.O.;25208.52;35;0.00
sve;36172669410;DARVEL DOO;25096.75;12;0.00
sve;28315107902;ASES USLUGE DOO ZA GRAĐENJE;25067.50;2;0.00
sve;09181055893;UDRUGA ZA PODRŠKU OSOBAMA S INTELEKTUALNIM OŠT. GR. ZAGREBA;25033.10;5;0.00
sve;03658728214;FORTE SOLAR DOO;25000.00;1;0.00
sve;32240620214;ZID ARH DOO;25000.00;2;0.00
sve;65208209102;UMJETN ORGANIZACIJA KAZALIŠNA  DRUŽINA TEATAR PUNA KUĆA;25000.00;13;0.00
sve;86002489770;UMJETNIČKA ORGANIZACIJA HATHOR;25000.00;8;0.00
sve;48444972867;ELEKTRO - ENERGETIKA  D.O.O.;24993.24;1;0.00
sve;65229024026;PSIHOLOŠKI CENTAR TESA;24992.00;7;0.00
sve;64001013893;DEUS MAGNUS JDOO;24957.50;7;0.00
sve;06248184777;UDRUGA TIGAR 90/91 RAKITJE;24900.00;4;0.00
sve;15166919807;90-60-90 - PLATFORMA ZA SUVREMENU UMJETNOST;24900.00;4;0.00
sve;84170114747;INŽENJERSKI BIRO D.D.;24877.15;24;0.00
sve;22224265669;HUMANISTIČKA GIMNAZIJA;24804.09;13;0.00
sve;87413386246;UDRUGA VETERANA VOJNIKA I DOMOLJUBA;24777.00;7;0.00
sve;39255768470;NON ARHITEKTURA DOO;24728.00;15;0.00
sve;96610468217;HANGAR 7 D.O.O. ZA USLUGE PROMOCIJE;24710.00;7;0.00
sve;05870060725;UMJETNIČKA ORGANIZACIJA KAZALIŠNA DRUŽINA REBEL;24665.00;6;0.00
sve;19422090987;MICOM ELEKTRONIKA D.O.O. ZA TRGOVINU O USLUGE;24600.00;1;0.00
sve;86744847407;STUDIO GALERIJA KLET;24590.00;12;0.00
sve;61126612614;LOVAČKO DRUŠTVO SOKOL STUPNIK;24539.42;5;0.00
sve;13653098314;ENERGONOVA D.O.O.;24425.00;4;0.00
sve;59768527197;SIDERO NOVITA DOO ZA USLUGE;24415.82;3;0.00
sve;67115830398;PRIVATNA ŠKOLA FUTURA;24324.15;25;0.00
sve;03944118832;OTVORENA RAČUNALNA RADIONICA SVI SMO PROTIV;24317.00;6;0.00
sve;86170416512;DOMAK D.O.O.;24272.96;32;0.00
sve;75596336887;IZO EXPERT DOO;24249.50;1;0.00
sve;53355026937;UDRUGA TRAUMATIC ARTS;24200.00;6;0.00
sve;73327808999;BELETRA JDOO ZA IZDAVAŠTVO I TRGOVINU;24200.00;17;0.00
sve;52965685540;MATIS OUTDOOR DOO;24187.50;1;0.00
sve;23436523291;ESOTECH DD;24174.15;1;0.00
sve;10973302431;DISCO DOO ZA PROMIDŽBU I USLUGE TURISTIČKA AGNCIJA;24172.24;2;0.00
sve;25979829037;DOBROVOLJNO VATROGASNO DRUŠTVO KAŠINA;24150.00;5;0.00
sve;32440842163;KULTURNA ORGANIZACIJA NIT;24100.00;14;0.00
sve;51165481090;PULLULO DOO;24100.00;116;0.00
sve;29284356244;UDRUGA ŽENA OBOLJELIH I LIJEČENIH OD RAKA SVE ZA NJU;24087.00;10;0.00
sve;32286915975;BRUNATA D.O.O.;24066.85;184;0.00
sve;86042683189;PAMA KOD DOO;24062.50;25;0.00
sve;56710900028;CEW INŽENJERING DOO;24010.58;48;0.00
sve;45144090008;INVENTRA TECHNOLOGY JDOO ZA USLUGE;24000.00;1;0.00
sve;54518408379;GLAZBENA ŠKOLA BRKANOVIĆ;23991.38;23;0.00
sve;71001411174;KINDER GRADNJA DOO;23985.64;3;0.00
sve;05494093403;ZAVOD ZA ISTRAŽIVANJE I RAZVOJ SIGURNOSTI D.D.;23821.44;24;0.00
sve;72602155595;MGV D.O.O.;23820.00;13;0.00
sve;66718146008;HUDEK TRGOTRANS DOO;23806.00;1;0.00
sve;52827984480;DRUŠTVO DIPL.ING. I PRIJATELJA KEMIJSKO-TEHNOLOŠKOG STUDIJA;23800.00;10;0.00
sve;77667447224;ZAGREBAČKA NADBISKUPIJA - PRVOSTOLNI KAPTOL ZAGREBAČKI;23756.58;7;0.00
sve;92548737288;UDRUGA AMAZONAS;23750.00;5;0.00
sve;94014652914;UNIS TELECOM DOO;23750.00;1;0.00
sve;17615986866;ZNATIŽELJNA MAČKA JDOO;23600.00;1;0.00
sve;66600467059;NATILLUM DOO;23576.28;33;0.00
sve;29113415030;CENTAR ZA ŽENE ŽRTVE RATA;23567.00;6;0.00
sve;28011548575;SVEUČILIŠTE U ZAGREBU -  FAKULTET POLITIČKIH ZNANOSTI;23535.30;14;0.00
sve;04275434760;OSNOVNA WALDROFSKA ŠKOLA SVETI JURAJ;23504.55;13;0.00
sve;45243336064;MIND LAB DOO ZA POSLOVNO SAVJETOVANJE;23490.00;2;0.00
sve;87489150412;CANNABIO DOO;23482.29;6;0.00
sve;70806277753;TEHNOPANELI DIZAJN D.O.O. ZA TRGOVINU I PROIZV. NAMJEŠTAJA;23470.00;1;0.00
sve;68998842172;INSPEKT ING 1 DOO;23426.03;1;0.00
sve;96640664464;UMJETNIČKA ORGANIZACIJA ISTOVREMENO;23338.26;10;0.00
sve;70726952422;ODVJETNIČKO DRUŠTVO MATIĆ I POLJAK DOO;23332.43;1;0.00
sve;88359896101;GRADITELJSTVO ROŽIĆ DOO ZA GRADITELJSTVO I PRIJEVOZ;23300.00;1;0.00
sve;66503016889;MTC DOO ZA PROJEKTIRANJE INŽENJERING I NADZOR;23298.00;4;0.00
sve;92392153860;HRVATSKO LIKOVNO DRUŠTVO;23250.00;18;0.00
sve;55825522817;CENTAR ZA ISTRAŽIVANJE MODE I ODIJEVANJA;23240.00;19;0.00
sve;87650990470;GIMNAZIJA MARUL;23236.15;28;0.00
sve;76309717125;MTF D.O.O.;23209.13;1;0.00
sve;97062980715;UMJETNIČKA ORGANIZACIJA NAE ANSAMBL;23200.00;8;0.00
sve;17648596698;BURO DOO;23152.47;9;0.00
sve;10241069297;ZELENA INFRASTRUKTURA DOO ZA ZAŠTITU OKOLIŠA I PROST UREĐENJ;23130.25;1;0.00
sve;12994195921;UDRUGA ZNANJE NA DJELU;23120.58;2;0.00
sve;46401136513;PAMAJO D.O.O.;23100.00;1;0.00
sve;45593438856;NEPHOS DOO;23062.50;2;0.00
sve;49466521634;HRVATSKI SAVEZ SLIJEPIH;23024.50;6;0.00
sve;45263394181;SAVEZ UDRUGA - HRVATSKI SABOR KULTURE;23000.00;28;0.00
sve;23268153080;INTER FILM DOO;23000.00;2;0.00
sve;86007567711;UDRUGA ZA PROMICANJE KVALITETE ŽIVLJENJA MOJ SVIJET;23000.00;5;0.00
sve;62813807687;INSTITUT ZA STRUČNO USAVRŠAVANJE MLADIH;22927.00;6;0.00
sve;64822592675;PALIGASI DOO;22906.25;9;0.00
sve;26713956695;ARHITEKTONSKI STUDIO 113 DOO;22900.00;3;0.00
sve;22910368449;FAKULTET STROJARSTVA I BRODOGRADNJE SVEUČILIŠTA U ZAGREBU;22862.50;3;0.00
sve;34213143813;IDK PROJEKTI J.D.O.O.;22834.18;9;0.00
sve;47824453867;PREHRAMBENO BIOTEHNOLOŠKI FAKULTET;22806.25;4;0.00
sve;32247795989;CROATIA BANKA ZAGREB;22793.53;95;0.00
sve;16252130565;DEMS LIFT DOO;22727.50;2;0.00
sve;49214559889;KONČAR DISTRIBUTIVNI I SPECIJALNI TRANSFORMATORI DD;22710.16;4;0.00
sve;45957579638;TENZOR HRVATSKA SBS DOO;22656.25;1;0.00
sve;10125150281;LOVAČKA UDRUGA LUG;22600.00;4;0.00
sve;74494862058;HRŠAK & HRŠAK D.O.O.;22600.00;2;0.00
sve;79538371339;HSLD VEPAR ČUČERJE;22598.32;4;0.00
sve;71803193641;28. SAMOSTALNA DRUŽINA IZVIĐAČA DUBRAVA;22548.03;2;0.00
sve;80514925712;DIFFERO STUDIO DOO ZA USLUGE;22500.00;3;0.00
sve;69330146396;ALERT DOO;22498.75;6;0.00
sve;59660923775;TRAS STUDIO;22430.00;14;0.00
sve;71050182264;KULTURNO UMJETNIČKO DRUŠTVO VRAPČANCI;22350.00;10;0.00
sve;25385906011;AGENCIJA ZA MOBILNOST I PROGRAME EUROPSKE UNIJE;22344.60;1;0.00
sve;85038594186;UNOCERT JDOO;22308.03;18;0.00
sve;05008093400;GALERIJA MANUŠ DOO ZA TRGOVINU I USLUGE;22250.00;7;0.00
sve;30943704642;EURO ZONA DOO;22227.55;2;0.00
sve;17555443112;TERMOTEHNIČKI INŽENJERING D.O.O.;22227.43;22;0.00
sve;69022699714;POC D.O.O. ZA TRGOVINU I USLUGE;22220.00;8;0.00
sve;34202025084;HRVATSKO MUZEJSKO DRUŠTVO;22200.00;5;0.00
sve;71002088474;BODONI DOO;22200.00;7;0.00
sve;44437757215;DIFRINGO GRADNJA DOO;22154.79;1;0.00
sve;57964358389;EURO - V.A.L. D.O.O.;22117.50;1;0.00
sve;58978103730;QUESTUS SIGURNOST DOO;22050.00;1;0.00
sve;03905770964;MUŠKI VOKALNI ANSAMBL ŠPANSKO;22050.00;6;0.00
sve;98921458604;SENS DESIGN DOO;22050.00;6;0.00
sve;43385851664;JAVOROVIĆ IDŽOJTIĆ I PARTNERI J.T.D.;22000.31;32;0.00
sve;84365203685;UMJETNIČKA ORGANIZACIJA JAVNI PROSTOR;22000.00;3;0.00
sve;95853143361;UDRUGA PROFESIONALNIH GLAZBENIKA DIAPASON;22000.00;8;0.00
sve;69027569767;HRVATSKA SEKCIJA AICA;22000.00;5;0.00
sve;37542157991;GUDAČKI KVARTET RUCNER;22000.00;4;0.00
sve;75297532041;HRVATSKI ZAVOD ZA JAVNO ZDRAVSTVO;21967.25;1;0.00
sve;27987108040;USLUGA D.O.O.;21934.38;1;0.00
sve;15263066301;AUTOBUSNI PRIJEVOZ D.O.O. ZA PRIJEVOZ I USLUGE;21869.12;29;0.00
sve;71586397290;RAPTOR DOO;21821.50;1;0.00
sve;84108603042;HRVATSKA UDRUGA ZA ŠKOLOVANJE PASA VODIČA I MOBILITET;21759.30;5;0.00
sve;28825788085;SIDEAS DOO;21718.75;10;0.00
sve;42871852309;HUKI HRVATSKI URED ZA KREATIVNOST I INOVACIJE;21695.79;2;0.00
sve;73808101740;SLAVEKS, D.O.O. U STEČAJU;21691.62;2;0.00
sve;81793146560;HRVATSKI TELEKOM D.D.;21680.24;96;0.00
sve;42694751279;AUDIO PRO ARTIST D.O.O. ZA TRGOVINU I USLUGE;21608.91;14;0.00
sve;77917801452;RIS DOO;21586.93;4;0.00
sve;81103558092;E ON ENERGIJA D.O.O. ZA OPSKRBU ENERGIJOM;21531.35;36;0.00
sve;63348452174;HIPERPROSTOR D.O.O.;21507.39;2;0.00
sve;55965343564;UDRUGA RODITELJA POGINULIH BRANITELJA DOMOVINSKOG RATA;21500.00;6;0.00
sve;17877731232;SHORT NOTICE PROCUCTIONS DOO ZA USLUGE;21456.94;2;0.00
sve;96291616370;SANACIJA NOVA DOO ZA USLUGE;21400.00;5;0.00
sve;01740946437;ČISTEĆI MEDVJEDIĆI;21380.20;25;0.00
sve;17371898479;INFO G DOO;21355.00;10;0.00
sve;12912094439;ZAGREBAČKI EKOLOŠKO SANITACIJSKI HIGIJENSKI SERVIS DOO;21342.31;12;0.00
sve;58624248125;NEZAVISNA LISTA TOMISLAVA JONJIĆA JEDINO HRVATSKA;21320.16;5;0.00
sve;53321630215;IGUBUKA D.O.O.;21280.00;7;0.00
sve;69540268192;MEDIS ADRIA DOO;21271.25;1;0.00
sve;61763011172;KAZALIŠTE ULYSSES;21250.00;5;0.00
sve;47841757913;ZAGREBAČKI AUTOMOBILISTIČKI SAVEZ;21200.00;2;0.00
sve;77512890448;SIGPROM DOO;21200.00;2;0.00
sve;86889002552;VOLONTERSKI CENTAR ZAGREB;21190.00;4;0.00
sve;28196458592;HRVATSKA ZAJEDNICA ZA DOWN SINDROM;21154.31;4;0.00
sve;40265914911;CATERING TIM LISAK DOO ZA USLUGE;21140.00;2;0.00
sve;15289275541;MIRTA CONSULTING JDOO;21050.00;4;0.00
sve;74856132042;ODVJETNIČKO DRUŠTVO ŠKARICA I PARTNERI;20980.47;2;0.00
sve;61390726555;MONEL UPRAVLJANJE DOO;20976.31;178;0.00
sve;88784096827;WOHNBAU DOO;20970.20;1;0.00
sve;38923369367;PLES I DIJETE-DANCE AND THE CHILD INTERNAT. -DACI HRVATSKA;20940.00;14;0.00
sve;42821159693;NADBUSKUPSKI DUHOVNI STOL GLAS KONCILA UREDNIŠTVO I UPRAVA;20878.11;18;0.00
sve;84934386922;KERSCHOFFSET DOO;20823.13;11;0.00
sve;34986787710;SLOBODNA DOMENA ZADRUGA ZA OTVORENI KOD I DIZAJN;20821.29;2;0.00
sve;20104420784;ZELENA AKCIJA;20815.23;5;0.00
sve;17900115202;DRUŠTVO NAŠA DJECA MAKSIMIR;20795.00;5;0.00
sve;55383694934;VEVEREC 91 DOO;20750.00;1;0.00
sve;53711580512;HEROON DOO;20750.00;8;0.00
sve;73852828801;BULAJA NAKLADA DOO;20700.00;8;0.00
sve;47135235754;LATINA ET GRAECA INSTITUT ZA KLASIČNE JEZIKE I ANTIČKU CIVI.;20700.00;10;0.00
sve;69768765020;EPTA UDRUGA KLAVIRSKIH PEDAGOGA HRVATSKE;20600.00;3;0.00
sve;44722882085;UMJETNIČKA ORGANIZACIJA FAKIN TEATAR;20580.00;6;0.00
sve;99326633206;IMEX BANKA D.D. SPLIT, PODRUŽNICA ZAGREB;20490.48;32;0.00
sve;60416120862;KULTURNA UDRUGA JUTRO;20450.00;17;0.00
sve;91216625495;GUDAČKI KVARTET SEBASTIAN;20400.00;3;0.00
sve;34753037557;ZAGREBAČKI SOFTBALL SAVEZ;20382.75;3;0.00
sve;00642324168;UMJETNIČKA ORGANIZACIJA KATANA;20340.00;8;0.00
sve;93236267940;VITALMAX USLUGE DOO;20329.66;72;0.00
sve;21436549535;REPER PLUS DOO;20320.00;11;0.00
sve;37166393069;DV DJEČJI GRAD;20276.34;29;0.00
sve;19212513210;EURO DAUS D.D.;20273.00;57;0.00
sve;10764365836;O.A.Z.A. ODRŽIVA ALTERNATIVA ZAJEDNICI;20255.00;4;0.00
sve;04050684032;ART MAGAZIN KONTURA D.O.O.;20200.00;7;0.00
sve;86341348358;STILUS KNJIGA DOO;20200.00;10;0.00
sve;03921225635;LINIGRA PRIVATNA ŠKOLA S PRAVOM JAVNOSTI;20171.90;13;0.00
sve;93663898882;INSTITUT SANJA IVEKOVIĆ;20165.00;5;0.00
sve;49426998734;HRVATSKO DRUŠTVO FILMSKIH KRITIČARA;20100.00;10;0.00
sve;87193551278;AUTORSKI STUDIO FOTOGRAFIJA FILM VIDEO;20077.79;16;0.00
sve;31752360370;DIREKT PROJEKT DOO;20022.50;1;0.00
sve;21632404131;EURODIGITAL DOO;20009.94;19;0.00
sve;99949325354;UMJETNIČKA ORGANIZACIJA GLAZBENI STUDIO CA KU DA;20000.00;2;0.00
sve;16467798060;PAN AVIA DOO;20000.00;1;0.00
sve;92750144917;HOLONET DOO;20000.00;1;0.00
sve;06081986094;MENTAL TRAINING CENTER DOO;20000.00;1;0.00
sve;54583525203;STOIČEV D.O.O.;20000.00;1;0.00
sve;56611542903;MEĐUNARODNO VIOLINISTIČKO NATJECANJE VACLAV HUML;20000.00;2;0.00
sve;14171940490;KLIZAČKI KLUB MEDVEŠČAK;20000.00;2;0.00
sve;20825618312;ETHNO D.O.O. ZA PLESNO - GLAZBENU PODUKU;19950.00;12;0.00
sve;14388151188;KULTURNO UMJETNIČKO DRUŠTVO MLADOST;19950.00;6;0.00
sve;50738851908;UDRUGA PLAVI TELEFON;19937.00;5;0.00
sve;68297272247;ARHITEKTURA PORTUM DOO;19890.00;6;0.00
sve;25583342364;NAKLADA SEMAFORA D.O.O.;19890.00;6;0.00
sve;78303054400;MARKIVA PROJEKT D.O.O.;19775.70;1;0.00
sve;80885983918;TEMPORIS SAVJETOVANJE D.O.O.;19757.22;53;0.00
sve;74006976027;URBAAD ARHITEKTURA DOO ZA PROJEKTIRANJE;19750.00;1;0.00
sve;23594185303;MJEŠOVITI PJEVAČKI ZBOR LIRA;19750.00;7;0.00
sve;28466266734;TEH - PROJEKT INŽENJERING D.O.O.;19740.00;1;0.00
sve;40228024640;ENERGY BASKET D.O.O.;19725.00;5;0.00
sve;85852827713;UDRUGA RODITELJA KORAK PO KORAK;19647.00;4;0.00
sve;06079559748;SAVEZ KOMUNIKACIJSKIH POSREDNIKA HRVATSKE;19600.00;25;0.00
sve;94472454976;ADRIATIC OSIGURANJE D.D.;19515.18;8;0.00
sve;48400313356;EUROCOP DOO PROIZVODNJA TRGOVINA SERVIS;19487.50;1;0.00
sve;46079083717;UDRUGA OTOMPOTOM;19400.00;10;0.00
sve;79861389365;INTERZERO DOO;19375.00;1;0.00
sve;15046386296;NEW OFFICE NET DOO;19351.63;3;0.00
sve;78439412024;LIDER PROJEKT DOO;19350.00;2;0.00
sve;65342447502;GEODETSKI ZAVOD D.D.;19299.24;1;0.00
sve;68137150346;STRUDES DOO;19293.51;13;0.00
sve;61696311437;HRVATSKA UDRUGA ZA RANU INTERVENCIJU U DJETINJSTVU;19280.00;7;0.00
sve;29858989302;PRONA - GRAD DOO;19265.08;6;0.00
sve;12091168733;HRVATSKA KNJIŽNICA ZA SLIJEPE;19242.00;7;0.00
sve;77038662963;GLAZBENI KLUB LISINSKI;19200.00;9;0.00
sve;09832370191;SOLUM INŽENJERING DOO;19135.13;7;0.00
sve;36233544501;GRAĐEVINSKI RADOVI D.O.O.;19059.30;26;0.00
sve;90536575698;UMJETNOST ZA GRAD;19000.00;6;0.00
sve;33513461597;DIGITAL CINEMA ENVIRONMENT DOO;19000.00;3;0.00
sve;07321284009;UDRUGA HRVATSKIH BRANITELJA DRAGOVOLJACA DOMOVINSKOG RATA;19000.00;2;0.00
sve;00006522097;HRVATSKI FENIKS UDRUGA OBITELJI ZATOČ. I NEST. HRVAT. BRAN.;18900.00;5;0.00
sve;10092526969;UMJETNIČKA ORGANIZACIJA SPECIJALNI EFEKTI;18900.00;6;0.00
sve;22673645134;LOVAČKO DRUŠTVO FAZAN BELOVAR MORAVČE;18871.63;4;0.00
sve;06619898126;SUNCOKRET OLJIN ODGOJ ZA LJUBAV I NENASILJE;18868.49;5;0.00
sve;19780973350;ŠKOLSKI ŠPORTSKI SAVEZ GRADA ZAGREBA;18844.00;4;0.00
sve;70121237048;KRNJEVO D.O.O. RIJEKA;18819.13;4;0.00
sve;42143577388;4 UHA DOO ZA USLUGE;18800.00;4;0.00
sve;47999611775;UMJETNIČKA ORGANIZACIJA KALAMOS KVINTET;18760.00;7;0.00
sve;74703557839;PARTNER ZAŠTITA DOO ZA USLUGE;18754.69;1;0.00
sve;30521888147;URBANARH STUDIO DOO ZA USLUGE;18750.00;1;0.00
sve;30987102177;GLAZBENA ŠKOLA LATIDO;18676.00;10;0.00
sve;81424995264;ERG D.O.O.;18665.00;2;0.00
sve;25531283613;SELMET D O O;18607.50;36;0.00
sve;49389702900;UMJETNIČKA ORGANIZACIJA AKUSTIČNI PROJEKT;18600.00;5;0.00
sve;46740140320;PJEVAČKA UDRUGA CANTUS ANTE OMNIA;18600.00;5;0.00
sve;02062417239;UDRUGA NIKOLA TESLA - GENIJ ZA BUDUĆNOST;18548.87;4;0.00
sve;76695405231;LISZT & PARTNERI ODVJETNIČKO DRUŠTVO DOO;18512.50;5;0.00
sve;31014383635;PRVI TREPTAČ DOO ZA PRMETNU SIGNALIZACIJU;18501.25;1;0.00
sve;77538301819;DOBOROVOLJNO VATROGASNO DRUŠTVO GRAČANI;18500.00;1;0.00
sve;40696695796;MBM NEKRETNINE DOO;18484.58;1;0.00
sve;53994275676;JAŠKA DOO;18437.38;1;0.00
sve;80621111596;UDRUGA ZA UNAPREĐENJE KVALITETE ŽIVLJENJA LET;18420.00;5;0.00
sve;50017293225;UDRUGA ZA PROMOCIJU KLAPA I KLAPSKE PJESME ARMORIN;18400.00;11;0.00
sve;25040735127;ITS-CONSULTING D.O.O.;18375.00;20;0.00
sve;05126374774;EUROTENT DOO ZA USLUGE;18332.50;7;0.00
sve;08622180689;SVIJET MEDIJA DOO;18300.14;26;0.00
sve;22942304760;PETROKOV SERVISI DOO;18240.38;9;0.00
sve;11199390757;SAVEZ IZVIĐAČA HRVATSKE;18110.00;3;0.00
sve;98079087430;SAMOBORSKI UDARALJKAŠI;18000.00;3;0.00
sve;48553989812;KULTIPRAKTIK -UDRUGA ZA KREAKCIJU;17950.00;9;0.00
sve;80627693538;ZNANJE D.O.O.;17900.00;9;0.00
sve;09312145457;VIACON D.O.O. ZA PROJEKTIRANJE I STR. NADZOR GRAĐENJA;17850.00;7;0.00
sve;34430285985;HRVATSKA UDRUGA ZA ZAŠTITU POTROŠAČA;17810.00;6;0.00
sve;97436200814;UDRUGA ZA KREATIVNI SOCIJALNI RAD;17750.00;4;0.00
sve;07426507766;UMJETNIČKA ORGANIZACIJA THEARTE;17700.00;7;0.00
sve;15146109460;KONPLAST DOO;17693.75;1;0.00
sve;18376805890;RRIF PLUS D.O.O.;17474.75;28;0.00
sve;17461987750;VILLA BREZOVICA DOO;17465.00;1;0.00
sve;41849057634;INTEGRA DOO;17450.00;2;0.00
sve;31375495391;PENTA D.O.O.;17404.22;6;0.00
sve;62908105506;BOOKGLOBE - STRANA KNJIŽARA D.O.O.;17400.00;8;0.00
sve;48965552098;ITER PLAN D.O.O.;17392.20;13;0.00
sve;50704666880;UMJETNIČKA ORGANIZACIJA NIKAD KRAJA;17330.00;5;0.00
sve;13579392023;HRVATSKI ŠUMARSKI INSTITUT;17325.00;3;0.00
sve;60755958894;PARKLIO DOO;17324.19;3;0.00
sve;31989866591;STAJER - GRAF TISKARA I IZDAVAŠTVO D.O.O.;17300.00;5;0.00
sve;39901919995;HŽ INFRASTRUKTURA D.O.O.;17268.02;7;0.00
sve;47976493474;ZAGREBAČKI BRIDŽ SAVEZ;17250.00;4;0.00
sve;82381111852;PETIKAT-UMJETNIČKA RADIONICA;17250.00;8;0.00
sve;11577717101;FORUM ZA KVALITETNO UDOMITELJSTVO DJECE-UDOMITELJI ZA DJECU;17245.75;3;0.00
sve;85644690123;IMPORTANNE CENTAR D.O.O.;17236.55;24;0.00
sve;34263970274;HRVATSKO TURSKA UDRUGA PRIJATELJSTVA;17210.00;9;0.00
sve;47703847551;ANTITALENT DOO;17200.00;5;0.00
sve;85974816503;SABMARINE;17200.00;6;0.00
sve;01493545031;LITTERIS D.O.O.;17180.00;7;0.00
sve;35536574301;MAGIĆMARINAC DOO ZA PROMIDŽBU I DIZAJN;17111.70;6;0.00
sve;53951737793;HUST DOO;17033.75;3;0.00
sve;75098249817;HASHTAG J.D.O.O. ZA USLUGE;17000.00;4;0.00
sve;66445349777;ADL STRUKTURA DOO;17000.00;2;0.00
sve;39566051156;UMJETNIČKA ORGANIZACIJA KOBRA KOKE;17000.00;3;0.00
sve;21347409553;GUDAČKI KVARTET PORIN;17000.00;3;0.00
sve;19433094750;UMJETNIČKA ORGANIZACIJA CANTA;17000.00;3;0.00
sve;13114833921;10AARCH DOO;17000.00;1;0.00
sve;30866756128;UMJETNIČKA ORGANIZACIJA AD GLORIAM BRASS;17000.00;4;0.00
sve;17461980919;IMAGINATION UDRUGA ZA KREATIVNOST I DRUŠTVENI RAZVOJ;16900.00;5;0.00
sve;90861994030;KOLEKTIRV I ZA PRAVA TRANS INTERSPOL I RODNO VARIJANTNIH OSB;16850.00;5;0.00
sve;92923187236;ALL MARKET MEDIA DOO;16830.72;11;0.00
sve;94505281348;TK ELEVATOR EASTERN EUROPE GMBH PODRUŽNICA ZAGREB;16820.51;77;0.00
sve;86170764380;GOSPODNETIĆ SINGERS;16800.00;9;0.00
sve;01007835162;BAR - ING D.O.O. ZA GRADITELJSTVO, PROMET ROBA I USLUGA;16776.08;26;0.00
sve;01688741346;PRIJATELJI ŽIVOTINJA;16725.00;7;0.00
sve;43150843424;INFO PULS D.O.O.;16709.14;45;0.00
sve;91301720286;INITEH MODELING DOO;16650.00;1;0.00
sve;84221196342;UDRUGA KUMULUS ZA RAZVOJ KOMPETENCIJA UČENJE MEDIJACIJU;16600.00;4;0.00
sve;22840169081;LOVAČKO DRUŠTVO PRIRODA SESVETE;16600.00;3;0.00
sve;26900631235;LOVAČKO DRUŠTVO ŽUNA ZAGREB;16600.00;3;0.00
sve;33000290090;LOVAČKO DRUŠTVO PREPELICA;16600.00;3;0.00
sve;87679956140;ČAZMATRANS PUTNIČKA AGENCIJA D.O.O.;16557.50;12;0.00
sve;10614832876;KUSTOŠIJA INŽENJERING JDOO;16517.21;1;0.00
sve;44880880632;LOVAČKA UDRUGA SRNDAČ DRAGONOŽEC;16511.48;3;0.00
sve;75226535695;MULTIMEDIJALNA UMJETNIČKA ORGANIZACIJA BACAČI SJENKI;16500.00;8;0.00
sve;08555857094;SCREENZ DOO;16370.38;3;0.00
sve;74145853679;ASCON INSTITUT D.O.O. ZA DJELATNOSTI U GRAĐEVINARSTVU;16350.00;10;0.00
sve;17140959007;PASTOR TVA D.D.;16297.88;2;0.00
sve;21323257688;PREMIUM TRAVNJACI DOO;16258.75;2;0.00
sve;63786485524;DJEČJI VRTIĆ DJEČJI DVORI;16239.06;29;0.00
sve;08810240600;UMJETNIČKA ORGANIZACIJA OMNIBUS;16225.60;18;0.00
sve;91842476134;UMJETNIČKA ORGANIZACIJA ODEON;16200.00;5;0.00
sve;34414865362;DUBRAVKIN PUT DOO ZA UGOSTITELJSTVO I USLUGE TURIST AG;16178.00;2;0.00
sve;85989097135;BORDOR PROJEKT DOO ZA PROJEKT NADZOR I VJ U GRADITELJSTVU;16111.94;21;0.00
sve;34557995887;PROGEREA DOO;16100.00;4;0.00
sve;11726361485;LARIX PLUS DOO;16083.31;5;0.00
sve;44896955616;DJEČJI VRTIĆ OSMIJEH;16059.06;26;0.00
sve;67812141508;EMPORA DOO;16030.00;4;0.00
sve;78563265065;LEYO PRODUCTION JDOO;16008.76;8;0.00
sve;19702615933;VICTOR ENERGY DOO;16005.89;6;0.00
sve;72527226756;CEKAPE CENTAR ZA KREATIVNO PISANJE;16000.00;4;0.00
sve;02969783432;UDRUGA BIOM;15939.42;5;0.00
sve;29998303930;PLINOINSTALATER IVANOVIĆ DOO;15936.31;8;0.00
sve;16139571061;UHY SAVJETOVANJE DOO;15912.50;1;0.00
sve;55881947276;SKIJAŠKI KLUB ZA OSOBE S INVALIDITETOM SLJEME;15900.00;3;0.00
sve;08264522179;MODERNA VREMENA INFO D.O.O.¸;15900.00;5;0.00
sve;20424332600;HRVATSKO DRUŠTVO KAZALIŠNIH KRITIČATA I TEATROLOGA;15900.00;6;0.00
sve;68430249539;ZAGREBAČKA NAKLADA D O O ZA NAKLADNIČKU DJELATNOST I TRGOVIN;15890.00;5;0.00
sve;77421194081;ETS FARAGO DOO;15779.40;12;0.00
sve;44448417567;MERKANTILE D.D.;15714.91;15;0.00
sve;36776216753;PARLI EVENT JDOO ZA UGOSTITELJSTVO USLUGE I TRGOVINU;15690.00;9;0.00
sve;82522496886;PROJEKT DOO;15665.00;9;0.00
sve;97119804777;CENTAR ZA KULTURU DIJALOGA CKD;15650.00;2;0.00
sve;16014950561;KAOS DOO;15600.00;3;0.00
sve;20023728589;GROWTH STRATEGIES DOO;15592.87;15;0.00
sve;97526280302;UDRUGA HYLA;15563.00;2;0.00
sve;79517545745;HANZA MEDIA D.O.O.;15549.14;14;0.00
sve;46818705329;GALKO D.O.O.;15516.25;3;0.00
sve;06570355423;HRVATSKO DRUŠTVO DRAMSKIH UMJETNIKA;15500.00;7;0.00
sve;89034440861;PA - VITA D.O.O.;15494.11;1;0.00
sve;62123850275;ŠTEDOPIS, INSTITUT ZA FINANCIJSKO OBRAZOVANJE;15436.49;3;0.00
sve;15370173467;GAP ELEMENT D.O.O.;15369.68;152;0.00
sve;49684261247;SORANO D.O.O. ZA USLUGE I TRGOVINU;15366.57;5;0.00
sve;71107073888;ORDINO PLUS DOO;15357.81;80;0.00
sve;27143474150;ZAGREBAČKA MEDRESA DR.AHMET SMAILOVIĆ SREDNJA ŠKOLA;15357.27;14;0.00
sve;33118456329;STRUCTURA CONSULTING ENGINEERING DOO;15266.94;19;0.00
sve;29005509482;STYRIA MEDIJSKI SERVISI D.O.O.;15263.03;15;0.00
sve;41687433318;PRESIDO DOO;15212.50;4;0.00
sve;52165661369;UDRUGA HRVATSKIH UČITELJA LIKOVNE IZOBRAZBE;15190.66;9;0.00
sve;89507962936;PROJEKT DANAS DOO ZA PROJEKTIRANJE I USLUGE;15150.00;3;0.00
sve;56075169776;BILOTA INŽENJERING DOO;15130.40;1;0.00
sve;91712842608;PET PROJEKT D.O.O.;15100.00;11;0.00
sve;43817701790;VIVATIP D.O.O;15079.42;71;0.00
sve;35184034154;UMJETNIČKA ORGANIZACIJA ON/A;15070.00;11;0.00
sve;71304602630;HIDRO LAB DOO;15066.25;2;0.00
sve;14081461166;PANTERA PROMET DOO;15064.00;1;0.00
sve;52667461002;DRUŠTVO ZA KULTURU I UMJETNOST I. K. SAKCINSKI;15050.00;8;0.00
sve;98548442395;ALEDO TECH DOO ZA TRGOVINU I USLUGE;15000.00;1;0.00
sve;70862147130;G OPATIJA DOO;15000.00;1;0.00
sve;81387458217;UDRUGA SLIJEPIH;15000.00;5;0.00
sve;12355275165;UDRUGA HRV. BRANITELJA DOM. RATA 101. BRIGADE - SUSEDGRAD;15000.00;1;0.00
sve;33811646492;UMJETNIČKA ORGANIZACIJA KAZALIŠNA DRUŽINA MAŠINA IGRA;15000.00;5;0.00
sve;54936635956;WOLFANG I DOLLY DOO ZA USLUGE;15000.00;4;0.00
sve;68360511666;PLATO UDRUGA ZA PODIZANJE KVALITETE ŽIVOTA U URB SREDINAMA;15000.00;1;0.00
sve;33916138782;HRVATSKO DRUŠTVO LIKOVNIH UMETNIKA ZAGREB;15000.00;6;0.00
sve;72193954947;JOY FAIR JDOO;15000.00;1;0.00
sve;88597255851;ZACAPAS JDOO;15000.00;2;0.00
sve;27566547682;HRVATSKA UDRUGA NASTAVNIKA POVIJESTI;15000.00;2;0.00
sve;20228357315;PROFI TEST DOO ZA TEHNIČKO ISPITIVANJE POSREDOVANJE;14993.75;1;0.00
sve;95767218364;UDRUGA KAMENSKO;14960.00;4;0.00
sve;94687544692;PLANIMETAR DOO;14931.30;5;0.00
sve;92720346022;EPOHA PRIVATNA OSNOVNA ŠKOLA S PRAVOM JAVNOSTI;14929.43;20;0.00
sve;08963275889;DOBROVOLJNO VATROGASNO DRUŠTVO ODRANSKI OBREŽ;14900.00;8;0.00
sve;42684119555;GEOSUPPORT DOO;14892.69;6;0.00
sve;99828219950;3PM MEDIA DOO;14887.50;3;0.00
sve;16998632083;STEFANOVIĆ KRVAVICA BULIĆ I PLETIKOSA ODVJETNIČKO DRUŠTV DOO;14833.73;1;0.00
sve;53424695642;GREEN BUILDING DOO;14821.34;6;0.00
sve;71823033614;AUGUSTINI D.O.O. ZA PROIZVODNJU I PROMET ROBA;14816.00;2;0.00
sve;55771532698;INOVA DOO;14741.57;1;0.00
sve;06531687122;ANTE INŽENJERSTVO DOO;14730.00;3;0.00
sve;42385477438;ODVJETNIČKO DRUŠTVO JURČIĆ I PRPIĆ JTD;14717.62;2;0.00
sve;60070248570;SVIBOVEC KATICA;14687.99;1;0.00
sve;04466528331;CIGETIĆ DOO;14680.44;14;0.00
sve;67853790331;PUN POGODAK DOO;14642.55;2;0.00
sve;04311886961;LP DESIGN MODNI STUDIO JDOO;14611.03;2;0.00
sve;45123367654;UMJETNIČKA ORGANIZACIJA MALI TEATAR PETIT TEATAR;14600.00;6;0.00
sve;00800437421;UDR.ZA PR.MED.KUL.,UMJET.I TOL.LUPIGA-SVIJET KROZ OBIČNE OČI;14600.00;2;0.00
sve;17447691679;OPĆA PRIVATNA GIMNAZIJA;14582.90;13;0.00
sve;90262715449;UDRUGA HRVATSKA KUĆA MATERINA PRIČA;14545.65;3;0.00
sve;12884984092;KADENCA UDRUGA ZABAVLJAČA ZAGREB;14500.00;5;0.00
sve;93419380452;ARHITEKTURA SREDINE JDOO;14500.00;1;0.00
sve;23399211423;UMJETNIČKA ORGANIZACIJA TRANZICIJSKO FIKCIJSKO KAZALIŠTE;14450.00;8;0.00
sve;31225259453;BIJELI SVIJET DOO;14379.46;1;0.00
sve;40837433443;DJEČJI ZBOR MOZARTINE;14350.00;6;0.00
sve;60174672203;DUBROVNIK SUN D.O.O.;14331.03;49;0.00
sve;63649739630;"MJEŠOVITI VOKALNI ANSAMBL I ""KOMIN"" SNJEŽANIN";14330.00;15;0.00
sve;99063153817;UDRUGA GRAĐANA - TREĆA ŽIVOTNA DOB TREŠNJEVKA;14310.00;16;0.00
sve;26869189308;UDRUGA DARIVATELJA KRVI;14300.00;5;0.00
sve;65822126370;TRIDEA DOO;14250.00;2;0.00
sve;47775057322;CENTAR ZA POTPORU I INKLUZIJU U ZAJEDNICI;14200.00;4;0.00
sve;63858138148;HRVATSKO ČITATELJSKO DRUŠTVO;14200.00;3;0.00
sve;05587151358;VEDIS D.O.O.;14200.00;9;0.00
sve;46029483587;DOMUS UPRAVLJANJE DOO;14195.03;98;0.00
sve;58632083307;ST ARC DOO;14175.00;1;0.00
sve;98000825863;UDRUGA PROSPERIKON;14068.84;2;0.00
sve;49337502853;REPUBLIKA HRVATSKA - DRŽAVNI ZAVOD ZA STATISTIKU;14065.50;16;0.00
sve;59624928052;SVEUČILIŠTE SJEVER;14001.54;4;0.00
sve;08465235935;SAVEZ DRUŠTAVA DISTROFIČARA HRVATSKE;14000.00;4;0.00
sve;17275154917;UDRUGA BOŠNJAKA BRANITELJA DOMOVINSKOG RATA HRVATSKE;14000.00;5;0.00
sve;55172671510;DALTIC USLUGE DOO ZA TRGOVINU I USLUGE;14000.00;1;0.00
sve;75827633413;PREUREDI MOJU PUMPU;14000.00;3;0.00
sve;72404231081;TEHNOSTROJ DOO;14000.00;1;0.00
sve;24100671715;MOJ MODERNI KVART DOO;14000.00;1;0.00
sve;26525403450;DRUŠTVO ZA KOMUNIKACIJSKU I MEDIJSKU KULTURU;13937.00;4;0.00
sve;12474257780;PRIVATNA GIMNAZIJA DR. ČASL;13900.13;13;0.00
sve;17453804770;PRIRODA ZA SVE;13900.00;2;0.00
sve;84549788599;MISTRAL DOO;13853.50;4;0.00
sve;59277516449;DOBROVOLJNO VATROGASNO DRUŠTVO KUPINEČKI KRALJEVEC;13846.93;32;0.00
sve;71004700950;ZATO DIZAJN D.O.O.;13843.14;13;0.00
sve;82487328170;ODVJETNIČK DRUŠTVO KRIŽANOVIĆ I PARTNERI;13835.37;2;0.00
sve;35049089877;UČILIŠTE ZA POSLOVNO UPRAVLJANJE;13825.68;2;0.00
sve;04218464722;UDRUGA KULTURNI KLUB O GRADA;13819.80;8;0.00
sve;01458835402;UDRUŽENJE ZA UNAPREĐ.OBRAZ. SLIJEPIH I SLABOVIDNIH OSOBA;13750.00;4;0.00
sve;07963549311;MARDOR PLUS D.O.O.;13750.00;1;0.00
sve;89669284579;ODVJETNIK MARKO UJEVIĆ;13699.82;2;0.00
sve;99944170669;TEB POSLOVNO SAVJETOVANJE D.O.O.;13686.75;45;0.00
sve;51831093168;SPORT NET INŽENJERING D.O.O.;13675.00;1;0.00
sve;20845957118;MAER DOO;13650.00;12;0.00
sve;15978402700;HRVATSKO DRUŠTVO KARIKATURISTA;13650.00;12;0.00
sve;79590804159;DJEVOJAČKI ZBOR MOZARTINE;13650.00;6;0.00
sve;95898073413;OREHOVEC I PARTNERI DOO;13636.21;2;0.00
sve;37274655922;PARI PIKULE;13600.00;3;0.00
sve;99416792352;RAZMJER DOO;13593.97;17;0.00
sve;83795461036;SONABILIS DOO;13580.00;1;0.00
sve;42377929893;ODVJETNIČKO DRUŠTVO OLUJIĆ PEZIĆ I PARTNERI DOO;13551.77;1;0.00
sve;88851244581;PART WOLF DOO ZA TRGOVINU I USLUGE;13535.00;1;0.00
sve;26187994862;CROATIA OSIGURANJE D.D.;13509.91;11;0.00
sve;22473413844;DOBRA KNJIGA D.O.O. KNJIŽARA LJEVAK;13500.00;5;0.00
sve;30149263324;GRETA CREATIVE NETWORK;13500.00;8;0.00
sve;98802411991;BRANITELJSKI CENTAR ZA DRUŠTVENI RAZVOJ;13500.00;2;0.00
sve;17655152955;UMJETNIČKA ORGANIZACIJA MULTIKULTI;13500.00;5;0.00
sve;40051035570;MREŽA ZNANJA DOO;13500.00;4;0.00
sve;44670908452;TISKARA ZELINA D.D.;13406.25;3;0.00
sve;63693671750;ROST ŠPORT D.O.O.;13404.96;32;0.00
sve;85865200645;HRVATSKO DRUŠTVO PREVODITELJA ZNAKOVNOG JEZIKA;13400.00;2;0.00
sve;16495188637;ART CON I ING DOO;13390.00;5;0.00
sve;82550210527;ODVJETNIČKO DRUŠTVO MUSULIN I SURADNICI DOO;13378.51;20;0.00
sve;48567510815;BRODIĆ PROMET D.O.O.;13362.55;64;0.00
sve;47785989863;ALFA SIGURNOST DOO;13327.17;20;0.00
sve;88507424442;BULJAN MILIČEVIĆ ARHITEKTI DOO;13250.00;11;0.00
sve;81549604617;HERC MAT DOO;13213.75;1;0.00
sve;20192232840;UDRUGA MARANATHA;13200.00;5;0.00
sve;62072419083;BEMING D.O.O. ZA PROJEKTIRANJE PROMET I USLUGE;13160.00;4;0.00
sve;90835965601;UDRUGA ZA ZAŠTITU I PROMICANJE PRAVA ŽIVOTINJA RINA;13150.00;4;0.00
sve;82683059627;SAVEZ DRUŠTAVA NAŠA DJECA HRVATSKE;13139.01;7;0.00
sve;49733628869;BINĐO D.O.O. ZA USLUŽNE DJELATNOSTI U ŠUMARSTVU I GRAĐEVINA.;13137.50;2;0.00
sve;26317851190;DOBROVOLJNO VATROGASNO DRUŠTVO ZAPAD;13100.00;6;0.00
sve;76842508189;ZAGREBAČKE PEKARNE KLARA D.D.;13050.65;58;0.00
sve;33104804103;DOBRO RJEŠENJE DOO;13014.35;6;0.00
sve;00160548872;KONČAR ENERGETIKA I USLUGE DOO;13003.98;16;0.00
sve;62886130846;UDRUGA BLABERON;13000.00;5;0.00
sve;56690743343;UMJETNIČKA ORGANIZACIJA KLUBVIZIJA;12950.00;9;0.00
sve;27050468625;TEA ELEKTRONIK DOO;12922.00;12;0.00
sve;44256146678;BIOTECHNICON PODUZETNIČKI CENTAR DOO;12906.25;2;0.00
sve;76237150000;741 UDRUGA ZA PROMICANJE PLESA UMJETNOSTI I KVALIT ŽIVLJENJA;12900.00;5;0.00
sve;37303149663;KULTURNO - UMJETNIČKO DRUŠTVO OPOROVEC;12900.00;6;0.00
sve;67066083351;SPECIJAL DOO;12880.00;1;0.00
sve;90241099244;KUD VRHOVJE ŽUPE DUBRANEC;12870.00;7;0.00
sve;88157607340;ZAGREBAČKI BASEBALL SAVEZ;12856.25;1;0.00
sve;56503270284;UMJETNIČKA ORGANIZACIJA LAĐA OD VODE;12800.00;7;0.00
sve;97214913772;INICIJATIVA MLADIH ZA LJUDSKA PRAVA;12789.33;2;0.00
sve;16601173483;PČELARSKO DRUŠTVO ZAGREB;12788.60;4;0.00
sve;81873549225;CESI - CENTAR ZA EDUKACIJU, SAVJETOVANJE I ISTRAŽIVANJE;12776.44;2;0.00
sve;76572513398;UDRUGA SINDIKAT BICIKLISTA;12763.00;6;0.00
sve;19702214044;PRODITUS DOO;12750.00;4;0.00
sve;28227230061;MJEŠOVITI PJEVAČKI ZBOR EMIL COSSETTO;12750.00;3;0.00
sve;29490148763;DOBROVOLJNO VATROGASNO DRUŠTVO RESNIK ZAGREB;12700.00;1;0.00
sve;56816133459;DRUŠTVO GORANIN;12700.00;5;0.00
sve;22205928643;CAPTURA VENTI DOO;12675.00;2;0.00
sve;49355429927;VERBUM NAKLADNIŠTVO I KNJIŽARSTVO D.O.O.;12675.00;8;0.00
sve;82642859813;DOM I NACIONALNO OKUPLJANJE;12650.00;2;0.00
sve;30481274266;HRVATSKA UDRUGA ZA ALZHEIMEROVU BOLEST;12647.00;4;0.00
sve;89313718238;HRVATSKA UDRUGA ZA TURIZAM I RURALNI RAZV KLUB ČLANOVA SELO;12611.90;2;0.00
sve;67110768482;GRANDMA FOGG DOO ZA UGOSTITELJSTVO I USLUGE;12600.00;1;0.00
sve;87404223650;DOM ZA STARIJE OSOBE DOM MEDIMAR PRIGORJE;12600.00;1;0.00
sve;42763740026;RETRO FUTURIZAM DOO ZA USLUGE;12600.00;1;0.00
sve;82812328597;SOKOL DOO;12596.37;70;0.00
sve;73037001250;TEHNIKA D.D.;12586.17;1;0.00
sve;55993768232;CENTAR ZA PODRŠKU RODITELJSTVU RASTIMO ZAJEDNO;12567.00;2;0.00
sve;58843087891;AGENCIJA ZA KOMERCIJALNU DJELATNOST PRO.,USL. I TRG. D.O.O.;12558.34;19;0.00
sve;78141312758;MUZEJ MIMARA;12533.03;7;0.00
sve;25645698302;VRTOVI HORTUS DOO;12506.25;1;0.00
sve;34101579660;UDRUGA MALA OPERA;12500.00;4;0.00
sve;86775670895;UMJETNIČKA ORGANIZACIJA DOMINANTA;12500.00;6;0.00
sve;49039915702;UMJETNIČKA ORGANIZACIJA FESTIVAL ŠANSONE CHANSONFEST;12500.00;5;0.00
sve;20963249418;KPMG CROATIA DOO;12500.00;2;0.00
sve;35361878872;HRVATSKA UDRUGA ZA BORBU PROTIV HIV-A I VIRUSNOG HEPATITISA;12450.00;4;0.00
sve;72821368092;CENTAR ZA ŽENE MAJKE I DJECU RETO;12450.00;3;0.00
sve;32319202111;GEOKVADRAT DOO;12437.50;5;0.00
sve;02837824881;VEEMEE DOO;12398.75;6;0.00
sve;57010186553;MOZAIK KNJIGA D.O.O.;12391.00;2;0.00
sve;87035030616;TVORNICA UMJETNOSTI;12372.31;3;0.00
sve;04303799227;WYG SAVJETOVANJE DOO;12337.50;1;0.00
sve;09991866976;LOVAČKO DR. ZA UZGOJ ZAŠTITU I LOV DIVLJAČI FAZAN ŠESTINE;12312.00;5;0.00
sve;98963841755;NAJSRETNIJA BEBA HRVATSKA;12300.00;4;0.00
sve;16730442168;BIAKOVA D.O.O. ZA TRGOVINU I IZDAVAŠTVO;12290.00;5;0.00
sve;26731305854;ARHITEKTONSKI STUDIO PLATFORMA DOO ZA ARHITEKTURU;12266.67;3;0.00
sve;05106850717;ŠKORO D.O.O. ZA INŽ. TRGOVINU VANJSKOTRGOVINSKO POSLOVANJE;12259.75;6;0.00
sve;39447066877;UDRUGA ZA PROMICANJE KREATIVNOSTI  - VILIBALD;12253.75;3;0.00
sve;53769098448;ALATI MILIĆ DOO;12226.68;3;0.00
sve;97546343151;ODVJETNIČKO DRUŠTVO MILIČEVIĆ I ŠUPUKOVIĆ DOO;12220.14;5;0.00
sve;43954444501;OSNOVNA GLAZBENA ŠKOLA SCHOLA MUSICA;12215.72;13;0.00
sve;09720768884;BUYBOOK DOO;12200.00;5;0.00
sve;52590057124;LUTKARSKA SCENA IVANA BRLIĆ MAŽURANIĆ D.O.O.;12200.00;3;0.00
sve;25254683372;CELVITA -ŽIVOT S CELIJAKIJOM;12186.07;3;0.00
sve;60382881936;UNIMEX DOO;12174.94;2;0.00
sve;14987768907;INSTO CENTAR D.O.O. ZA SAVJETOVANJE I USLUGE;12156.88;33;0.00
sve;34911353826;"UDRUGA ZA KULTURU OSOBA OŠTEĆENA SLUHA HRV. ""SVIJET TIŠINE""";12150.00;18;0.00
sve;62513325106;KOVNICA D.O.O.;12127.91;23;0.00
sve;57683978003;POTOMAC GRUPA DOO;12085.17;9;0.00
sve;09575099931;PROJEKT JEDNAKO RAZVOJ D.O.O.;12045.50;17;0.00
sve;30787657315;UDRUGA SUVLASNIKA ZGRADE BUKOVAČKA CESTA 27;12000.00;1;0.00
sve;63464742923;SLOBODAN ULAZ;12000.00;6;0.00
sve;65226637557;MULTIDISCIPLINARNI AUTORSKI PROJEKTI I AKCIJE;12000.00;1;0.00
sve;87911440551;PLANINARSKO DRUŠTVO SLIJEPIH PRIJATELJI PLANINA;12000.00;2;0.00
sve;44758927543;UDRUGA FILMAKTIV;12000.00;2;0.00
sve;12856140534;3 SISTERS & KO DOO ZA USLUGE;12000.00;2;0.00
sve;21517658354;NOVA LUX DOO ZA PROJEKTIRANJE I NADZOR;11990.00;1;0.00
sve;88292527040;INSTITUT ZA RAZVOJ OBRAZOVANJA;11975.45;1;0.00
sve;64834048134;BORNFIGHT DOO ZA TRGOVINU I USLUGE;11935.68;1;0.00
sve;67106123722;OŠTRO CENTAR ZA ISTRAŽIVAČKO NOVINARSTVO U JADRANSKOJ REGIJI;11933.79;2;0.00
sve;67133767603;KUD FRANKOPAN REMETE;11900.00;3;0.00
sve;35409850545;SANCTA DOMENICA DOO;11886.90;5;0.00
sve;19891482616;AVISON YOUNG DOO;11875.00;1;0.00
sve;44566761621;PLATFORMA ZA MEĐUNARODNU GRAĐANSKU SOLIDARNOST HRVATSKE;11840.00;2;0.00
sve;94004143931;PASE ZAGREB CONSULTING DOO;11801.37;3;0.00
sve;51002263141;DJEČJI VRTIĆ ZDENAC MALI;11758.03;23;0.00
sve;64007364353;TIBERIUS HOTELS DOO;11749.76;5;0.00
sve;90054874194;CANOSA INŽENJERING DOO;11737.88;3;0.00
sve;95092888930;VRUTAK DOO;11701.10;12;0.00
sve;47937571736;UDRUGA ART ŠKOLA;11700.00;3;0.00
sve;70394464590;GOLUB STJEPAN;11695.67;1;0.00
sve;36945599917;ALPHEUS DOO;11655.72;1;0.00
sve;46603716550;SPORTSKO PLESNI KLUB KELKOPE;11650.00;5;0.00
sve;68506332477;TOKIĆ TRGOVINA D.O.O.;11593.73;1;0.00
sve;57535412801;HUMANITARNA ORGANIZACIJA ZAJEDNICA SUSRET;11590.00;3;0.00
sve;45670382229;LAG MEDITERANEO DOO;11586.41;107;0.00
sve;93472038518;EURO LIM MATIJA DOO;11572.50;1;0.00
sve;47955067411;UDRUGA ASOCIJATIVA;11560.97;2;0.00
sve;34279353714;DOBROVOLJNO VATROGASNO DRUŠTVO LIPNICA;11546.93;29;0.00
sve;70822295674;NOVI ZVUK DOO;11537.50;3;0.00
sve;56887977144;VEKTRA DOO;11530.88;3;0.00
sve;51397634592;LEOPOLD MOZART UDRUGA RODITELJA UČENIKA GLAZBE I PLESA;11500.00;6;0.00
sve;13991651353;PRUDENS CERTUS DOO;11498.68;13;0.00
sve;12854506772;OMEGA AKUSTIK LIMITED DOO;11480.00;1;0.00
sve;60445358686;CHEMACO DOO ZA TRGOVINU I ZASTUPANJE STRANIH TVRTKI;11459.28;20;0.00
sve;64561910814;POLITIČKA STRANKA PLAVI GRAD;11450.00;3;0.00
sve;92200599837;STUDIO G DVA D.O.O.;11444.35;6;0.00
sve;53678438764;FED GRUPA D.O.O. ZA TRGOVINU I USLUGE;11437.50;1;0.00
sve;39538904049;DIVAN TEATAR;11400.00;7;0.00
sve;28478037554;PRORSUS KOMUNIKACIJE DOO;11398.48;3;0.00
sve;17682838273;SOLUS AEDIFICATOR D.O.O.;11398.00;6;0.00
sve;52320784425;UDRUGA ZA POPULARIZACIJU TEHNIČKE KULTURE MEHATRONIK;11395.00;4;0.00
sve;43594593297;SVEUČILIŠTE U ZAGREBU - GEODETSKI FAKULTET;11375.00;1;0.00
sve;85988954169;PLODOVI KOVAČEVIĆ D.O.O. ZA TRGOVINU I USLUGE;11359.30;2;0.00
sve;51902281798;UDRUGA SVIMA;11356.93;1;0.00
sve;75502271466;UDRUGA RODITELJA DJECE  S TEŠK U RAZV I OS S INV PUT U ŽIVOT;11350.00;3;0.00
sve;62871653225;AUREL DOO;11302.07;5;0.00
sve;89984707202;MLADI ZA DOMOVINU;11250.00;2;0.00
sve;64822396023;NEURIVI DOO;11250.00;1;0.00
sve;39233442442;ZAGREBGRADNJA DOO;11239.07;1;0.00
sve;08515564665;MGS GRUPA DOO ZA TRGOVINU I USLUGE;11237.75;1;0.00
sve;08632898025;ŽENSKI VOKALNI ANSAMBL ZWIZDE-UD.ZA OČUV.I PR.ŠOK.BAŠ.ZAGREB;11200.00;6;0.00
sve;76477474267;SRPSKO PRIVREDNO DRUŠTVO PRIVREDNIK;11168.37;1;0.00
sve;45179435526;HRVATSKA STUDENTSKA ASOCIJACIJA;11145.65;6;0.00
sve;12543703761;GLAZBENA ŠKOLA MUZIČKI ATELJE;11119.00;11;0.00
sve;88272610658;CIVIL PLAN DOO;11100.00;17;0.00
sve;22294419048;TORUS INŽENJERING DOO;11038.33;9;0.00
sve;08575099734;AUGUSTINOVIĆ TGP DOO;11011.11;10;0.00
sve;40195112114;JESENSKI I TURK D.O.O.;11010.00;3;0.00
sve;87517500775;JADRANSKA ANIMACIJA;11000.00;2;0.00
sve;49410722599;PETNAESTA UMJETNOST DOO ZA TV I FILMSKU PRODUKCIJU;11000.00;2;0.00
sve;95784618674;VETERINARSKA STANICA REMETINEC DOO;11000.00;9;0.00
sve;91270048468;UMJETNIČKA ORGANIZACIJA ARKTIK - INSTITUT ZA BUDUĆNOST;11000.00;4;0.00
sve;55965223160;LUTKARSKI EKSPERIMENTALNI TEATAR;11000.00;2;0.00
sve;46301888948;ZANOS DOO;10978.39;2;0.00
sve;85401974379;EKONOMSKO PROJEKTNI CENTAR DOO;10901.25;17;0.00
sve;26724775299;UDRUGA ZAŠTITU I PROMICANJE LJUDSKIH PRAVA SOFIJA;10900.00;3;0.00
sve;12487607392;UDRUGA SKAUTA SAVSKI GAJ;10899.53;1;0.00
sve;79084286928;HOLOSYS D.O.O.;10873.75;1;0.00
sve;89088738817;GEODESIGN JDOO;10866.25;3;0.00
sve;32111742300;ZAGREB PLAKAT DOO;10862.50;26;0.00
sve;76960385342;VE LA STUDIO DOO;10858.81;1;0.00
sve;03343232056;ZAVIČAJNO DRUŠTVO SINAC ZAGREB;10800.00;5;0.00
sve;58597177555;HRVATSKA SVEUČILIŠNA NAKLADA D.O.O.;10800.00;6;0.00
sve;73698625430;UMJETNIČKA ORGANIZACIJA CADENZA;10800.00;5;0.00
sve;20194002984;HRVATSKA UDRUGA LIKOVNIH UMJETNIKA I LIKOVNIH KRITIČARA;10790.00;14;0.00
sve;47921292656;RITEH PROJEKT DOO;10753.75;1;0.00
sve;56786114419;RETO CENTAR ZAGREB;10747.25;1;0.00
sve;33725552892;OPUS OPERIS D.O.O. ZA UPRAVLJANJE NEKRETNINAMA;10708.66;63;0.00
sve;04736811703;STEČAJNA MASA IZA ACO PETROVIĆ DOO U STEČAJU;10695.80;1;0.00
sve;29317746059;ZZ CONCEPT DOO;10657.50;1;0.00
sve;98505210337;KAZIVAČICA DOO;10650.00;6;0.00
sve;75897840685;RSM CROATIA DOO;10625.00;1;0.00
sve;98023806945;STUDENTSKI KATOLIČKI CENTAR PALMA;10580.99;4;0.00
sve;42289481628;LAND MAPPING DOO;10550.75;3;0.00
sve;76433565813;EPOHA PRIVATNA GIMNAZIJA S PRAVOM JAVNOSTI;10522.68;13;0.00
sve;50142085426;FOLIJE FENESTRA DOO;10508.50;2;0.00
sve;88567785567;EVENT SIGURNOST DOO ZA ZAŠTITU;10505.00;4;0.00
sve;86121805051;UDRUGA HRVATSKI RATNI VETERANI ZAGREBA;10500.00;4;0.00
sve;02329110570;GEOTECH DOO;10500.00;1;0.00
sve;88791184217;LAURA VIAN DOO ZA TRGOVINU I USLUGE;10500.00;1;0.00
sve;71728855653;DOM ZA STARIJE OSOBE ZLATNA JUTRA;10500.00;1;0.00
sve;31232012833;UDRUGA HRVATSKIH DRAGOVOLJACA DOMOVINSKOG RATA;10500.00;4;0.00
sve;96081354662;KAZALIŠTE PRIJATELJ;10480.00;6;0.00
sve;23245383496;NEURO RADNIK DOO;10465.73;1;0.00
sve;30404016910;STO POSTO PRIRODNO DOO;10416.41;2;0.00
sve;57654288475;POTROŠAČ DRUŠTVO ZA ZAŠTITU POTROŠAČA HRVATSKE;10415.00;4;0.00
sve;53605452522;UMJETNIČKA ORGANIZACIJA ANSAMBL SUV.PLESA VEM-ED.-PL.-CENTAR;10400.00;6;0.00
sve;81445060121;KLIOFEST UDRUGA ZA PROMICANJE KULTURE POVIJESTI;10400.00;7;0.00
sve;77020358466;HIPERION EOS UDRUGA;10300.00;2;0.00
sve;54188444912;TAEKWONDO KLUB ČIGRA;10270.00;4;0.00
sve;10235187780;RAPTOR FLEET DOO;10252.12;26;0.00
sve;46962298595;MD SPORT MARKETING JDOO;10213.00;2;0.00
sve;95889895623;MATICA HRVATSKIH UMIROVLJENIKA NOVI ZAGREB;10200.00;5;0.00
sve;87703928851;KULTURNO UMJETNIČKO DRUŠTVO ORAČ;10200.00;3;0.00
sve;37700284220;JAKA PRODUKCIJA DOO;10200.00;3;0.00
sve;66592376787;UMJETNIČKA ORGANIZACIJA CENTRIMETAR OSTATKA MMENT;10200.00;4;0.00
sve;37196134947;TI-SAN D.O.O.;10198.10;32;0.00
sve;55950286097;FICE HRVATSKA;10162.87;2;0.00
sve;48249084626;COMET PROIZVODNJA TRGOVINA I USLUGE DOO;10111.76;3;0.00
sve;52848403362;WIENER OSIGURANJE VIENNA INSURANCE GROUP DD;10108.07;21;0.00
sve;73474352611;KULTURNO UMJETNIČKO DRUŠTVO RUŽA PRIGORJA;10100.00;11;0.00
sve;54812519357;F420 UDRUGA STUDENATA AKADEMIJE DRAMSKE UMJETNOSTI;10100.00;9;0.00
sve;35645536061;KULTURNO UMJETNIČKO DRUŠTVO VEDAR OSMIJEH;10100.00;5;0.00
sve;20301760309;PROSTOR EMANCIPACIJE;10087.00;3;0.00
sve;25866867098;GEOFOCUS DOO;10076.77;30;0.00
sve;95499898768;PRAVOKUTNIK DOO ZA ARHITEKTURU I VJEŠTAČENJA;10068.99;19;0.00
sve;54776266991;KIF PRO DOO;10030.98;77;0.00
sve;59464213393;SPORTBOOK DOO;10000.00;1;0.00
sve;99064999336;PROFESIONALNI PLESNI ANSAMBL KELKOPE;10000.00;4;0.00
sve;81963437417;GRAD ČAZMA;10000.00;1;0.00
sve;91761385345;ZIP EVENT DOO;10000.00;1;0.00
sve;31631300738;PANAFRIČKO DRUŠTVO U HRVATSKOJ;10000.00;1;0.00
sve;26225264592;SAVEZ UDRUGA OBITELJI ZATOČENIH I NESTALIH HRVATSKIH BRANIT.;10000.00;2;0.00
sve;17759905027;MORE MAGNETS DOO ZA AUDIOVIZUALNE DJELATNOSTI;10000.00;2;0.00
sve;54929021685;INTER MARKET DOO PROIZVODNJA TRGOIVINA I USLUGE;10000.00;1;0.00
sve;05029212031;KLUB ZA EKSPEDICIONIZAM I KULTURU;10000.00;4;0.00
sve;30782718666;SAVEZ UDRUGA HR BRANITELJA LIJEČENIH OD PTSP RH;10000.00;1;0.00
sve;51330436401;WOLF MEDIA DOO ZA PROMIDŽBU I SAVJETOVANJE;10000.00;1;0.00
sve;49903072647;HRVATSKA GLAZBENA UNIJA;10000.00;6;0.00
sve;10581884091;UDRUGA ZAGREBAČKI DRAGOVOLJCI BRANITELJI VUKOVARA;10000.00;2;0.00
sve;00976395926;UMJETNIČKA ORGANIZACIJA ANSAMBL OKTOS;10000.00;6;0.00
sve;50786890531;HRVATSKO DRUŠTVO ZA TRAUMATSKI STRES;10000.00;1;0.00
sve;75531412273;UDRUGA FLAMINGO;10000.00;4;0.00
sve;52628134117;UDURGA ZA PROMICANJE ARHITEKTURE I DIZAJN ZAGREB OPEN HOUSE;10000.00;2;0.00
sve;77960483520;POSITIVE GARDEN DOO;10000.00;1;0.00
sve;85518289540;BILJKE I SVIRKE DOO;10000.00;1;0.00
sve;52066385288;HRVATSKA PERMAKULTURA;10000.00;1;0.00
sve;01675244903;PROFIDA DOO ZA USLUGE;9997.58;1;0.00
sve;86332224735;DRUŠTVO HRVATSKA ŽENA - GRAD ZAGREB;9950.00;5;0.00
sve;22233467982;AIKI EN UDRUGA ZA PROMICANJE SKLADNOG ŽIVLJENJA;9947.00;4;0.00
sve;58768287364;OMEGA ENGINEERING DOO;9900.00;1;0.00
sve;65060530007;CENTAR ZA GLAZBU ZAGREB;9900.00;3;0.00
sve;43529083211;ZAVIČAJNA UDRUGA KORDUNAŠA KORANA ZAGREB;9850.00;5;0.00
sve;74867487620;TOKIĆ DOO;9817.23;4;0.00
sve;40135052654;UDRUGA CIVILNIH INVALIDA RATA GRADA ZAGREBA;9806.00;2;0.00
sve;76962519378;KULTURNO UMJETNIČKO DRUŠTVO ZORJA;9800.00;5;0.00
sve;60560597422;UDRUGA DRAGOVOLJACA HRVATSKIH OBRAMBENIH SNAGA GRADA ZAGREBA;9800.00;3;0.00
sve;87008886067;DRUŠTVO MULTIPLE SKLEROZE GRADA ZAGREBA;9800.00;1;0.00
sve;67832608353;FOLKLORNA IZVORNA SKUPINA REMETE;9800.00;11;0.00
sve;28399231832;GEOKOL D.O.O.;9790.00;1;0.00
sve;68872960961;INEPTE GRIT JDOO;9750.00;1;0.00
sve;43506169483;PRIVATNA OSNOVNA ŠKOLA LINEA;9702.95;13;0.00
sve;28899338957;METAR MILIMETA DOO;9700.00;1;0.00
sve;06842385393;INŽENJERING ZA NAFTU I PLIN DOO;9700.00;1;0.00
sve;88179867394;UDRUGA HRVATSKIH VOJNIH INVALIDA DOMOVINSKOG RATA DUBRAVA;9700.00;4;0.00
sve;96425819797;UDRUGA ZA DAROVITOST DAR;9699.50;3;0.00
sve;28303500883;HRVATSKI INSTITUT ZA FINANCIJSKU EDUKACIJU;9684.00;4;0.00
sve;69110934098;TOLA DOO;9645.75;2;0.00
sve;43446234861;SREDNJA WALDORFSKA ŠKOLA U ZAGREBU;9616.64;12;0.00
sve;57500462912;HRVATSKE AUTOCESTE D.O.O.;9608.39;7;0.00
sve;03895408660;ZAJEDNIČKI ODVJETNIČKI URED GORAN RUŽIĆ I MAJA SAMBOLEK;9607.85;3;0.00
sve;15680087866;UMJETNIČKA ORGANIZACIJA ANIMA;9600.00;7;0.00
sve;64421336208;KULTURNO UMJETNIČKO DRUŠTVO VEDRA NOTA IZ ZAGREBA;9600.00;5;0.00
sve;71425913723;FOLKLORNA SKUPINA KOLO;9600.00;5;0.00
sve;43137553684;KLUB ZA OBUKU SLUŽBENIH I SPORTSKIH PASA ZAGREBA;9568.00;1;0.00
sve;60602848357;FEHER I JURKOVIĆ DOO;9542.75;4;0.00
sve;97786650388;INFOMART ZAGREB DOO ZA TRGOVINU I USLUGE;9540.00;1;0.00
sve;27101359149;HRVATSKA STRANKA UMIROVLJENIKA;9536.54;4;0.00
sve;74121470605;ZAVOD ZA ISPITIVANJE KVALITETE DOO;9531.25;16;0.00
sve;24849784947;KREATIVNI TISAK D.O.O. ZA TISKANJE I TRGOVINU;9522.34;16;0.00
sve;93202998603;CS ZAGREB DOO ZA SERVIS MOTORNIH VOZILA;9500.00;3;0.00
sve;06395707429;LUX FILM DOO;9500.00;2;0.00
sve;24970545992;UDRUGA ANTIFAŠISTA ZAGREB JUG;9500.00;4;0.00
sve;26584670375;DRUŠTVO SPORTSKE REKREAC.CENTAR ZA SPORT I REKREAC.ZAGREB;9500.00;2;0.00
sve;24402228894;UDD UDRUGA ZA DEMOKRATSKO DRUŠTVO;9495.00;2;0.00
sve;29656428299;CONOS DRUŠTVO DOO;9490.00;9;0.00
sve;86666837622;GEMARK GGA JDOO ZA GEODETSKE USLUGE I SAVJETOVANJE;9467.19;3;0.00
sve;17095040599;KLAPA SAGENA;9450.00;5;0.00
sve;61520657790;ODVJETNIČKO DRUŠTVO GRAHOVAC I PARTNERI DOO;9436.12;2;0.00
sve;46848215919;MATINS DOO ZA TRGOVINU I USLUGE;9407.17;4;0.00
sve;47782921095;PLEŠIMEDO UDRUGA ZA POKRET SUVREMENI PLES I AUD. VIZ.KOM.;9400.00;3;0.00
sve;97682936766;UDRUGA URANIA;9400.00;4;0.00
sve;85898756579;K.G.V.H. EKO D.O.O.;9382.27;9;0.00
sve;43097527965;SVEUČILIŠTE U ZAGREBU TEKSTILNO TEHNOLOŠKI FAKULTET;9375.00;1;0.00
sve;85924136947;KULTURNO UMJETNIČKO DRUŠTVO PRESLICA;9350.00;7;0.00
sve;14343226338;HRVATSKO KULTURNO DRUŠTVO BRAĆE RADIĆA;9350.00;3;0.00
sve;44376546296;ZAGREBAČKI TENISKI SAVEZ;9324.50;1;0.00
sve;43188926272;NOBIUM D.O.O. ZA SAVJETOVANJE I INŽ. INFORM. I KOM. SUSTAVA;9312.50;2;0.00
sve;42252496579;SLATINSKA BANKA DD;9311.12;32;0.00
sve;41488522238;ETNO NOVA;9300.00;2;0.00
sve;01942351600;MI2 STUDIO DOO ZA PROJEKTIRANJE TRGOVINU I USLUGE;9300.00;2;0.00
sve;12430009417;CENTAR ZA TRADICIJSKA GLAZBALA HRVATSKE;9300.00;5;0.00
sve;01681646554;DRŽAVNA ŠKOLA ZA JAVNU UPRAVU;9292.00;4;0.00
sve;55178657512;BIOTEKA -UDRUGA ZA PROMICANJE BIOLOGIJE I SROD ZNANOSTI;9273.46;2;0.00
sve;29826029812;OPĆINA MOŠĆENIČKA DRAGA;9256.81;29;0.00
sve;85969503819;VETERINARSKA STANICA SESVETE DOO;9250.00;9;0.00
sve;68471124993;TB INSTAL DOO;9250.00;3;0.00
sve;49357416958;MIFKASPORT DOO;9170.00;1;0.00
sve;88080836195;KLAPA CESARICE;9150.00;5;0.00
sve;76504212218;FIT DESIGN DOO;9150.00;3;0.00
sve;92930488094;UMJETNIČKA ORGANIZACIJA TOCHKA STVARANJE HUMANIJE TEHNOSFERE;9150.00;5;0.00
sve;70856244868;BUDIŠ PROMET DOO ZA PROIZVODNJU TRGOVINU I USLUGE;9150.00;3;0.00
sve;90332893585;DOMIN PLIN DOO;9127.11;5;0.00
sve;38972231293;PLANETOPIJA D.O.O.;9100.00;7;0.00
sve;24897252397;KLAPA ĆAKULONE;9100.00;5;0.00
sve;44595119440;KULTURNO UMJETNIČKO DRUŠTVO RESNIK;9100.00;5;0.00
sve;19675952210;VAKON ING DOO;9040.00;8;0.00
sve;68408088216;ZELENA ALTERNATIVA ODRŽIVI RAZVOJ HRVATSKE;9022.30;6;0.00
sve;65414808749;ZELENA LISTA;9022.30;6;0.00
sve;39908510192;SAMOSTALNA DEMOKRATSKA SRPSKA STRANKA;9022.30;6;0.00
sve;04693110183;UMJETNIČKA ORGANIZACIJA MOLD KOLEKTIV;9000.00;3;0.00
sve;50695985390;UMJETNIČKA ORGANIZACIJA ANSAMBL ZA SUVREMENU GLAZBU SEZ;9000.00;1;0.00
sve;07273554923;UMJETNIČKA ORGANIZACIJA ORLANDO;9000.00;2;0.00
sve;68350669446;UDRUGA HRVATSKIH BRANITELJA RH;9000.00;1;0.00
sve;27793440828;KUNA ZLATICA DOO USLUGE;9000.00;3;0.00
sve;09645373033;OPUSGEO DOO ZA PROJEKTIRANJE GRAĐENJE I NADZOR;9000.00;1;0.00
sve;25886673903;PLAYBOX PRODUCTION UDRUGA ZA PROM FILMSKE I VIDEO UMJ;9000.00;2;0.00
sve;04348627628;UMJETNIČKA OGANIZACIJA KADROMAT;9000.00;2;0.00
sve;26576739165;UMJETNIČKA ORGANIZACIJA PEROLAKA UNDERFEATHER;9000.00;2;0.00
sve;67208312465;MEĐUNARODNI CENTAR ZA UMJETNOST;9000.00;1;0.00
sve;64896170875;UDŽBENIK HR D.O.O.;8996.16;10;0.00
sve;84554015070;KUĆA LJUDSKIH PRAVA;8955.00;2;0.00
sve;82807244545;UNICITAS DOO ZA INFORMATIKU I USLUGE;8950.00;15;0.00
sve;58504940708;REA UDRUGA ZA SUVREMENE UMJETNIČKE I ARHITEKT PRODUKCIJE;8950.00;5;0.00
sve;76572111427;ODVJETNIČKO DRUŠTVO VIDMAR I PARTNERI JTD;8947.40;6;0.00
sve;39672837472;SPEKTAR PUTOVANJA D.O.O.;8934.40;10;0.00
sve;51933368655;UDRUGA ZAMISLI;8900.00;2;0.00
sve;75508711169;M.M.BOBAN VINODOL D.O.O.;8871.70;4;0.00
sve;41361529329;ŠTIMRAD D.O.O.;8858.66;48;0.00
sve;60192951611;HRVATSKI LIJEČNIČKI ZBOR;8850.00;5;0.00
sve;86133480720;ROTH I ČERINA DOO;8812.50;1;0.00
sve;74210278662;KOLEKCIONARART DOO ZA TRGOVINU I USLUGE;8800.00;4;0.00
sve;46736017727;JUJNOVIĆ LUČIĆ MARKOVIĆ IVANDIĆ GALIĆ ODVJETNIČKO DR DOO;8792.75;2;0.00
sve;40281654915;HRVATSKA ŠKOLA OUTWARD BOUND;8787.92;3;0.00
sve;22694857747;EUROHERC OSIGURANJE D.D.;8779.40;6;0.00
sve;51998222936;URED OVLAŠTENOG ARHITEKTA MILJENKO BERNFEST JDOO;8750.00;1;0.00
sve;90492126987;ZBIR STUDIO DOO;8709.94;1;0.00
sve;64932576174;SAVEZ UDRUGA ZA AUTIZAM HRVATSKE;8700.00;1;0.00
sve;22586644992;UMJETNIČKA ORGANIZACIJA KUGLI & KUGLI;8700.00;8;0.00
sve;87482973365;GEOALTUS DOOD;8670.93;8;0.00
sve;08196162358;BLOK ZA HRVATSKU;8669.58;4;0.00
sve;71106071678;DINA DOGAN NEZAVISNA LISTA;8669.58;4;0.00
sve;82435880635;HRVATSKA NARODNA STRANKA LIBERALNI DEMOKRATI;8669.58;4;0.00
sve;33780461534;OMG ARHITEKTURA DOO;8625.00;1;0.00
sve;42483025259;ZEGEPEDIA JDOO;8598.75;41;0.00
sve;45858721414;ALEXANDER COMMERCE DOO;8598.14;2;0.00
sve;80739623528;AB GRADNJA DOO;8572.30;1;0.00
sve;08867307839;GEOBIRO AGOTIĆ GEODETSKE USLUGE DOO;8550.00;4;0.00
sve;47332410099;OMF STURCTURAL SOLUTIONS DOO;8500.00;1;0.00
sve;76335880869;TRISTOTROJKA;8500.00;3;0.00
sve;31512675569;UMJETNIČKA ORGANIZACIJA STOJAN STOJANOV GANČEV;8500.00;3;0.00
sve;94095930282;UDRUGA NAJOSJETLJIVIJIH U OSPOSOBLJAVANJU;8500.00;1;0.00
sve;79612787745;AVR DOO;8466.49;5;0.00
sve;62044652408;UMJETNOST KRUHA JDOO ZA USLUGE;8450.00;3;0.00
sve;03070423711;URAGUS CONSULTING DOO;8450.00;4;0.00
sve;38110026192;ZAGREBAČKI ODBOJKAŠKI SAVEZ;8412.20;3;0.00
sve;47020394141;KREATIVNOST UNIKATNOST TEMELJITOST;8400.00;2;0.00
sve;15153806088;BONOBOSTUDIO D.O.O.;8400.00;1;0.00
sve;20718454769;STUDIO BOOM JDOO;8400.00;3;0.00
sve;95287744241;ARHITEKTONSKI STUDIO LULIĆ I PRUGOVEČKI DOO;8400.00;2;0.00
sve;55562638214;CSS D.O.O. ZA KONTROLU KAKVOĆE MATERIJALA;8394.71;1;0.00
sve;08308894711;ESPLANADE OLEANDER DOO;8375.99;4;0.00
sve;95564030843;ŠIMARA DOO;8375.00;1;0.00
sve;00785925350;KOJO DOO;8356.58;13;0.00
sve;99358248190;FIJAKER - UDRUGA ZA PROMICANJE LIK.,DRAM. I GLAZ.AMATERIZMA;8350.00;11;0.00
sve;95770186528;OEL LAETUS D.O.O.;8330.00;5;0.00
sve;68777159447;UDRUGA MINIJATURISTA MAKETARA I IGRAČA AGRAM;8314.65;2;0.00
sve;75508100288;HRVATSKA ZAJEDNICA RAČUNOVOĐA I FINANCIJSKIH DJELATNIKA;8305.00;33;0.00
sve;46494500609;UDRUGA ŽIVOTNA LINIJA;8289.20;5;0.00
sve;06333960811;SAFEGE DOO ZA SAVJETOVANJE;8270.00;2;0.00
sve;22926614320;IVAS GRUPA DOO;8262.38;1;0.00
sve;76663423558;NACIONAL NEWS CORPORATION DOO;8256.79;8;0.00
sve;77141602140;DEKRA CROATIA DOO;8244.91;6;0.00
sve;11342631919;GEOFORMAT D.O.O. ZA USLUGE;8242.26;21;0.00
sve;04285291719;UČILIŠTE APPA;8242.00;20;0.00
sve;72169598754;ADVENTURE SPIRIT DOO;8220.00;1;0.00
sve;21662052207;VICTORIUS GOLD JDOO;8200.00;1;0.00
sve;52838275498;ZAJEDNICA SAVEZA OSOBA S INVALIDITETOM HRVATSKE SOIH;8200.00;2;0.00
sve;07378869839;NOVI VAL D.O.O. ZA GRAFIČKU DJELATNOST I TRGOVINU;8198.03;5;0.00
sve;26093119930;SVEUČILIŠTE U RIJECI EKONOMSKI FAKULTET;8184.73;6;0.00
sve;95655503325;NOVUS GRAPHIC SOLUTIONS DOO;8173.69;6;0.00
sve;91613881793;MONT-RA D.O.O.;8159.36;3;0.00
sve;75374786952;LIDER MEDIA DOO;8137.65;16;0.00
sve;23408153497;ZAGREBAČKO KNJIŽNIČARSKO DRUŠTVO;8100.00;5;0.00
sve;23929584932;BIBRA IZDAVAŠTVO D.O.O.;8100.00;5;0.00
sve;53938954798;ZUB ZBOR UMIROVLJENIKA BOTINEC;8100.00;5;0.00
sve;56441689807;GOSPEL ZBOR SUNCE;8100.00;5;0.00
sve;92616529231;DRUŠTVO ŠPORTSKE REKREACIJE AKTIVAN ŽIVOT;8100.00;4;0.00
sve;89586651042;UDRUGA BOSANSKIH POSAVLJAKA IZVORNI OBIČAJI;8100.00;5;0.00
sve;42928524403;SAVEZ DRUŠTVA MULTIPLE SKLEROZE HRVATSKE;8100.00;1;0.00
sve;97691085062;KULTURNO UMJETNIČKO DRUŠTVO VESELI POSAVLJACI, BIJELO BRDO;8100.00;5;0.00
sve;98717507103;LECTIRUM KAZALIŠNA GRUPA - ZAGREB;8000.00;2;0.00
sve;04793265171;DIORAMA DOO ZA PROJEKTIRANJE I NADZOR;8000.00;2;0.00
sve;82633454316;KUD VALENTINOVO;8000.00;4;0.00
sve;83186494780;ARDENTO DOO ZA SAVJETOVANJE USLGUGE I TRGOVINU;8000.00;1;0.00
sve;23517009631;KULTURNO UMJETNIČKO DRUŠTVO STENJEVEC;8000.00;4;0.00
sve;98175920641;ZANI DOO;8000.00;1;0.00
sve;73886843668;HRVATSKI NACIONALNI ODBOR ZA POVIJESNE ZNANOSTI;8000.00;4;0.00
sve;29683717648;UMJETNIČKA ORGANIZACIJA KADAR;8000.00;2;0.00
sve;14405959093;KAOOOSSS;8000.00;4;0.00
sve;57393465091;UMJETNIČKA ORGANIZACIJA KAZALIŠNA DRUŽINA IZA ZAVJESE;8000.00;4;0.00
sve;87489461440;GLAZBENA UDRUGA MIKROFON STAR;8000.00;1;0.00
sve;86224624633;UDRUGA ZA PROMOVIRANJE ŠPANJOLSKE UMJETNOSTI I KULTURE ALMA;8000.00;6;0.00
sve;50131367394;ORGANIZACIJA MLADIH GLAZBENIKA;8000.00;3;0.00
sve;40965066600;BOLD DOO;7995.94;7;0.00
sve;33664274488;PITCH DOO;7993.75;1;0.00
sve;80771247859;STRUCTURING DOO;7981.35;4;0.00
sve;42585481793;ODVJETNIČKO DRUŠTVO KOVAČIĆ I PINJUH DOO;7973.59;2;0.00
sve;36746895946;UMJETNIČKA ORG  KREATIVNA AUDIOVIZUALNA ASOCIJACIJA;7950.00;4;0.00
sve;17335217356;UDRUGA ZA POMOĆ I EDUKACIJU ŽRTAVA MOBBINGA;7950.00;2;0.00
sve;81889785066;HRVATSKO KNJIŽNIČARSKO DRUŠTVO;7930.00;6;0.00
sve;21789069512;MATMETAL SISTEM D.O.O. ZA TRGOVINU PROIZVODNJU USL. I GRADIT;7911.63;2;0.00
sve;27724964337;SESVETE DANAS JDOO;7907.80;1;0.00
sve;53274205079;UDRUGA OSOBA S AMPUTACIJOM UDOVA GRADA ZAGREBA I ZAGR ŽUP;7900.00;1;0.00
sve;38627221736;UDRUGA ZA POPULARIZACIJU HRVATSKOG STRIPA ART 9;7900.00;5;0.00
sve;97517626928;KATOLIČKA UDRUGA KAP DOBROTE;7900.00;1;0.00
sve;07699719217;SVEUČILIŠTE U ZAGREBU FAKULTET ŠUMARSTVA I DRVNE TEHNOLOGIJE;7877.03;13;0.00
sve;61238079664;ANIĆ HOLDING PLUS DOO;7866.06;3;0.00
sve;72530753241;VASCOM D.O.O. ZA TRGOVINU, PROIZVODNJU I USLUGE;7850.00;4;0.00
sve;15010412564;BOĆARSKI KLUB ZRINJEVAC;7812.50;1;0.00
sve;17504997569;PINOKIO KLUB ZA DJECU;7800.00;7;0.00
sve;35225012863;UDRUGA ANTIFAŠISTIČKIH BORACA I ANTIFAŠISTA TREŠNJEVKA;7800.00;3;0.00
sve;54955325275;JAF ING PROJEKT DOO;7800.00;12;0.00
sve;32151512413;HILARION DRUŠTVO ZA PROMICANJE GLAZBE PLESA I GL-SC UMJET;7800.00;3;0.00
sve;68769975788;ZAGREBAČKI KOTURALJKAŠKI SAVEZ;7795.00;1;0.00
sve;35635954759;UDRUGA STUDENATA POLITIČKIH ZBANOSTI - HRVATSKA;7751.24;1;0.00
sve;75041691087;TERMO PLAMEN DOO;7750.00;3;0.00
sve;62969535840;BAČELIĆ DOO;7720.07;3;0.00
sve;55162033231;IZVAN FOKUSA DOO;7700.00;1;0.00
sve;91501710073;UDRUGA ODRED IZVIĐAČA MP;7692.91;1;0.00
sve;03477599603;ODVJETNIČKI URED MARKO KOLANOVIĆ;7679.85;1;0.00
sve;54926199502;HRVATSKA UDRUGA ZA RAVNOPRAVNO RODITELJSTVO;7667.00;2;0.00
sve;35185002680;HRVATSKA UDRUGA ZA EPILEPSIJU;7650.00;2;0.00
sve;23702973336;AKING D.O.O.;7625.77;3;0.00
sve;50403582161;CENTAR ZA PRIMJENU INTEGRIRANOG ZNANJA ANZIP;7610.00;6;0.00
sve;23980633852;VE RON DOO ZA IZRADU I KREIRANJE REKLAMA NATPISA I TISAK;7599.50;5;0.00
sve;43627327416;MACHINERY WAY JDOO;7580.00;3;0.00
sve;05422306827;ARTRESOR NAKLADA D.O.O. ZA IZDAVAČKU DJ.,GRAFIČKO I LIK. OB.;7560.00;6;0.00
sve;11286821452;PAVLE KALINIĆ NEZAVISNA LISTA;7550.00;2;0.00
sve;80316929070;KULTURNO UMJETNIČKO DRUŠTVO NIKOLA TESLA;7550.00;6;0.00
sve;22938688079;AG PROJEKT DOO;7525.90;9;0.00
sve;68205802695;SINDIKAT UMIROVLJENIKA HRVATSKE;7525.00;6;0.00
sve;44773162071;PANO ARHITEKTURA DOO;7511.00;1;0.00
sve;12175908497;KUNST TEATAR;7500.00;5;0.00
sve;78350077391;HRVATSKA LIGA PROTIV RAKA;7500.00;6;0.00
sve;80265403319;INSTITUT ZA MIGRACIJE I NARODNOSTI;7500.00;1;0.00
sve;18965816268;SUPERNORMAL DOO;7500.00;1;0.00
sve;35359755966;ENVY DOO ZA USLUGE;7500.00;1;0.00
sve;15444007875;UMJETNIČKA ORGANIZACIJA OVA;7500.00;4;0.00
sve;74197399318;UDRUGA SPECIJALNE POLICIJE IZ DOMOVINSKOG RATA RH;7500.00;3;0.00
sve;64075568837;BUDIŠ MONT DOO;7500.00;4;0.00
sve;57314858379;HRVATSKA UDRUGA PČELARA PČELINJAK;7490.63;2;0.00
sve;02952816979;GLAZBENI CENTAR PAPANDOPULINE;7400.00;5;0.00
sve;26730147815;UDRUGA PRIJATELJA HRVATSKIH BOŽIĆNIH JASLICA;7400.00;6;0.00
sve;07033057465;KULTURA FUTURA UDRUGA UMJETNIKA NOVOG DOBA;7400.00;2;0.00
sve;33824126854;PAGO COM D.O.O.;7392.90;7;0.00
sve;74145480771;B2B GLOBAL DOO;7378.40;1;0.00
sve;36024866487;UDRUŽENJE ZA MEDIJSKU DEMOKRACIJU;7370.70;1;0.00
sve;23366802564;PROSVJETA D.O.O.;7369.74;8;0.00
sve;94694539623;KUDUMIJA DOO;7362.50;1;0.00
sve;52587485227;G2O DOO;7350.00;5;0.00
sve;14031273025;AUTOELEKTRIKA VOKIĆ DOO;7350.00;3;0.00
sve;08955800596;CERANEO CENTAR ZA RAZVOJ NEPROFITNIH ORGANIZACIJA;7317.00;2;0.00
sve;15253285360;SRETNO SRCE JDDO ZA USLUGE;7315.50;9;0.00
sve;79446233150;MEĐUNARODNA ZRAČNA LUKA ZAGREB DD;7302.90;12;0.00
sve;83813422808;ALIANSA ASE DOO;7300.00;1;0.00
sve;65109082459;CENTRUM STAN DOO;7295.37;3;0.00
sve;73413591922;JURJEVIĆ LJILJANA;7291.94;2;0.00
sve;40427782294;TEMPUS REGULA JDOO;7282.50;6;0.00
sve;85986018932;HRVATSKA KOMORA ARHITEKATA;7280.00;1;0.00
sve;06217712974;SALESIANA D.O.O.;7276.64;2;0.00
sve;24080133210;KEY PROJEKT DOO;7250.00;1;0.00
sve;61497032881;IVERART INTERIJERI DOO;7250.00;2;0.00
sve;36974788949;TELEGRAM MEDIA GRUPA D.O.O.ZA IZDAVAŠTVO I PRUŽANJE INT.USL.;7242.32;9;0.00
sve;36856583241;ADRIATIC ZAGREB FACTORING D.O.O.;7205.58;1;0.00
sve;19383246503;PALIR DOO;7200.00;2;0.00
sve;12500690762;LIBRICON D.O.O. ZA NAKLADNIŠTVO TRGOVINU TURIZAM I USLGE;7200.00;5;0.00
sve;75831220081;PRIMIUM DOO;7152.00;4;0.00
sve;12695233727;KLAPA BOŠKET;7150.00;7;0.00
sve;37936288471;SKD PROSVJETA;7150.00;5;0.00
sve;60640803807;POZOR D.O.O. ZA PROIZVODNJU, TRGOVINU I USLUGE;7134.00;1;0.00
sve;93462267870;CENTAR AKCIJA DOO;7126.29;10;0.00
sve;07749254015;HRVATSKA MREŽA PROTIV SIROMAŠTVA;7097.00;2;0.00
sve;26381019192;ZONA SOVA DOO ZA TRGOVINU I USLUGE;7000.00;1;0.00
sve;44712439481;LUDA KUĆA DOO;7000.00;1;0.00
sve;01829139876;BETON UDURGA ZA OSNAŽIVANJE LOKALNE ZAJEDNICE;7000.00;1;0.00
sve;89604041825;MONE SALE DOO;7000.00;1;0.00
sve;63324109596;HRVATSKI HELSINŠKI ODBOR ZA LJUDSKA PRAVA;7000.00;1;0.00
sve;33073355651;UD. SUDACA ZA MLADEŽ, OB. SUDACA I STRUČNJAKA ZA DJECU I ML.;7000.00;1;0.00
sve;60721095143;POSAVSKI ZAVIČAJNI KLUB DERVENTSKO KOLO;7000.00;4;0.00
sve;67380110207;MA3X SAVJETOVANJE DOO;7000.00;1;0.00
sve;94733545899;DNEVNI CENTAR ZA REHABILITACIJU I RADNU TERAPIJU EGIDA;7000.00;1;0.00
sve;49776278191;MOBILITA EVOLVA DOO;7000.00;2;0.00
sve;11614841693;KOŠARKAŠKI KLUB INVALIDA ZAGREB;7000.00;2;0.00
sve;01287108824;UDRUGA SLAVONSKA RAPSODIJA;7000.00;2;0.00
sve;03189734311;HRVATSKA BRATOVŠTINA BOKELJSKA MORNARICA 809;7000.00;2;0.00
sve;13965170689;ACCURO SISTEMI DOO ZA ZAŠTITU OD POŽARA;6996.25;1;0.00
sve;76844168802;HRVATSKI ZAVOD ZA NORME;6981.74;5;0.00
sve;18777611506;DOBROVOLJNO VATROGASNO DRUŠTVO BRANOVEC;6967.80;32;0.00
sve;72910430276;MINISTARSTVO PRAVOSUĐA, UPRAVE I DIGITALNE TRANSFORMACIJE;6951.54;246;0.00
sve;69188383192;TODING D.O.O.;6950.00;4;0.00
sve;09758463513;GIFTICO DOO;6917.09;4;0.00
sve;10073644499;CADCOM D.O.O.;6900.00;1;0.00
sve;15058579538;UMJETNIČKA ORGANIZACIJA OS;6900.00;3;0.00
sve;92014037503;KLAPA DIŠPET;6900.00;5;0.00
sve;50542907850;EKSPERT D.O.O.;6899.30;2;0.00
sve;84873085315;HRVATSKI SAVEZ ZA RIJETKE BOLESTI;6895.00;4;0.00
sve;34305173217;ORGANIZACIJSKI SISTEMI D.O.O.;6875.00;1;0.00
sve;74228338976;AVITEH DOO;6871.24;11;0.00
sve;20018217209;GREEN ALLIANCE JDOO;6870.00;1;0.00
sve;41387373932;HRVATSKA IZVJEŠTAJNA NOVINSKA AGENCIJA;6858.75;13;0.00
sve;35996579016;MJEŠOVITI PJEVAČKI ZBOR VIVA LA MUSICA;6850.00;6;0.00
sve;43767699965;PRAVNI FAKULTET RIJEKA;6850.00;7;0.00
sve;19747397410;ALFA PRINT DOO;6840.00;3;0.00
sve;98475092745;IMAG MEDICAL DOO ZA TRGOVINU I USLUGE;6812.50;1;0.00
sve;68755209479;CROETHNO - UDRUGA ZA OČUVANJE HRVATSKE KULTURNE BAŠTINE;6800.00;3;0.00
sve;57467647644;FRIZER ZA MUŠKARCE FRANZ VL. JADRANKA PIPIĆ;6800.00;3;0.00
sve;70775904615;PODOVI GRDIĆ DOO;6800.00;3;0.00
sve;87297014856;OPĆINSKI SUD U NOVOM ZAGREBU;6794.99;56;0.00
sve;59144355254;BRAGRAD D.O.O.;6760.00;4;0.00
sve;54793730035;GEOTEHNIKA DOO;6760.00;1;0.00
sve;12048053087;ELEKTRO JAKLIĆ DOO;6750.00;2;0.00
sve;35649512672;NI AL DOO;6750.00;2;0.00
sve;04135050210;TEKLA VRATA D.O.O.;6750.00;2;0.00
sve;79730915138;ŽIDOVSKA OPĆINA ZAGREB;6700.00;5;0.00
sve;67954838169;ADAKOPROJEKT DOO;6700.00;4;0.00
sve;65723536010;ISTARSKA KREDITNA BANKA UMAG D.D.;6676.94;32;0.00
sve;13930015582;COLLEGIUM HERGEŠIĆ ODEON ZAGREB TRIBINA ZA KULTURU I ZNANOST;6672.00;9;0.00
sve;06912741114;ZAGREBAČKO DIJABETIČKO DRUŠTVO;6650.00;2;0.00
sve;73073299425;LAUF SPORT LAB DOO;6625.94;9;0.00
sve;67390842610;MAŠINOPROJEKT D.O.O.;6622.03;4;0.00
sve;27906908289;ZELENA MREŽA AKTIVISTIČKIH GRUPA Z M A G;6620.00;4;0.00
sve;68029966827;A.K.  ASPECTO GRUPA;6600.00;3;0.00
sve;74660554650;MONT GAS DOO;6600.00;3;0.00
sve;17472744826;DINA DANI JDOO;6600.00;3;0.00
sve;15174449786;SLIDE JDOO;6600.00;2;0.00
sve;07745405949;KULTURNO UMJETNIČKO DRUŠTVO KUPINEČKI KRALJEVEC;6600.00;4;0.00
sve;54725896068;STUDIO NINA DOO;6600.00;3;0.00
sve;76848674009;TEHNOEKSPERT TIM D.O.O.;6588.75;5;0.00
sve;58902407978;PROJEKTOR;6550.00;2;0.00
sve;12526979697;OKUD TREŠNJEVKA;6550.00;7;0.00
sve;92580713730;FRANAK - UDRUGA ZA ZAŠT POTROŠAČA KORISNIKA FINANC USL;6547.00;3;0.00
sve;77794968587;PROJEKTNI BIRO P45 D.O.O.;6540.50;2;0.00
sve;93840540521;KLUB SAMOGRADNJE ZRAKOPLOVA CROATIA;6500.00;3;0.00
sve;26695166376;HOKUD SLOBODA;6500.00;4;0.00
sve;45874076362;GRAĐEVINSKA LIMARIJA VL MLADEN PUČEK;6500.00;2;0.00
sve;19542807608;SALON TEREZA DOO;6500.00;3;0.00
sve;60337982979;KLUB VETERANA 148. BRIGADE HRVATSKE VOJSKE ZAGREB - TRNJE;6500.00;2;0.00
sve;62862237866;HRVATSKI SAVEZ GLUHIH I NAGLUHIH;6500.00;1;0.00
sve;12122170606;UDRUGA  ZA ZAŠT ŽIVOTINJA PRIRODE I DRUŠTVA SRETNO DVORIŠTE;6490.63;2;0.00
sve;64443113506;PROJEKTNA INTELIGENCIJA DOO;6476.54;2;0.00
sve;63765012512;UDRUGA JEDNA NOVA PORUKA;6450.00;5;0.00
sve;77002614699;ELEKTRO CECIĆ DOO ZA GRADITELJSTVO I USLUGE;6431.54;2;0.00
sve;33679708526;SECURITAS HRVATSKA DOO;6425.00;2;0.00
sve;13312298181;UDRUGA PODUZETNI;6415.49;1;0.00
sve;97140949818;KULTURNO UMJETNIČKO DRUŠTVO ŽUMBERČANI;6400.00;5;0.00
sve;88549046490;UDRUGA HRVATSKIH TROMBONISTA I TUBISTA BUSINA;6400.00;2;0.00
sve;08728770422;UDRUGA ŽELJEZNIČARA SLIKARA PLAVO SVJETLO ZAGREB;6400.00;3;0.00
sve;22814475372;UDRUGA POKRET;6400.00;5;0.00
sve;50826171599;DRUŠTVO SPORTSKE REKREACIJE DJEČJI KUTAK;6397.00;1;0.00
sve;57895779057;GRAFING A D.O.O.;6375.00;2;0.00
sve;58910952152;PALIJAN DOO;6375.00;2;0.00
sve;58625644370;Z EVENTI & PROMOCIJA JDOO ZA USLUGE;6367.05;1;0.00
sve;01703143622;LUNA OČNA OPTIKA DOO ZA USLUGE I TRGOVINU;6350.00;2;0.00
sve;20214024299;MAKPROMET DOO;6350.00;3;0.00
sve;67059762418;MITROINSTALACIJE JDOO;6350.00;3;0.00
sve;33157256184;PODOVI AGRAM DOO;6350.00;3;0.00
sve;35909842074;AL TEH DOO;6332.48;3;0.00
sve;61799838217;3D2D ANIMATORI D.O.O. ZA PROIZVODNJU I PROMET AUDIOV.DJELA;6300.00;1;0.00
sve;98809226009;PLESNA KOMPANIJA MASA;6300.00;3;0.00
sve;96034163382;KSIVAS DOO;6300.00;3;0.00
sve;86685688913;UMJETNIČKA ORGANIZACIJA PROVINCIJA;6300.00;1;0.00
sve;46102786248;ORGANIZATOR D.O.O.;6274.23;20;0.00
sve;48856791266;KLUB DJEČJEG FITNESSA DANCE ACADEMY;6265.00;1;0.00
sve;79472106149;GRADING PROJEKT DOO;6250.00;1;0.00
sve;83023658143;TIHOMIR DOO;6250.00;2;0.00
sve;76039646315;UNIGRAV DOO TRGOVINA PROIZVODNJA I USLUGE;6250.00;2;0.00
sve;40496849081;ZEBAU D.O.O.;6250.00;2;0.00
sve;51316917671;BOYS AND GIRLS DOO ZA USLUGE;6250.00;3;0.00
sve;67731157773;FLUVIUS DOO;6246.00;1;0.00
sve;06907657180;EUROINSPEKT EUROTEXTIL DOO;6243.75;1;0.00
sve;83442273157;ZAVOD ZA UNAPREĐIVANJE SIGURNOSTI D.D.;6237.50;1;0.00
sve;83718300522;TIM4PIN D.O.O. ZA SAVJETOVANJE;6221.00;17;0.00
sve;41689206789;MAKETARSKI I MODELARSKI KLUB SAVICA;6212.41;3;0.00
sve;64390466547;WOODLAND OBRT ZA USLUGE VL IVANA ŽERDIN ŠARAN;6212.17;6;0.00
sve;65730285466;JUTRO POEZIJE;6200.00;9;0.00
sve;46118426168;HDO - HRVATSKO DRUŠTVO ODRŽAVATELJA;6200.00;4;0.00
sve;76080865307;OTIS DIZALA D.O.O.;6195.15;36;0.00
sve;29771009387;GEA D DOO;6187.50;1;0.00
sve;98114286676;GREETHINGS DOO;6186.00;1;0.00
sve;86696312393;GEOEXPERT GTB DOO;6184.88;2;0.00
sve;55893106593;VIS SOLUTIONSDOO ZA USLUGE;6182.82;1;0.00
sve;87125834571;HRVATSKO GEODETSKO DRUŠTVO;6180.00;5;0.00
sve;29091031016;LEPTIR-BITI DOO;6173.00;6;0.00
sve;22388062345;PROMO SPOT DOO;6150.31;2;0.00
sve;43952000920;UMJETNIČKA ORGANIZACIJA SHOOMA;6150.00;3;0.00
sve;05602695082;ZAGREBAČKI VERGL;6130.00;6;0.00
sve;98195916283;ZIB GT GRADNJA DOO ZA GRADITELJSTVO I USLUGE;6127.50;4;0.00
sve;26104884616;ATV ELECTRONIC DOO;6125.00;1;0.00
sve;17752214186;POSLOVNA SIGURNOST DOO;6125.00;1;0.00
sve;69466905498;FITING PROJEKT DOO;6125.00;1;0.00
sve;99378970678;EXPERTPLAN DOO;6125.00;1;0.00
sve;45516696263;LINDEN PARK CONSULTING DOO ZA SAVJETOVANJE;6125.00;1;0.00
sve;53855410149;EXPERIENTIA DOO;6103.08;22;0.00
sve;78925487717;HRVATSKI AUTORSKI STRIP;6100.00;5;0.00
sve;20161637541;UDRUGA ZA PROMICANJE OBLIKOVANJA I UMJETNOSTI;6100.00;3;0.00
sve;71794600944;FRANCUSKA ALIJANSA ZAGREB;6090.00;1;0.00
sve;08106331075;KARLOVAČKA BANKA KARLOVAC;6089.50;32;0.00
sve;57942802146;DRUŠTVO UMJETNIKA SUVREMENOG CIRKUSA;6070.00;5;0.00
sve;14560509960;ZELENA VRIJEŽA D.O.O. ZA UZGOJ JAGODA;6043.48;2;0.00
sve;94199493045;SOLUS DOO ZA TRGOVINU I USLUGE;6021.26;1;0.00
sve;15525494932;AUTO HABEK SERVIS DOO;6000.00;3;0.00
sve;09362691173;PLINOSERVIS DŽAMBO JDOO;6000.00;3;0.00
sve;32153849835;DESPRO METAL DOO ZA TRGOVINU I USLUGE;6000.00;2;0.00
sve;21659320513;OGNJIŠTE NAKLADNA ZADRUGA;6000.00;5;0.00
sve;52923763846;SEKCIJA UDRUGE HR DRAGOVOLJACA DOMOVINSKOG RATA ZA EKOLOGIJU;6000.00;4;0.00
sve;44622295635;HRVATSKA UDRUGA ARS ORGANI SISCIAE;6000.00;6;0.00
sve;80125497364;UMJETNIČKA ORGANIZACIJA HEFERER ZA ORGULJE I OST UMJ INSTRUM;6000.00;1;0.00
sve;10343474075;UDRUGA ZA PROMICANJE RADNIH POTENCIJALA RADIT;6000.00;1;0.00
sve;05457900630;COGITO;6000.00;4;0.00
sve;69936331413;PRIREDBA DOO ZA PRODUKCIJU I USLUGE;6000.00;2;0.00
sve;87539671553;STANDARD ODRŽAVANJE D.O.O. ZA UPRAVLJANJE ZGRADAMA I OD.ZG.;6000.00;1;0.00
sve;88708501458;JELENČIĆ I PRGOMET DOO;5981.18;2;0.00
sve;39147751117;ONTOS DOO;5960.00;12;0.00
sve;89590457169;HAMAPHARM DOO;5950.30;1;0.00
sve;98019312130;PROJEKT DOMOVINA;5950.00;3;0.00
sve;89477585273;UDRUGA ZA ZAŠTITU I PROMICANJE MENTALNOG ZDRAVLJA SVITANJE;5950.00;2;0.00
sve;09032023114;VELEUČILIŠTE VELIKA GORICA;5944.13;17;0.00
sve;75164980044;HRVATSKA MLJEKARSKA UDRUGA;5940.00;2;0.00
sve;85366073124;BAZINGA PROJEKT DOO ZA TRGOVINU I USLUGE;5910.00;3;0.00
sve;68580945674;TERRA TENT DOO;5903.75;5;0.00
sve;71594920196;ARGJEND D.O.O.;5900.00;2;0.00
sve;80490106348;ODRED IZVIĐAČA MAĐARA ZRINYI MIKLOS;5895.72;1;0.00
sve;97681940739;MOJO POWER SOUTHEAST EUROPE DOO;5873.38;2;0.00
sve;72405427313;NUBIS ECO DOO;5870.00;1;0.00
sve;15718789803;INŽENJERING GRADNJA DOO;5863.03;1;0.00
sve;86648038250;ILIRIC-EKO D.O.O. ZA USLUGE;5837.50;10;0.00
sve;17741185288;GEOLEVEL DOO;5805.63;2;0.00
sve;75967310293;ŠTETIĆ JDOO ZA GRADITELJSTVO I USLUGE;5800.00;1;0.00
sve;76262593640;INSTITUT ZA STEM EDUKACIJU I AFTERSCHOOL PROGRAME;5800.00;6;0.00
sve;67349852816;ALING DOO;5767.15;10;0.00
sve;26424834057;CORTO LITERARY DOO;5750.00;10;0.00
sve;55617496447;DONPROGRAM DOO ZA PROIZVODNJU TRGOVINU I USLUGE;5750.00;2;0.00
sve;85323749202;HUDEC PLAN D.O.O.;5707.09;4;0.00
sve;41440899296;HRVATSKO DRUŠTVO ZA PREVENCIJU MOŽDANOG UDARA;5700.00;2;0.00
sve;46900012019;ECO BUILDING DESIGN DOO ZA USLUGE;5700.00;1;0.00
sve;44004110923;ING CTRL DOO;5675.00;3;0.00
sve;52639870872;TRGO LEPTIR D.O.O.;5660.50;1;0.00
sve;99965974590;ARANEA TOYS DOO;5647.50;1;0.00
sve;11578972258;E TOURS DOO PUTNIČKA AGENCIJA;5635.44;10;0.00
sve;83146278913;TSE TRAFFIC PLANNING DOO;5625.00;1;0.00
sve;65512015046;GEOSOFT DOO;5625.00;1;0.00
sve;30073369248;CON VES SERVICES DOOZA USLUGE SAVJETOVANJE I PROMIDŽBU;5620.00;2;0.00
sve;50648199131;HOOKUP DOO;5611.45;1;0.00
sve;35912685868;EDICIJE BOŽIČEVIĆ D.O.O.;5600.00;1;0.00
sve;75343690333;CROL UDRUGA ZA MEDIJSKI AKTIVIZAM;5600.00;1;0.00
sve;12074393974;BICIKLISTIČKI KLUB DINAMO;5588.10;1;0.00
sve;04983288258;LJUBAV NA DJELU UDRUGA RODITELJA DJECE OBOLJELE OD MAL.BOL.;5550.00;2;0.00
sve;53656152979;MM BOBAN BOBAN DOO;5525.55;6;0.00
sve;37239095357;IMPERIJA DOO;5510.63;3;0.00
sve;66423214182;AUTO SERVIS FALETAR JDOO;5500.00;3;0.00
sve;01168533815;ISTRAŽIVAČKI CENTAR MLADIH;5500.00;3;0.00
sve;59839501678;SIVA ZONA PROSTOR SUVREMENE MEDIJSKE UMJETNOSTI;5500.00;4;0.00
sve;38797801412;DALIJA OBRT ZA FRIZERSKE USLUGE VL DALIJA MUŽENIĆ;5500.00;3;0.00
sve;25556000063;ANICET D.O.O. ZA GRADNJU;5500.00;2;0.00
sve;50569813329;TOČKA NA I MEDIA DOO;5467.70;1;0.00
sve;42546566411;HUPTA;5450.00;2;0.00
sve;26488705836;BRODOTO;5450.00;3;0.00
sve;27485418925;MAK TEATAR D.O.O. ZA USLUGE;5450.00;7;0.00
sve;00716188635;ELECTRO ADRIA DOO;5450.00;2;0.00
sve;49090687055;INSTALACIJE DENČIĆ DOO;5450.00;3;0.00
sve;58158331844;DIVERTIMENTO - STUDIO POVIJESNOG PLESA;5450.00;3;0.00
sve;65839790120;URED OIG MIRKO LEŽ;5437.50;1;0.00
sve;82618932537;KOSTANJEVEC DIMOVODNI SUSTAVI DOO;5432.94;3;0.00
sve;49483564012;MUZEJI IVANA MEŠTROVIĆA;5430.00;4;0.00
sve;09648613435;ĆIRILO METODOV KOR;5400.00;3;0.00
sve;58758237215;UDRUGA BOJNA FRANKOPAN;5400.00;3;0.00
sve;39522365390;FOTO ART DOO ZA USLUGE;5400.00;2;0.00
sve;22240978017;CENTAR INKLUZIVNE POTPORE IDEM;5400.00;1;0.00
sve;82787964007;UDRUGA ZA PSIHOSOCIJALNU POMOĆ SUSRET;5400.00;2;0.00
sve;36201212847;VALAMAR RIVIERA DD;5388.00;5;0.00
sve;64308723629;INSTAR CENTER DOO;5366.89;6;0.00
sve;29446181023;KUĆNI KOLEKTIV;5350.00;4;0.00
sve;64574299929;SALUSVITA JDOO;5350.00;3;0.00
sve;72279574855;PROENTARIS DOO;5340.10;2;0.00
sve;00388148920;IMAGINE PLATFORMA ZA KREATIVNOST DOO;5339.50;2;0.00
sve;24533297794;VOX KOMUNIKACIJE DOO;5334.93;2;0.00
sve;09359169022;STEČAJNA MASA EMIK DOO;5321.34;1;0.00
sve;36184065942;PLAVA STOLICA DOO;5308.91;1;0.00
sve;10619036549;HEDERA KERAMIKA D.O.O.;5300.00;2;0.00
sve;14886696910;UDRUGA ŽENA OBOLJELIH OD ENDOMETRIOZE JA SAM 1 OD 10;5300.00;2;0.00
sve;47977930458;UDRUGA ŽENA TRANSFEM;5300.00;1;0.00
sve;18890872018;HRVATSKI SAVEZ UDRUGA INVALIDA RADA;5300.00;2;0.00
sve;79296527572;INSTITUT ZA GASTROENTEROLOŠKE TUMORE IGET;5300.00;2;0.00
sve;16898154957;UDRUGA ZA EDUKACIJU DIJAGNOSTIKU I PSOHOTERAPIJU;5300.00;2;0.00
sve;81567712494;UDRUGA ZA PROMICANJE ZDRAVOG ŽIVOTA I POBOLJ. KVAL. ŽIV. LUČ;5300.00;1;0.00
sve;41910720462;LERA ROVINJ DOO;5282.00;3;0.00
sve;82274415076;AGRO MART DOO ZA INT VETERINARSKE DJEL I TRGOVINU;5275.00;11;0.00
sve;84210581427;TRGOCENTAR D.O.O.;5267.77;65;0.00
sve;09438013402;MAŽORETKINJE GRADA ZAGREBA;5261.90;1;0.00
sve;61734305909;GRADSKI OGRANAK UHDR GRADA ZAPREŠIĆA;5250.00;1;0.00
sve;44968486612;GLJIVARSKO DRUŠTVO KAMILO BLAGAIĆ;5250.00;2;0.00
sve;40981620143;L E S T DOO ZA USLUGE I TRGOVINU;5250.00;2;0.00
sve;57658890584;VITA DERM DOO ZA TRGOVINU I USLUGE;5250.00;2;0.00
sve;27033952207;AUTOCENTAR VRBOVEC D.O.O.;5246.00;58;0.00
sve;86813677256;VETERINARSKA STANICA GRADA ZAGREBA DOO;5225.00;14;0.00
sve;02484906651;PRVI GLAS DOO ZA MARKETING I TRGOVINU;5200.00;2;0.00
sve;33706439962;DRŽAVNI INSPEKTORAT;5138.67;3;0.00
sve;75665455333;UNIQA OSIGURANJE D.D.;5133.96;7;0.00
sve;65029395487;UDRUGA SLOBODNI FILOZOFSKI;5120.00;1;0.00
sve;70303022709;DIDACTA ADVANCE DOO;5119.39;3;0.00
sve;43155769851;KULTURNO UMJETNIČKO DRUŠTVO SIJAČ LUČKO;5100.00;3;0.00
sve;44469728480;HKA OKVIR DOO;5100.00;3;0.00
sve;33180905151;KUD PRIGORSKI ZDENEC;5100.00;3;0.00
sve;25636487090;AUKCIJSKA KUĆA KONTURA D.O.O. ZA PROMET UMJET. I ANTIKVIT.;5100.00;3;0.00
sve;64290907751;SF IUS SOCIJALNI RUB ZANIMLJIVE NEISPRIČANE PRIČE;5100.00;3;0.00
sve;05576328168;DISTRIKT PLUS DOO;5091.50;5;0.00
sve;28038034611;BB STRUCTURALIS DOO;5065.45;2;0.00
sve;43491809203;INOX FRIGO DOO;5062.50;1;0.00
sve;42928215389;IP ARHITEKTI JDOO;5051.55;1;0.00
sve;72931567836;OPĆINSKI SUD SESVETE;5047.99;71;0.00
sve;86825795303;DEBRAKO DOO;5008.55;1;0.00
sve;38033380162;PRIMO MERITUM D.O.O.;5000.00;2;0.00
sve;51493768357;FANTASTIČNO DOBRA INSTITUCIJA FADE IN DOO;5000.00;2;0.00
sve;65972242968;MAČKA USLUGE DOO;5000.00;2;0.00
sve;71041225414;PJEVAČKI ZBOR ZAGREBAČKI DJEČACI;5000.00;4;0.00
sve;50921171482;RENKO DOO ZA POSLOVNE USLUGE;5000.00;2;0.00
sve;68250100951;HRVATSKO NOVINARSKO DRUŠTVO;5000.00;2;0.00
sve;47851910669;UDRUGA ZA RAD S DJECOM ČAROBNJAK;5000.00;2;0.00
sve;68596604054;HRVATSKO DRUŠTVO ZA ROBOTIKU;5000.00;3;0.00
sve;72383284772;CENTAR ZA ŠUMSKU PEDAGOGIJU SILVA.REI;5000.00;1;0.00
sve;14735515967;LOVAČKO DRUŠTVO ZA UZGOJ ZAŠTITU LOV DIVLJ. I EKOL.DOBRA KOB;5000.00;2;0.00
sve;35152330571;JORDANOVAC REKLAMNI PROIZVODI DOO;5000.00;1;0.00
sve;66709579680;GLAZBENO SCENSKI ANSAMBL MEDELEY TEATAR;5000.00;1;0.00
sve;81147660145;UMJETNIČKA ORGANIZACIJA KINOTTES;5000.00;2;0.00
sve;23956650938;DENMAR PROM D.O.O.;5000.00;2;0.00
sve;01681996716;MEDIA DESK DOO ZA MEDIJSKE USLUGE;5000.00;1;0.00
sve;87361429996;FILMSKA UDRUGA ŠUMA;5000.00;2;0.00
sve;24972692585;FOTO ZAGREB OBRT ZA FOTOGRAF USLUGE VL MARKO KOSTANJEVEC;5000.00;3;0.00
sve;93831451475;HRVATSKA UDRUGA ZAŠTITNIKA ŽIVOTINJA NOINA ARKA;5000.00;2;0.00
sve;29605303291;HRVATSKI SAVEZ UDRUGA CEREBRALNE I DJEČJE PARALIZE;5000.00;2;0.00
sve;19123068224;UVOJAK LJEPOTE JDOO ZA USLUGE;5000.00;2;0.00
sve;74045418746;UMJETNIČKA ORGANIZACIJA TVORNICA ANTIHITOVA;5000.00;1;0.00
sve;72652572169;ASN GEO DOO PROJEKTIRANJE I NADZOR GEOTEHNIČKIH KONST;5000.00;1;0.00
sve;13425322985;JEDNA TOČKA JDOO;5000.00;1;0.00
sve;52681569791;FAB DOO;5000.00;2;0.00
sve;87965978210;AGEMA CENTAR DOO;4999.00;1;0.00
sve;98611931145;ECO PROJEKT DOO;4987.50;1;0.00
sve;99297802584;DV ŠLAPICA;4986.04;20;0.00
sve;13082356607;OPTING DOO;4984.00;1;0.00
sve;49026633125;POLET DOO;4980.00;3;0.00
sve;44479943636;FRIZERSKI SALON LARISA VL. AMELA PEJKOVIĆ;4950.00;2;0.00
sve;17914258646;HRVATSKO DRUŠTVO ZA GAJENJE LOVA I RIBARSTVA;4936.82;1;0.00
sve;49155859202;QUEER SPORT UDRUGA ZA SPORT I ZDRAVLJE;4918.65;1;0.00
sve;61436608168;BKS BANK D.D.;4906.24;32;0.00
sve;37878365823;HRVATSKI ČASNIČKI ZBOR GRADA ZAGREBA;4900.00;2;0.00
sve;97727378159;KAZALIŠNA DRUŽINA STUDIOCHEKHOV CROATIA;4900.00;1;0.00
sve;54261731161;DESIGN OFFICE DOO;4900.00;3;0.00
sve;01272942926;ŽENSKI VOKALNI SASTAV KORALDE;4900.00;5;0.00
sve;42653355224;PIPSER DOO ZA TRGOVINU I USLUGE;4900.00;1;0.00
sve;49562158135;SEKCIJA UHDDR ZA PROJEKTE I PROGRAME DJECE I MLADIH;4900.00;1;0.00
sve;94716503894;MEDIETETIC DOO;4900.00;1;0.00
sve;09104283167;UDRUGA PRISUTNOST ZAGREB;4867.00;1;0.00
sve;31746375245;DIGITALITY DOO;4860.00;1;0.00
sve;84077835296;HIDRO A DOO;4858.12;2;0.00
sve;46298762996;DJČJI VRTIĆ KORACI;4854.72;13;0.00
sve;27055627860;PLAZZA USLUGE JDOO;4842.00;2;0.00
sve;56193541961;KONFA MEDIA DOO;4830.22;12;0.00
sve;51629932097;A2Z SOLUTIONS DOO;4825.05;1;0.00
sve;64877402698;B2ING DOO;4800.00;1;0.00
sve;36086299082;DIATEH DOO ZA PROIZVODNJU;4800.00;2;0.00
sve;36469556548;HRVATSKA UDRUGA SILENT;4800.00;1;0.00
sve;18216165605;FRIZERSKI SALON TONI 1924 DOO;4800.00;2;0.00
sve;56795510031;XV SAMOSTALNA DRUŽINA IZVIĐAČA TORNADO;4796.20;1;0.00
sve;94443043935;UPI - 2M PLUS D.O.O.;4784.38;8;0.00
sve;75388340974;VISIA DOO;4778.00;1;0.00
sve;70874114894;AUTOKLUB JASTREBARSKO;4777.00;38;0.00
sve;88502209643;ISTO DD U STEČAJU;4767.59;1;0.00
sve;92750937386;ODVJETNIČKO DRUŠTVO EĆIMOVIĆ I KALEB DOO;4765.92;1;0.00
sve;07566023437;STUDIO TINA DOO;4750.00;2;0.00
sve;86591676351;TETRA STUDIO JDOO;4750.00;2;0.00
sve;86991161289;VITA FORMA DOO;4750.00;2;0.00
sve;16690651659;ARBORI CULTURA DOO ZA TRGOVINU I USLUGE;4750.00;1;0.00
sve;29232245515;HABITUS FAKTOR DOO;4750.00;2;0.00
sve;03846038896;FOTO NANA 2 JDOO;4750.00;2;0.00
sve;46108893754;SPAR HRVATSKA D.O.O. ZA TRGOVINU;4749.64;1;0.00
sve;69538028107;QBEN DOO;4747.50;1;0.00
sve;01971948897;IT PRAXIS DOO;4687.50;1;0.00
sve;01158686369;DJEČJI VRTIĆ MALI PRIJATELJI;4680.00;11;0.00
sve;00000519429;IGR D.O.O.;4666.66;4;0.00
sve;64730235489;CENTAR ZA POSLOVNI TURIZAM DOO;4625.00;2;0.00
sve;06558758965;KON-VIS D.O.O.;4600.00;1;0.00
sve;91816754750;FRIZERSKI SALON MARIJA RUKLJAČ JDOO;4600.00;2;0.00
sve;50123011901;MELIN DOO;4599.08;4;0.00
sve;98902890640;INSTITUT ZA ODRŽIVOST OKOLIŠ I PRIRODNE ZNANOSTI VIGEA;4585.00;1;0.00
sve;68580128211;BILIĆ - ERIĆ D.O.O. ZA PRIVATNU ZAŠTITU;4569.75;32;0.00
sve;31791519734;ZIHER D.O.O.;4550.00;2;0.00
sve;38207097560;HIBIĆ GRADNJA DOO;4550.00;2;0.00
sve;53523506581;VETTI GROUP DOO ZA VETERINARSKU DJELATNOST;4525.00;9;0.00
sve;34339873375;UDRUGA RATNIH VETERANA 2. GARDIJSKE BRIGADE GROMOVI;4500.00;2;0.00
sve;60411767479;UDRUGA UDOVICA HRVATSKIH BRANITELJA IZ DOMOVINSKOG RATA;4500.00;2;0.00
sve;06706441504;UDRUGA ŠPORTSKIH RIBOLOVACA DOMOVINSKOG RATA N. ZAGREB ODRA;4500.00;2;0.00
sve;02531238111;ALPHA ET OMEGA DOO ZA USLUGE;4500.00;2;0.00
sve;11325907230;L A M USLUGE JDOO ZA TRANSPORT I USLUGE;4500.00;1;0.00
sve;11730227142;SHISHKA DOO ZA USLUGE;4500.00;2;0.00
sve;22887218346;UDRUGA ZAŽELI;4500.00;1;0.00
sve;40742241290;ALPHA CAPITALIS DOO;4500.00;1;0.00
sve;41758276106;MEGA BAR DOO;4500.00;2;0.00
sve;95517407528;COMPTUS DOO;4500.00;2;0.00
sve;48123137525;SMART BIZ DOO;4490.63;5;0.00
sve;76114393461;MARKOVIĆ MARKO;4483.98;1;0.00
sve;07481493104;MEDITERRANEO D.O.O. ZA TRGOVINU I USLUGE;4477.06;55;0.00
sve;50216747086;KULTURNO UMJETNIČKO DRUŠTVO BIJELO BRDO;4450.00;5;0.00
sve;63047984525;MIDA KONTAKT AG AU JDOO;4450.00;2;0.00
sve;91040737993;BENT EXCELLENT D.O.O.;4444.00;1;0.00
sve;39995615488;HKIG - EDUCA D.O.O.;4425.00;5;0.00
sve;54340608859;GUGA SVIJET ZABAVE JDOO;4400.00;1;0.00
sve;36508419767;INTRAG USLUGE DOO;4398.00;1;0.00
sve;34425332342;ZAKLADA ZLATKO CRNIĆ;4379.85;3;0.00
sve;29767011450;BELTRONIK DOO;4376.00;1;0.00
sve;06472773387;FSI GRUPA DOO;4375.00;1;0.00
sve;75706303106;GEOSPACE DOO ZA GEODETSKE USLUGE;4369.53;9;0.00
sve;77656371628;FRIZERSKI STUDIO S VL SANJA BIČANIĆ;4350.00;2;0.00
sve;25913868025;INSTEL PROMET D.O.O.;4333.75;1;0.00
sve;17568289735;AZTEK DOO ZA PROJEKTIRANJE SAVJETOVANJE I USLUGE;4330.00;4;0.00
sve;30990748644;FACIT MAR DOO ZA USLUGE;4325.00;1;0.00
sve;18379602102;KAŠMIR PROMET D.O.O.;4300.00;4;0.00
sve;95416270404;ELEKTORINSTALACIJE KUPREŠAK OBRT ZA USL VL KUPREŠAK MARKO;4300.00;2;0.00
sve;29319482970;FILMAR DOO ZA USLUGE;4300.00;2;0.00
sve;83780313626;ELEKTRO JAKLIĆ  OBRT ZA USLUGE I TRGOVINU VL. SINIŠA JAKLIĆ;4300.00;2;0.00
sve;30242188200;UMJETNIČKA ORGANIZACIJA KAZALIŠNA DRUŽINA REVOLVER;4270.00;5;0.00
sve;82261866801;FENSI ŠMENSI FRIZERSKI STUDIO VL DANIJELA JELIĆ;4250.00;2;0.00
sve;46024095300;FELIX FELICIS DOO;4250.00;2;0.00
sve;42853319635;KIRA STIL DOO;4250.00;2;0.00
sve;17096790169;AUTO FOKUS DOO;4250.00;2;0.00
sve;60791595509;ŽENSKI PJEVAČKI ZBOR DANICA;4250.00;3;0.00
sve;32961633311;D STONE DIZAJN VL DAVORKA TOPOLOVAC;4250.00;2;0.00
sve;53914849271;KOZMETIČKI STUDIO NICE JDOO ZA USLUGE;4250.00;2;0.00
sve;97697116852;AMPLUS CONSULT DOO;4250.00;1;0.00
sve;48810603519;INSTAN KONCEPT DOO;4240.59;4;0.00
sve;71670983257;SUPER HIK AGENCIJA ZA SVE DOO;4235.76;2;0.00
sve;84838770814;NACIONALNA I SVEUČILIŠNA KNJIŽNICA U ZAGREBU;4200.00;1;0.00
sve;03129175124;UMJETNIČKA ORGANIZACIJA PIERRE VALLY TEATAR;4200.00;1;0.00
sve;04756593078;TETRABOT DOO;4200.00;1;0.00
sve;03116911980;SLICE OF LIFE FILMS DOO;4200.00;1;0.00
sve;62233090083;ARCITEC IVŠIĆ DOO;4200.00;1;0.00
sve;44472006057;MULTIMONT DOO ZA GRADITELJSTVO PROIZVODNJU I USLUGE;4200.00;1;0.00
sve;01728572615;HEXIM DOO;4162.50;1;0.00
sve;51028550278;ZAVOD ZA INTEGRALNU KONTROLU D.O.O.;4125.00;4;0.00
sve;10698224903;ZU ZA LJEKARNIČKU DJELATNOST LJEKARNE VAŠE ZDRAVLJE;4124.10;3;0.00
sve;71076455018;MM MODIO D.O.O. ZA USLUGE;4114.35;14;0.00
sve;69923449139;UDRUGA GRAĐANA GLOG SREDIŠĆE;4100.00;2;0.00
sve;31974419360;FRIZERSKI SALON IVANA VL ČORIĆ IVANA;4100.00;2;0.00
sve;20893535639;PER DIEM DOO ZA TRGOVINU I USLUGE;4100.00;2;0.00
sve;95906405749;HRVATSKO MAKEDONSKO DRUŠTVO;4100.00;3;0.00
sve;61154890353;ZAGORJE VU SRCU;4100.00;3;0.00
sve;17271475372;STUDIO SMARAGD DOO ZA TRG I USL;4100.00;2;0.00
sve;70655549302;UDRUGA HR.VOJNIH INVALIDA DOM RATA SUSEDGRAD;4100.00;2;0.00
sve;46602631231;DESPOT INFINITUS DOO ZA NAKLADNIŠTVO I USLUGE;4090.00;3;0.00
sve;32976865343;INTER SIG DOO;4075.00;3;0.00
sve;77671806963;LIBUKOM JURDANI D.O.O.;4074.36;31;0.00
sve;35913314365;ODVJETNIČKO DRUŠTVO LEKO I PARTNERI;4065.58;57;0.00
sve;31948370674;KOVA PODUZEĆE ZA PRERADU METALA I PLASTIKE IZVOZ I UVOZ DOO;4063.35;6;0.00
sve;15573308024;LIBURNIA RIVIERA HOTELI D.D.;4057.36;13;0.00
sve;43369687715;LUXUS SPORT DOO ZA TRGOVINU I USLUGE;4036.13;5;0.00
sve;04727302481;PROCONVENTA DOO;4018.75;2;0.00
sve;13307517322;BOROS PROJEKT JDOO;4012.62;2;0.00
sve;64766202629;SKLADIŠTE ZNANJA;4000.00;2;0.00
sve;78513560911;ETHNODOLLS OBRT ZA IZRADU SUVENIRA, VL. SUZANA RODIĆ;4000.00;1;0.00
sve;64957507496;CENTAR ZA RAZVOJ VRIJEDNOSTI;4000.00;1;0.00
sve;08786810532;MUDRO ZBORI;4000.00;2;0.00
sve;46359853081;KLUB STUDENTATA ARHITEKTURE I DIZAJNA;4000.00;2;0.00
sve;58772071893;CUTICLE DOO ZA USLUGE I TRGOVINU;4000.00;2;0.00
sve;76742821561;SEDLAR PROIZVODNJA TRGOVINA I USLUGE DOO;4000.00;1;0.00
sve;13191901483;UDRUGA VETERANA DOMOVINSKOG RATA 144 BRIGADE HV SESVETE;4000.00;2;0.00
sve;58324748237;HRVATSKO RINOLOŠKO DRUŠTVO HRD;4000.00;2;0.00
sve;49400554617;NEPRILAGOĐEN JDOO ZA USLUGE;4000.00;2;0.00
sve;16800903770;GO UDRUGE HRVATSKIH DRAGOVOLJACA DOM. RATA GRADA ZAGREBA;4000.00;2;0.00
sve;09914242179;UDRUGA UMIROVLJENIKA MINISTARSTVA  UNUTARNJIH POSLOVA;4000.00;2;0.00
sve;39776811160;GRAFIKON OBRT VL TUPEK IVANA;4000.00;1;0.00
sve;59789039703;POTLAČEK AND PIKULA AUTOTIM DOO ZA USLUGE;4000.00;2;0.00
sve;35637496296;UMJETNIČKA ORGANIZACIJA ZELENI BALON;4000.00;2;0.00
sve;93624578747;UMJETNIČKA ORGANIZACIJA EUTERPA;4000.00;1;0.00
sve;84512951373;UMJETNIČKA ORGANIZACIJA PARADOKS;4000.00;1;0.00
sve;98088021372;HRVATSKI GLAZBENI CENTAR;4000.00;4;0.00
sve;73349324319;IVAGO PLAN DOO;4000.00;4;0.00
sve;26515581677;MEDIA BAR DOO;4000.00;3;0.00
sve;38398002455;ZAJEDNICA UDRUGA ANTIFAŠ. BORACA I ANTIFAŠISTA ZAG.ŽUP.GZ;4000.00;2;0.00
sve;83906217526;TRIK ONE  JDOO ZA USLUGE;4000.00;2;0.00
sve;48230315064;UDRUGA DRVO ŽIVOTA ODRANSKI OBREŽ;4000.00;1;0.00
sve;75069568460;SPORTSKO DRUŠTVO INVALIDA HRABRI;4000.00;2;0.00
sve;20682358696;EKOLOŠKI CENTAR DOO ZA PROIZVODNJU I USLUGE;3981.68;1;0.00
sve;45547576946;OBZOR PUTOVANJA DOO TURISTIČKA AGENCIJA;3980.00;6;0.00
sve;23048310366;BESTIAS DIZAJN DOO;3960.00;2;0.00
sve;32501868321;BOMBICA D.O.O. ZA USLUGE;3950.00;2;0.00
sve;48270876028;DUN & BRADSTREET DOO;3938.56;5;0.00
sve;26217708909;SOLARIS D.D.;3932.80;13;0.00
sve;82752153530;ZAGREBINSPEKT D.O.O.;3925.00;7;0.00
sve;21720748086;RONIS DOO;3921.42;5;0.00
sve;65428906059;UDRUGA LIČANA I PRIJATELJA LIČKO PRELO ZAGREB;3900.00;3;0.00
sve;32345203519;EDUKACIJSKO SAVJETODAVNI CENTAR SRETNA PRIČA;3900.00;1;0.00
sve;96023026857;KOSOVIĆ D.O.O.;3900.00;1;0.00
sve;91617456964;VIVO;3900.00;1;0.00
sve;95635162868;AVS - URED;3900.00;3;0.00
sve;96736135460;BESTPROJEKT DOO;3900.00;1;0.00
sve;25977228698;BOOKINGPOINT NET DOO;3870.23;2;0.00
sve;66269159384;TERINA DOO;3863.02;10;0.00
sve;90240160025;LEONARDO MEDIA DOO;3861.50;2;0.00
sve;78566009677;CATHARSIS D.O.O.;3850.00;2;0.00
sve;41838220590;MARITA SALON JDOO;3850.00;2;0.00
sve;04969888379;TEAM MEDIA DOO;3834.00;1;0.00
sve;14478211640;ODVJETNIČKO DRUŠTVO KOŽUL I PETRINOVIĆ DOO;3822.81;10;0.00
sve;55178702078;OPTIMA PROJEKT DOO ZA GRADITELJSTVO NADZOR I USLUGE;3800.00;2;0.00
sve;75319825140;CENTAR ZA PSIHOLOŠKU PODRŠKU I RAZVOJ PRIČAJ MI;3787.00;2;0.00
sve;25610576927;DV RADOST JASTREBARSKO;3779.51;7;0.00
sve;48074983612;NINA VET DOO ZA USLUGE;3775.00;5;0.00
sve;53306211023;CROMEDIC AMBULANCE;3772.00;4;0.00
sve;31608194500;CRESCAT DOO;3764.28;7;0.00
sve;58680938419;BELMET 97 DOO;3753.94;1;0.00
sve;10303379215;TERRA COMPACTA DOO;3750.00;1;0.00
sve;81602851994;ENVY CUT S DOO;3750.00;2;0.00
sve;86781480448;ELEKTROINSTALACIJE ČAJKO DOO ZA ELEKTROINSTALACIJE;3750.00;2;0.00
sve;69454459128;INTENSO WELL DOO;3750.00;2;0.00
sve;64166345871;MBI DOO;3750.00;1;0.00
sve;94225619769;NAJBOLJA PONUDA JDOO ZA USLUGE TURISTIČKA AGENCIJA;3750.00;1;0.00
sve;16046469377;RIVULUS DOO;3750.00;2;0.00
sve;45316300941;LOS ANGELES DOO;3750.00;1;0.00
sve;91818951948;BAJKARLA JDOO;3750.00;2;0.00
sve;99743959465;STUDIO SLAB DOO;3750.00;1;0.00
sve;17643872913;AUTOSERVIS ROMAN JDOO;3750.00;2;0.00
sve;61115444147;KATARINA SALON JDOO;3750.00;2;0.00
sve;28773663149;HRVATSKI CENTAR ZA DRAMSKI ODGOJ;3750.00;3;0.00
sve;51232186443;INSTALACIJE ROBIMONT VL ROBERT KRIŠTOVIĆ;3750.00;2;0.00
sve;18518491403;SELECTIO DOO;3750.00;2;0.00
sve;23626358811;INFORMING M DOO;3742.75;6;0.00
sve;72587248328;PROJEKTNI URED REVIKON DOO;3725.00;2;0.00
sve;85790070273;SIGMA SAVJETOVANJE D.O.O.;3675.28;4;0.00
sve;51142041283;TIM PROJEKT DOO ZA PROJEKTIRANJE I GRAĐENJE;3675.00;2;0.00
sve;26746643752;ARGIT D.O.O.;3662.99;2;0.00
sve;85987073424;TEAM PRINT DOO;3657.06;5;0.00
sve;60614075849;HRVATSKA UDRUGA ZA PROMICANJE PRIMALJSTVA;3650.00;2;0.00
sve;43805471123;HRVATSKO UDRUŽENJE ZA CHRONOVU BOLEST I ULCEROZNI KOLITIS;3650.00;2;0.00
sve;32787730056;UDRUGA POSLODAVACA U ZDRAVSTVU HRVATSKE;3625.00;5;0.00
sve;21995383778;ITVZ PROJEKT D.O.O.;3615.45;2;0.00
sve;53605605523;PRINTSHOP DOO;3604.26;4;0.00
sve;75214191352;SANDREJA STYLE JDOO;3600.00;2;0.00
sve;93952250728;CENTAR ZA PROSTORNO UREĐENJE I ARHITEKTURU DOO;3600.00;5;0.00
sve;42721290987;UMJETNIČKA ORGANIZACIJA RIKŠAFILM;3600.00;4;0.00
sve;42386707747;LIPAR TRGOVINA I PROMET DOO;3600.00;1;0.00
sve;70207864520;FOREL PROJEKT DOO ZA GRAĐENJE PROJEKTIRANJE  I NADZOR;3600.00;2;0.00
sve;57883729585;ZAGREBAČKI RAGBI SAVEZ;3580.03;2;0.00
sve;06554796488;UDRUGA RODITELJA I UČITELJA WALDROFSKE ŠKOLE U ZAGREBU;3577.00;1;0.00
sve;18912384036;HRVATSKI PRAVNI CENTAR;3550.00;2;0.00
sve;64406809162;SREDIŠNJE KLIRINŠKO DEPOZITARNO DRUŠTVO D.D.;3540.42;10;0.00
sve;99144587644;ING EKSPERT D.O.O.;3536.74;3;0.00
sve;93075770066;AUTOKLUB RIJEKA;3517.00;62;0.00
sve;50633676838;ŠPORTSKO REKRACIJSKO DRUŠTVO DRAG. HRV.OBR.SNAGA GZ;3500.00;2;0.00
sve;74547768933;PROPELER FILM DOO;3500.00;1;0.00
sve;26271425900;PLASCH HAIR JDOO;3500.00;2;0.00
sve;41191957150;MAČKE I MAČORI ZAGREBAČKIH ULICA;3500.00;1;0.00
sve;74172285604;CAPILLIS DOO;3500.00;2;0.00
sve;61675996134;DENIQUE JDOO ZA USLUGE;3500.00;2;0.00
sve;57428164341;T&M CUT JDOO;3500.00;2;0.00
sve;49809327358;SERVIS CAPEK DOO;3500.00;2;0.00
sve;79975218924;DOSTAVA ZVUKA DOO;3500.00;1;0.00
sve;51639774260;KUD BREZOVICA;3500.00;3;0.00
sve;18376255215;SCHMILL DOO;3500.00;1;0.00
sve;52516730013;HERMIKRON CNC TECHNOLOGY DOO;3500.00;1;0.00
sve;01886394782;KOLEKTOR CENTAR ZA VIZUALNE UMJETNOSTI;3500.00;2;0.00
sve;10068850307;MJEŠOVITI ZBOR SV BARBARE PANIS ANGELICUS;3500.00;2;0.00
sve;36234030127;UABA BRAĆA RIBAR ČRNOMEREC;3500.00;1;0.00
sve;59170007106;BROWS AND BEAUTY JDOO ZA USLUGE;3500.00;2;0.00
sve;34934822398;DAMBEL OBRT ZA GRADITELJSTVO VL DAMIR BELOŠEVIĆ;3500.00;2;0.00
sve;01710734686;IPSOS  DOO;3487.50;1;0.00
sve;88621612724;SUPERSTUDIO DESIGN PROJECTS DOO;3487.50;1;0.00
sve;74947861459;BRANCIN PROJEKTIRANJE JDOO;3481.25;1;0.00
sve;62867668247;HUMANITARNA UDRUGA KOMPIĆI;3457.00;1;0.00
sve;64942661827;GRAD JASTREBARSKO;3451.75;12;0.00
sve;05273836825;ZENZO DOO;3450.80;4;0.00
sve;97454999870;FINI OGLASI DOO;3445.32;7;0.00
sve;40081859293;IGLU ŠPORT D.O.O. ZA TRGOVINU, USLUGE I PROZVODNJU;3403.35;2;0.00
sve;05746818670;MATICA HRVATSKIIH UMIROVLJENIKA GRADA ZAGREBA;3400.00;3;0.00
sve;92355144075;UDRUGA RUDOLF;3400.00;3;0.00
sve;98238892569;UMJETNIČKA ORGANIZACIJA DRAMI SI MAMI;3400.00;3;0.00
sve;30368783511;ACUMEN DOO;3400.00;3;0.00
sve;70812508533;ORCUS PLUS DOO;3383.63;3;0.00
sve;57404705059;KS UPRAVITELJ NEKRETNINAMA DOO;3381.00;23;0.00
sve;18967199317;MNK USPINJAČA GIMKA;3370.00;1;0.00
sve;32614011568;LINKS D.O.O.;3360.78;6;0.00
sve;78796880101;MILENIJ HOTELI D.O.O.;3351.50;11;0.00
sve;14630097084;TT INCORE DOO ZA USLUGE I TRGOVINU;3350.13;2;0.00
sve;99332451352;INTEKO STUDIO UREĐ INTERIJERA DOO;3350.00;2;0.00
sve;29296842135;IDEA OBRT ZA FRIZ UUSLUGE VL ANDREA DEKANIĆ;3350.00;2;0.00
sve;40872288073;MONDO EVENT DOO;3337.07;2;0.00
sve;88963057961;UDRUGA ZA RAZVOJ CIVILNOG DRUŠTVA ANGELUS CUSTOS;3337.00;1;0.00
sve;47182242398;EFFECTUS VELEUČILIŠTE;3321.25;1;0.00
sve;89747280270;LUKIŠKI DOO ZA TRGOVINU I PRIJEVOZ;3320.00;2;0.00
sve;94335451436;K &K PROMOCIJA DOO;3318.10;1;0.00
sve;95179755385;DJEČJI VRTIĆ TOČKICA;3316.51;11;0.00
sve;78043520516;STEGA TISAK D.O.O.;3308.95;3;0.00
sve;76454212077;HRT - ŠARIĆ D.O.O.;3307.50;1;0.00
sve;14659862131;GREGIĆ ADVISORY DOO;3305.90;3;0.00
sve;94989605030;KRAŠ DD;3304.69;5;0.00
sve;86904330721;ALLEGRIAN DOO;3301.48;1;0.00
sve;58124794871;IVONA RAVLIĆ JDOO;3300.00;2;0.00
sve;68723632961;OBERON STUDIO DOO ZA ARHITEKTURU I DIZAJN;3300.00;1;0.00
sve;56317035065;DARPRO JDOO;3300.00;1;0.00
sve;59907401668;ERGIN DOO;3300.00;1;0.00
sve;29981688032;KOMUNIKACIJE PLUS D.O.O.;3287.50;6;0.00
sve;80391790896;FEST DOO;3280.00;2;0.00
sve;65569406218;DV KAPLJICA;3278.21;9;0.00
sve;29635530727;A T I DOO;3253.25;5;0.00
sve;54314359710;ID PROJEKT OBRT ZA ELEKTROINSTALACIJE VL IVICA DOMENKUŠ;3250.00;2;0.00
sve;25896806302;UMJETNIČKA ORGANIZACIJA TESLA TEATAR;3250.00;3;0.00
sve;00169153764;KLAPA GRDELIN ZAGREB;3250.00;3;0.00
sve;20355462141;ACADEMIA TEMPORA DOO;3250.00;1;0.00
sve;81439345622;ZEN ZONE BY D JDOO;3250.00;2;0.00
sve;91866261509;L L BARABA JDOO ZA USLUGE;3250.00;2;0.00
sve;11414686032;DIDI OBRT ZA FRIZERSKE USLUGE VL DIANA DIANIĆ JANJANIN;3250.00;2;0.00
sve;33752423694;BEAUTY SILVIJA VL SILVIJA BUJTAŠ OBRT ZA NJEGU TIJELA;3250.00;2;0.00
sve;06437582099;MALI MEDO JDOO;3250.00;2;0.00
sve;85847626145;REZOLUCIJA DOO ZA PROIZVODNJU TRGOVINU I USLUGE;3250.00;2;0.00
sve;24721599830;CENTAR CVIJET J.D.O.O. ZA USLUGE;3250.00;2;0.00
sve;97410484477;HRDAS OBRT ZA MONTAŽU I POPRAVAK NAMJEŠTAJA VL DAVOR HRDAS;3250.00;2;0.00
sve;34706029488;HRVATSKI FOTOGRAFSKI CENTAR;3250.00;4;0.00
sve;11986338639;INSTITUT ZA DRUŠTVENA ISTRAŽIVANJA SVEUČILIŠTA U ZAGREBU;3242.00;3;0.00
sve;69402580185;DOM KULTURE ZAGREB;3240.00;1;0.00
sve;95066869516;ARHITEKTURA SIGURNOSTI D.O.O.;3238.44;3;0.00
sve;36389528408;VETERINARSKI FAKULTET SVEUČILIŠTA U ZAGREBU;3236.58;6;0.00
sve;60557784734;TEHNO ZAGREB DOO;3225.00;4;0.00
sve;76236758381;GRAFO L.AN.D. D.O.O. ZA POSLOVNE USLUGE;3211.44;1;0.00
sve;44940679869;KVADRAT PLUS D.O.O.;3205.69;8;0.00
sve;15930059266;UDRUGA FUN DA MENTAL;3200.00;1;0.00
sve;65424614580;URED ZA IZVOZ GLAZBE HRVATSKA;3200.00;2;0.00
sve;40777875344;AQUALOGIC JDOO;3200.00;1;0.00
sve;36721631795;SVOJA;3200.00;1;0.00
sve;10270967156;PRINTERA GRUPA DOO GRAFIČKA PROIZVODNJA I TRGOVINA;3198.75;2;0.00
sve;06855487087;MT MJERNA TEHNIKA D.O.O.;3192.38;7;0.00
sve;50866393930;URBAN KONZALT DOO;3179.50;5;0.00
sve;24452310712;RO TERMO DOO;3177.77;1;0.00
sve;44406186792;FORGEBIT J.D.O.O.;3176.50;3;0.00
sve;84375283263;BIROTEHNIKA CENTAR ZA DOPISNO OBRAZOVANJE;3155.88;11;0.00
sve;74500888901;POSIFLEX DOO;3155.73;6;0.00
sve;16774198173;ZAGORSKI DVORAC DVA DOO;3126.99;1;0.00
sve;66394876576;ALGO EKO DOO;3125.00;1;0.00
sve;31759630177;OUTDOOR AKZENT  DOO;3125.00;2;0.00
sve;84654018639;REPRO EKO FARM DOO ZA PROIZVODNJU TRGOVINU I USLUGE;3125.00;1;0.00
sve;83937553129;CEROVSKI DOO;3117.50;2;0.00
sve;39753545974;DOMINOVIĆ DOO ZA TRGOVINU I USLUGE;3089.99;5;0.00
sve;03589417293;MIRNOVEC PIROTEHNIKA D.O.O.;3075.00;1;0.00
sve;66486182714;MINISTARSTVO OBRANE RH;3066.79;119;0.00
sve;98783321904;AAVA SAVJETOVANJE DOO;3062.50;1;0.00
sve;98544493572;KOM SAT DOO;3062.00;1;0.00
sve;56353967563;CONSILIUM ELECTRA DOO;3059.26;2;0.00
sve;69924559109;RADVISORY JDOO;3051.04;4;0.00
sve;25752627029;PROMEL PROJEKT DOO;3050.00;1;0.00
sve;84779717559;BDO INFOKORP DOO;3048.47;1;0.00
sve;46144176176;HRVATSKI DRŽAVNI ARHIV ZAGREB;3035.79;9;0.00
sve;63769465546;AKTIS PROJEKT DOO;3025.00;2;0.00
sve;56898472976;BIRGON DOO;3020.61;1;0.00
sve;25849043143;ODVJETNIČKO DRUŠTVO ČOGURIĆ I MATAK;3002.90;1;0.00
sve;01276648105;UDRUGA ZA RURALNI RAZVOJ RURALNA HRVATSKA;3000.00;1;0.00
sve;39382759188;KULTURA SVIMA SVUGDJE;3000.00;1;0.00
sve;99139573142;ZAJEDNICA PROTJERANIH HRVATA IZ SRIJEMA BAČKE I BANATA;3000.00;1;0.00
sve;28327387905;KRANJČAR DOO;3000.00;2;0.00
sve;08647229584;HRVATSKI RESTAURATORSKI ZAVOD;3000.00;2;0.00
sve;51555534187;GEOBOND DOO;3000.00;2;0.00
sve;42568664343;FRIZERSKI SALON OBRT ZA USLUGE VL INGRID BOSAK;3000.00;2;0.00
sve;52956705236;ZELENI INKUBATOR;3000.00;1;0.00
sve;63449287792;MUSIC TIME DOO;3000.00;2;0.00
sve;31548573314;HRVATSKA EDUKACIJSKA I RAZV MREŽA ZA EVOLUCIJU SPORAZUMIJEVA;3000.00;2;0.00
sve;44625462030;PJEVAČKI ZBOR ČEŽNJA;3000.00;4;0.00
sve;05500272401;KREATIVNI CENTAR KOŠNICA;3000.00;2;0.00
sve;32556049576;UDRUGA ALBANACA BRANITELJA HRVATSKE U DOMOVINSKOM RATU;3000.00;2;0.00
sve;26362187756;UDRUGA ZA ŠPORT I REKREACIJU VETERAN 91;3000.00;2;0.00
sve;73350892994;UDRUGA 55+ ZA PROMICANJE KVALITETE ŽIVOTA STARIJIH OSOBA;3000.00;1;0.00
sve;55223610938;ADIPA;3000.00;1;0.00
sve;37525422253;MALONOGOMETNI KLUB ZAGREB GIMKA;3000.00;1;0.00
sve;93198780019;URBAN ENTERTAINMENT JDOO ZA USLUGE;3000.00;1;0.00
sve;89945274121;HANNAN REDŽEPAGIĆ JDOO;3000.00;1;0.00
sve;85973238462;HRVATSKI  DJEČJI FESTIVAL;3000.00;2;0.00
sve;08367826605;ANTIMUZEJ UDRUGA ZA KULTURNU AUTONOMIJU I AUTONOMNU KULTURUŽ;3000.00;2;0.00
sve;82539347875;TEN FUN 2017 JDOO ZA UGOSTITELJSTVO;3000.00;1;0.00
sve;34921794360;2SWEET PROIZVODNJA DOO ZA PROIZVODNJU I TRGOVINU;3000.00;1;0.00
sve;83203826580;MAJSTOR JURIĆ JDOO ZA PROIZVODNJU I USLGE;3000.00;1;0.00
sve;95051732873;ARS SEPTIMA D.O.O. ZA PROIZVODNJU I PROMET FILMOVA;3000.00;2;0.00
sve;89280393719;UDRUGA ARS ARKA;3000.00;2;0.00
sve;10434789303;KLUB HEO ZAGREB;3000.00;1;0.00
sve;69003941831;GLAM LAB DOO ZA USLUGE;3000.00;2;0.00
sve;50770214261;UDRUGA GASTRONOMADI;3000.00;1;0.00
sve;39926873531;KUĆA NADE;3000.00;1;0.00
sve;34380325084;GEO ZIK JDOO;2999.74;3;0.00
sve;42117506310;SAVEZ PČELARSKIH UDRUGA GRADA ZAGREBA;2990.63;1;0.00
sve;32596821960;VLAJER MONT DOO;2990.00;1;0.00
sve;32862218556;POLJOPRIVREDNA ZADRUGA OLEANDAR RUKAVAC;2980.00;1;0.00
sve;19218250569;UDRUGA STUDENATA VET MEDICINE EQUUS;2968.81;1;0.00
sve;80669643005;PROQLEA DOO ZA USLUGE;2950.80;1;0.00
sve;57444289760;PLAVA LAGUNA DD;2945.00;6;0.00
sve;10350279556;ALKA SCRIPT D.O.O.;2940.99;11;0.00
sve;84232034227;UDRUGA ERGO ARTIS;2940.00;5;0.00
sve;77822467089;TOP TRAVEL DOO;2934.24;1;0.00
sve;71507120769;GRAĐENJE I UPRAVLJANJE DOO;2933.76;9;0.00
sve;68800865154;HRVATSKI CENTAR ZA ISTRAŽIVAČKO NOVINARSTVO I SLOBODU MEDIJA;2900.00;3;0.00
sve;53321542631;HRASTOVIĆ INŽENJERING DOO;2900.00;1;0.00
sve;80171853973;HITCHTONE MUSIC & PROMOTION;2900.00;3;0.00
sve;99569093664;ALPAS DOO;2877.35;3;0.00
sve;75550985023;PETROL D.O.O.;2875.76;8;0.00
sve;69845269179;TUPEK DARKO;2866.44;1;0.00
sve;92055395521;DRUŠTVO SPORTSKE REKREACIJE SOPOT;2860.00;1;0.00
sve;26334291027;BOLIME PODRŠKA MENTALNOM ZDRAVLJU MLADIH;2850.00;1;0.00
sve;01682666895;MAĐIONIČAR JAPA DOO;2850.00;5;0.00
sve;04483680653;ERRI DOO ZA TRGOVINU I USLUGE;2848.82;1;0.00
sve;90633715804;SVEUČILIŠTE U ZAGREBU FILOZOFSKI FAKULTET;2833.43;28;0.00
sve;09965477800;LAJTMANICA UDRUGA ZA KREATIVNI RAZVOJ;2830.00;3;0.00
sve;39859137764;ŽIVA VODA;2800.00;1;0.00
sve;37781872772;INSTITUT ZA ETNOLOGIJU I FLKLORISTIKU;2800.00;1;0.00
sve;63702179107;REISINGER DOO ZA USLUGE;2800.00;1;0.00
sve;26225359523;PJEVAČKO DRUŠTVO NOVI ZAGREB;2800.00;3;0.00
sve;00607456024;UMJETNIČKA ORGANIZACIJA VEDRI I OBLAČI;2800.00;1;0.00
sve;41944593445;OTVORENA MEDIJSKA GRUPACIJA;2800.00;2;0.00
sve;98267247138;VIZURA APERTA;2800.00;2;0.00
sve;50898554465;HRVATSKA UDRUGA PRODUCENATA;2800.00;1;0.00
sve;62768551594;ZG PROJEKT DOO;2800.00;2;0.00
sve;47911242222;DALEKOVOD D.D.;2800.00;1;0.00
sve;70427199569;PP ORAHOVICA DOO;2785.91;6;0.00
sve;56388790507;ALLEGHENY FINANCIAL D.O.O.;2765.93;1;0.00
sve;56956156104;METAL- PROJEKT D.O.O.;2758.59;4;0.00
sve;92216472413;AUTOCENTAR MERKUR DD;2751.82;8;0.00
sve;15122942130;A KAJ DOO;2750.00;1;0.00
sve;65450201131;GRAVERSKI CENTAR DOO;2750.00;1;0.00
sve;00313441027;MEDEL USLUGE D.O.O.;2750.00;1;0.00
sve;16118584438;NAPREDAK FUTURA DOO;2750.00;1;0.00
sve;77667944125;MATICA UMIROVLJENIKA HRVATSKE;2750.00;4;0.00
sve;51883682698;DELFIN USLUGE D.O.O. ZA TRGOVINU I USLUGE;2750.00;1;0.00
sve;91924358305;UDRUGA OSJETI HRVATSKU;2750.00;1;0.00
sve;99465182509;GRADILAN JDOO;2747.36;1;0.00
sve;23330111713;BIROMAT D.O.O.;2717.25;2;0.00
sve;96312589061;UDRUGA ZA PREVENCIJU PREKOMJERNE TEŽINE HRVATSKA;2700.00;2;0.00
sve;22181167942;UMJETNIČKA ORGANIZACIJA PRODUKCIJA Z;2699.00;2;0.00
sve;45431278864;TOPIĆ USLUGE DOO;2696.10;2;0.00
sve;10313267957;FUMARIUM DOO;2691.25;1;0.00
sve;56606620926;PADOBRAN UDRUGA ZA FINANCIJSKU INKLUZIJU;2667.00;1;0.00
sve;69840660917;EDULAB DOO;2656.25;1;0.00
sve;58479319734;HB FORMAT DOO;2654.46;1;0.00
sve;89521233299;AD DISCO DOO;2654.00;1;0.00
sve;89066813380;HABILITACIJSKA UDRUGA ZA DJ  S TEŠKOĆAMA U RAZVOJU SILAB;2650.00;1;0.00
sve;81236156441;CENTAR ZA ISTRAŽIVANJE EDUKAC I PRIMJ NOVIH ZNANJA UP2 DATE;2650.00;1;0.00
sve;94722575962;GENKONEKT CENTAR ZA ISTRAŽIVANJE EDUK I PROM BIOZNANOSTI;2650.00;1;0.00
sve;00486716288;KRESTON CROATIA SAVJETOVANJE DOO;2650.00;1;0.00
sve;39254892219;KLUB OVISNIKA O KOCKANJU;2650.00;1;0.00
sve;49051744880;UDRUGA MLADIH ZA P4 MEDICINU PROMISE;2650.00;1;0.00
sve;63662154241;CENTAR ZA PARTNERSKE ODNOSE;2650.00;1;0.00
sve;51915803196;AKCELERATOR ZA ODRŽIVO DRUŠTVO;2650.00;1;0.00
sve;74500066401;DRUŠTVO SPORTSKE REKREACIJE SWIMIGYM;2650.00;1;0.00
sve;39948918304;ENERGETSKA RJEŠENJA JDOO;2650.00;1;0.00
sve;67956886619;HOOD UDRUGA ZA PREVENCIJU UNAPREĐENJE I ZAŠTITU ZDRAVLJA;2650.00;1;0.00
sve;18838398076;ŽELJEZNIČKO PROJEKTNO DRUŠTVO D.D.;2650.00;1;0.00
sve;96055453244;VINCEK DOO;2650.00;1;0.00
sve;30985991639;MAKSIM STELLA DOO ZA TRGOVINU I USLUGE;2650.00;1;0.00
sve;57806149045;DRUŠTVO ŠPORTSKE REKREACIJE MALI ŠPORTAŠI;2650.00;1;0.00
sve;21718881450;IVEŠIĆ DOO;2650.00;1;0.00
sve;16451130145;HRVATSKA UDRUGA ZA BOLESTI ŠTITNJAČE;2650.00;1;0.00
sve;44336437867;AKADEMSKI KLUB RUKOMETA NA PIJESKU ZAGREB;2650.00;1;0.00
sve;69117142368;LONJSKO POLJE DOO ZA TURIZAM I UGOSTITELJSTVO;2644.50;1;0.00
sve;74454217661;SREĆKO TOURS D.O.O.;2640.00;3;0.00
sve;61898313798;KAZ DOO;2636.44;1;0.00
sve;06779460007;EVENTS AND TRAVEL DOO;2635.00;3;0.00
sve;89466642436;79 17 DOO ZA PROTUEKSPLOZIJSKU ZAŠTITU;2630.63;2;0.00
sve;85031837779;INOVINE D.D.;2616.21;12;0.00
sve;58914751045;ELITE TRAVEL DOO;2612.00;1;0.00
sve;60658084975;DOBROVOLJNO VATROGASNO DRUŠTVO BLATO;2610.00;2;0.00
sve;58541078487;NOVA - INVEST D.O.O.;2600.00;1;0.00
sve;96579362258;UDRUGA ZA ZAŠTITU ŠIŠMIŠA TRAGUS;2600.00;1;0.00
sve;09633716860;ZONA KVADRAT DOO;2600.00;1;0.00
sve;66764992314;UDRUGA PRIGORSKI DAN;2600.00;4;0.00
sve;54894777718;UDRUGA Z APROMOCIJU, RAZVOJ I ORGANIZACIJU 3 X 3 KOŠARKE;2600.00;1;0.00
sve;70585473908;BIZ START DOO;2599.63;1;0.00
sve;35786170284;FAST LANE JDOO;2590.00;2;0.00
sve;28495895537;PRIVREDNA BANKA ZAGREB CARD D.O.O.;2576.27;3;0.00
sve;35450539090;HRVATSKI KATOLIČKI ZBOR MI;2550.00;3;0.00
sve;71476965189;UDRUGA STUDENTATA DUBROVNIKA LIBERTAS;2550.00;3;0.00
sve;28817560444;HRVATSKI LOVAČKI SAVEZ;2541.34;4;0.00
sve;31234996315;ODVJETNIČKO DRUŠTVO PLANINIĆ, ŠOLJIĆ I PARTNERI;2540.98;1;0.00
sve;90439696130;VULKAL DOO;2534.65;7;0.00
sve;10358464591;ODVJETNIČKO DRUŠTVO POTOČNJAK I PARTNERI DOO;2526.46;2;0.00
sve;36036279818;FLINK D.O.O.;2519.34;4;0.00
sve;13806526186;SAMOBORSKA BANKA DD;2516.98;32;0.00
sve;90896496260;IMPERIAL RIVIERA D.D.;2508.00;5;0.00
sve;73735886955;CARTA MAGICA DOO ZA TRGOVINU I USLUGE;2502.11;4;0.00
sve;79005741126;COOLTURA DOO;2500.00;1;0.00
sve;97910720548;CMG TEAM JDOO;2500.00;1;0.00
sve;85118679106;INSTAL SINERGIJA D.O.O.;2500.00;1;0.00
sve;84726298010;GEOEXPERT PROJEKT D.O.O.;2500.00;1;0.00
sve;74192552063;UDRUGA RATNIH VETERANA 1. GARDIJSKE BRIGADE TIGROVI;2500.00;2;0.00
sve;80457298314;CENTAR ZA OBRAZOVANJE ODRASLIH VALIDUS;2500.00;1;0.00
sve;85239978898;ČALE STUDIO DOO ZA TRGOVINU I USLUGE;2500.00;1;0.00
sve;84622931044;BLUE GOLD DOO ZA TRGOVINU I USLUGE;2500.00;1;0.00
sve;19218318749;DINA BBR JDOO ZA USLUGE;2500.00;1;0.00
sve;33149613425;CENTAR ZA RAZVOJ OSOBNIH POTENCIJALA MENTIS;2500.00;1;0.00
sve;82346894692;MOTORKOTAČI IGOR D.O.O.;2500.00;1;0.00
sve;56522090962;HALO DOO ZA TRGOVINU NA MALO I POPRAVAK ELEKTRIČNIH APARATA;2500.00;1;0.00
sve;38761163382;STUDIO VLAHOVIĆ DOO ZA USLUGE;2500.00;1;0.00
sve;33320334088;RESIDENT EVENTS JDOO ZA USLUGE;2500.00;1;0.00
sve;75384851525;SCARDONA KONCERTI DOO ZA ORGANIZACIJU KONCERATA;2500.00;1;0.00
sve;14683016828;SUPREMUS - GRAD D.O.O.;2500.00;1;0.00
sve;44715490440;VETERANI 145 BRIGADE DUBRAVA;2500.00;1;0.00
sve;39795859030;PRVA MREŽA ODRŽIVOG DRUŠTVA I EKONOMIJE;2500.00;1;0.00
sve;59951999361;MINISTARSTVO ZAŠTITE OKOLIŠA I ZELENE TRANZICIJE;2500.00;1;0.00
sve;84350533608;ASPALATHOSOFT DOO;2500.00;1;0.00
sve;38442933576;EKONOMSKO TEHNIČKI PROJEKT DOO;2500.00;3;0.00
sve;91421582692;HORIGO SFI JDOO ZA TRGOVINU I USLUGE;2500.00;1;0.00
sve;23868928071;LUMENNICE DOO;2500.00;1;0.00
sve;60536611486;ARMATUS PRUDENTIA DOO ZA USLUGE;2500.00;1;0.00
sve;30281373044;EXSTRUCTA DOO;2500.00;1;0.00
sve;84809067529;KLAVIRI BOSNAR OBRT ZA USLUGE I TRGOVINU VL MATIJA BOSNAR;2500.00;1;0.00
sve;05957540364;ŠAHOVSKI KLUB VRSTUN;2480.00;4;0.00
sve;76039928907;ETHNO HRVATSKA;2450.00;1;0.00
sve;42453405188;PRIMO TIM DOO;2450.00;1;0.00
sve;41777529942;VOKALNI ANSAMBL TRADICIJSKE GLAZBE HARMONIJA DISONANCE;2450.00;1;0.00
sve;11314928010;DINO I LUKA DOO;2445.00;3;0.00
sve;96573444919;HRVATSKA MREŽA ZDRAVIH GRADOVA;2429.06;2;0.00
sve;64876405785;SWEET JOURNEY J.D.O.O.;2400.00;1;0.00
sve;67833602505;MRAMOR SOBLINEC DOO;2400.00;1;0.00
sve;62559286654;UDRUGA TETRAGON;2400.00;1;0.00
sve;25190869349;MAISTRA DD ZA HOTELIJERSTVO I TURIZAM;2400.00;3;0.00
sve;60219416826;PRAHIN INC DOO;2400.00;1;0.00
sve;11725503561;DJEČJI VRTIĆ MASLAČAK;2390.00;5;0.00
sve;73029254181;DIZAJN ET CETERA DOO;2387.35;1;0.00
sve;62750394385;AUTO - HRVATSKA D.O.O.- STANICA ZA TEH.PREGLED VOZILA RIJEKA;2385.00;53;0.00
sve;29457639796;VEMIS D.O.O.;2380.75;2;0.00
sve;72035282410;HSM INFORMATIKA D.O.O.;2375.00;1;0.00
sve;31256899660;FOTO STUDIO CENTAR DOO;2347.25;5;0.00
sve;29986976453;INTERGROS DOO;2346.25;2;0.00
sve;48529724647;DRUŠTVO ZA ŠPORTSKU REKREACIJU MILAN;2339.32;1;0.00
sve;40060138633;ODVJETNIČKO DRUŠTVO BARIŠIĆ I BARIŠIĆ DOO;2326.64;1;0.00
sve;98470399801;FORMEL DOO;2320.00;2;0.00
sve;13187224503;ALBO INTERIJERI JDOO;2307.00;1;0.00
sve;29625629048;SAN BOX DOO ZA TRGOVINU I USLUGE;2304.38;6;0.00
sve;88047611996;KNACK DOO;2300.63;1;0.00
sve;24676196426;PUT DO USPJEHA;2300.00;1;0.00
sve;61107208595;ZAKLADA MARIJA DE MATTIAS;2300.00;2;0.00
sve;94275561661;ORONTIUS DOO ZA TRGOVINU I USLUGE;2279.00;2;0.00
sve;44110106406;NOVI LIST D.D.;2271.76;3;0.00
sve;92464972448;STARI FIJAKER DOO;2268.90;3;0.00
sve;69996420118;PLENORIA DOO;2262.50;2;0.00
sve;47277194549;AMUNINI OBRT ZA PROIZVODNJU TRG I USL VL SAŠA KMETOVIĆ;2250.00;1;0.00
sve;47973670948;PARTNER KOSE JDOO ZA USLUGE;2250.00;1;0.00
sve;58059009748;CONREX DOO;2250.00;1;0.00
sve;98278282896;LF BUNJEVAC DOO ZA USLUGE;2250.00;1;0.00
sve;88290071956;FRIZERSKI SALON MIRELLA D.O.O.;2250.00;1;0.00
sve;86856106407;RITAM D.O.O.;2250.00;1;0.00
sve;75851270454;STIPIĆ MONTAŽA DOO ZA TRGOVINU I USLUGE;2250.00;1;0.00
sve;05636693684;HAIR CONCEPT JDOO ZA TRGOVINU I USLUGE;2250.00;1;0.00
sve;85836999527;SALON ZA ULJEPŠAVANJE ROMANA VL ROMANA TOMOVIĆ;2250.00;1;0.00
sve;85740251892;INSTALACIJE JONJIĆ DOO ZA USLUGE;2250.00;1;0.00
sve;10403284137;NEN KOM STUDIO JDOO ZA USLUGE;2250.00;1;0.00
sve;29376782753;A J FRIZERSKI STUDIO JDOO;2250.00;1;0.00
sve;88816007312;NADICA JOVANOVIĆ DOO;2250.00;1;0.00
sve;46940268196;GEOCONTROL EAST DOO;2240.00;15;0.00
sve;87403749481;ADELAIN STUDIO DOO ZA GRAFIČKE USLUGE;2200.00;2;0.00
sve;27460483584;IGOR-MANUELA DOO ZA TRGOVINU, USLUGE I PROIZVODNJU;2200.00;1;0.00
sve;27208467122;SVEUČILIŠTE U ZAGREBU EKONOMSKI FAKULTET;2200.00;53;0.00
sve;99161327125;OKULAR DOO;2200.00;1;0.00
sve;15146313695;ALATI MATIĆ DOO;2193.00;1;0.00
sve;06796478190;TEATAR BARAKUDA 2012;2180.00;2;0.00
sve;00925470789;SALVE REGINA - MARIJA BISTRICA DOO;2177.97;1;0.00
sve;78093047651;24 SATA DOO;2175.01;3;0.00
sve;81830675564;ENTI ŠPORT DOO;2171.00;2;0.00
sve;60853772547;DV ZVIREK;2150.10;9;0.00
sve;25308026432;UMJETNIČKA ORGANIZACIJA PROJEKT;2150.00;3;0.00
sve;17755662567;PROMO RESPEKT DOO ZA USLUGE I TRGOVINU;2125.00;1;0.00
sve;96944760957;INSTALACIJE IPM DOO;2116.45;2;0.00
sve;44430332290;SVE ZA SPORT DOO ZA USLUGE TURISTIČKA AGENCIJA;2113.75;2;0.00
sve;79172313259;KOLEKTIV ZA RAZVOJ ISTRAŽ I PROP QUEER KULT QUEERANARCHIVE;2100.00;1;0.00
sve;15916620274;ZAVIČAJNA ZAJEDNICA ŠIROKI BRIJEG;2100.00;1;0.00
sve;65849318207;UMJETNIČKA ORGANIZACIJA BRAVO;2100.00;1;0.00
sve;32025050096;SELSKA PROJEKT DOO;2089.42;1;0.00
sve;59964152545;MIKRONIS D O O;2086.76;3;0.00
sve;65282539610;ZAVIČAJNO DRUŠTVO VIROVITIČANA U ZAGREBU;2050.00;4;0.00
sve;48978886870;UDRUGA MAKETARA HRVATSKIH BRANITELJA DOMOVINSKOG RATA;2044.00;2;0.00
sve;32663870218;HRVATSKI INSTITUT INTERNIH REVIZORA;2042.50;6;0.00
sve;63851106916;FUČKAN DOO;2030.65;1;0.00
sve;87506807568;LOPPIS OBRT ZA DIZAJN I TRGOVINU VL BORIS ŠANTOŠI;2010.00;2;0.00
sve;12426897618;SENSUS GRUPA DOO;2006.09;1;0.00
sve;31485450502;PLEJADA D.O.O ZA NAKLADNIŠTVO I USLUGE;2000.00;2;0.00
sve;66985303400;BEAUTY SALON AJA OBRT ZA FRIZ USLUGE VL ŠTEFICA HRGOVIĆ;2000.00;1;0.00
sve;16063814746;AKI-D-VOD D.O.O.;2000.00;1;0.00
sve;16191900112;BONITA OBRT ZA PROIZVODNJU I TRGOVINU VL BRANK SABOL;2000.00;1;0.00
sve;45351216728;CJEPIDLAKA JDOO ZA USLUGE;2000.00;1;0.00
sve;43103247775;PERGA MEDIA DOO;2000.00;2;0.00
sve;99127335475;AUTO KLUB DUBRAVA;2000.00;2;0.00
sve;66740052965;NILS KOM STUDIO JDOO ZA USLUGE;2000.00;1;0.00
sve;22888831640;UDRUGA HRVATA BOSNE I HERCEGOVINE BOSANSKA POSAVINA ZAGREB;2000.00;2;0.00
sve;53544069562;RETRO BAJKA JDOO ZA USLUGE I TRGOVINU;2000.00;1;0.00
sve;92160026045;SUPERIOR BRILJANTIN DOO ZA USLUGE;2000.00;1;0.00
sve;18642591253;KLESARSTVO BRLETIĆ DOO;2000.00;1;0.00
sve;35083717576;KOKO LOKO POTTERY VL ZLATA JOVIĆ ALEIXO;2000.00;1;0.00
sve;16612037453;KONTO OBAD DOO;2000.00;1;0.00
sve;77237541738;UMJETNIČKA ORGANIZACIJA KHAOS KOLEKTIV;2000.00;1;0.00
sve;18788131915;GLAZBENA UDRUGA OPUS;2000.00;2;0.00
sve;83615500218;SVEUČILIŠTE U SPLITU FAKULTET GRAĐ.,ARHITEKTURE I GEODEZIJE;2000.00;1;0.00
sve;97493922891;FOLKLORNI ANSAMBL TUROPOLJE;2000.00;2;0.00
sve;17670424230;KLUB MLADIH TEHNIČARA DANKOVEC;2000.00;1;0.00
sve;14783876265;UMJETNIČKA ORGANIZACIJA PLEH;2000.00;2;0.00
sve;38443365286;FALA-UDRUGA ZA PR.SOC.OSJ.,ZAŠ.I PO.KV.ŽIV.I PO.TE.I RE.JAH.;2000.00;1;0.00
sve;67237031163;PIXIE STYLE DOO ZA USLUGE I TRGOVINU;2000.00;1;0.00
sve;44902049089;AUTOLIMARSKI OBRT TOMI VL TOMICA FERENČAK;2000.00;1;0.00
sve;22889869555;D.I.A.T.  DOO;2000.00;1;0.00
sve;54242351145;HRVATSKO STENOGRAFSKO DR STENOGRAFA BIROTEHNIČARA I INFOM;2000.00;1;0.00
sve;09630463831;ADAPTKO DOO ZA TRGOVINU I USLUGE;2000.00;1;0.00
sve;89321962182;GYMNASIUM DOO ZA USLUGE;2000.00;2;0.00
sve;08504334680;CRVENI BICIKL JDOO;2000.00;2;0.00
sve;41530185497;AGROKID DOO;2000.00;1;0.00
sve;88107583688;UDRUGA HRVATSKIH VOJNIH INVALIDA DOMOVINSKOG RATA TREŠNJEVKA;2000.00;1;0.00
sve;87840830594;AUTOSERVIS MRZLJAK VL ANTONIO MRZLJAK;2000.00;1;0.00
sve;97306877074;UDRUGA OBNOVA;2000.00;2;0.00
sve;27715602669;MEDUS BIRO DOO;2000.00;2;0.00
sve;06489047030;AGRO NORŠIĆ JDOO;2000.00;1;0.00
sve;84455133564;KULTURBUNT;2000.00;2;0.00
sve;47827021051;ISKRA - CENTAR ZA EDUKACIJU I SAVJETOVANJE;2000.00;1;0.00
sve;34822606742;CRAZY CAT ART OBRT ZA IZRADU SUVENIRA  VL DANIJELA ĐURIĆ;2000.00;1;0.00
sve;31775663619;POEZIJA SUBOTOM;2000.00;4;0.00
sve;41758611631;ARTEFAKT ARHITEKTI DOO ZA PROJEKTIRANJE;2000.00;1;0.00
sve;13978348477;FRIZERSKI SALON TERZIĆ VL MANUELA JAZBINŠEK;2000.00;1;0.00
sve;42257797103;CARLOS IGNACIO BELLANTE;2000.00;1;0.00
sve;86828835656;FORTUNA DOO;2000.00;2;0.00
sve;17151161441;UDRUGA ZA PROMOCIJU ULIČNOG TRENINGA STREETGAINZ;2000.00;1;0.00
sve;13529271893;INTERPRETA USLUGE DOO;2000.00;3;0.00
sve;52871011406;PLATYPUS;2000.00;1;0.00
sve;15711300787;VORTO PALABRA DOO;2000.00;2;0.00
sve;57236952892;MIVA D.O.O;1999.90;2;0.00
sve;18534412261;TEHNOSTRUKTURA DOO;1994.56;1;0.00
sve;19973542832;WEBPOWER ADRIA DOO;1987.50;12;0.00
sve;58353015102;ALCA ZAGREB D.O.O.;1986.60;2;0.00
sve;84273726855;SUPUTNICI;1960.00;2;0.00
sve;59198424658;EKOESCO DOO;1956.89;2;0.00
sve;31581956726;PROMO VECTOR DOO;1953.79;3;0.00
sve;02156877076;FOND STJEPAN ŠULEK;1950.00;3;0.00
sve;83364916789;DV MASLAČAK KRAPINSKE TOPLICE;1937.76;5;0.00
sve;23582531617;PRISTAN DOO;1936.28;1;0.00
sve;69525298855;VETERINARSKA BOLNICA HOSPIVET DOO;1925.00;5;0.00
sve;98683704857;D 2 DOO ZA EDUKACIJU SAVJETOVANJE I POSLOVNE USLUGE;1900.00;2;0.00
sve;90369181146;INTERNATIONAL DANCE OPEN JDOO;1900.00;1;0.00
sve;63460640304;GARK KONZALTING D.O.O.;1891.30;1;0.00
sve;58173733953;GEOTAG DOO;1875.00;1;0.00
sve;51769285992;NOTITIA DOO;1875.00;1;0.00
sve;27288460061;MOBILE COLOR DOO;1856.25;1;0.00
sve;88465781695;GRAPID DOO;1850.00;1;0.00
sve;33330763930;AB OVO PROJEKT D.O.O.;1850.00;2;0.00
sve;25237926971;VIA SOLIS DOO;1845.00;1;0.00
sve;75572393382;CONARVI LINE JDOO ZA TRGOVINU I USLUGE;1830.00;4;0.00
sve;85007697972;GALOP PRIJEVOZ DOO;1825.00;3;0.00
sve;67989735515;ODVJETNIČKO DRUŠTVO ŠAKIĆ I PARTNERI DOO;1812.88;2;0.00
sve;04944921195;ELEMENT JEDAN DOO;1812.50;1;0.00
sve;42501049830;PRODUKTRONIKA;1800.00;3;0.00
sve;03349728494;UDRUGA MLADIH LUMEN;1800.00;1;0.00
sve;75045072034;GRADNJA IVANEC DOO;1800.00;1;0.00
sve;67472992848;TONUS ZAGREB DOO;1800.00;1;0.00
sve;82513692107;ZAJEDNICA SPINALNO OZLIJEĐENIH;1800.00;1;0.00
sve;79238971604;DURO METAL OBRT ZA PROIZVODNJU VL NORMA ŠAFAR;1800.00;1;0.00
sve;58524492152;DAJ PET DOO ZA GRAĐENJE;1800.00;1;0.00
sve;44486685875;IVA KOZMETIKA DOO;1800.00;1;0.00
sve;27550044571;UDRUGA LIČANA I PRIJATELJA LIČKO PRELO ZAGREB;1800.00;2;0.00
sve;31453260788;AFRIKA U MOM SRCU;1800.00;2;0.00
sve;70322707983;KRIDO, OBRT ZA USLUGE VL. DOROTEJA BALAŠKO;1800.00;1;0.00
sve;87337408652;DRUŠTVO ZA POPULARIZACIJU ZNANOSTI VINKO DVORAK;1800.00;2;0.00
sve;30290222993;APELACIJA DOO;1800.00;1;0.00
sve;14895208600;GOURMET MEAT CO JDOO;1800.00;1;0.00
sve;32692177801;JP TEAM OBRT ZA VODOINST.RADOVE VL DINO JAKLENEC;1800.00;1;0.00
sve;17094516543;PIRIĆ PROMET DOO ZA TRGOVINU I GRAĐENJE;1800.00;1;0.00
sve;21238485723;PROJEKTNI ZADATAK DOO;1800.00;1;0.00
sve;00072483993;NK MLADOST BUZIN;1800.00;1;0.00
sve;09864717392;UDRUGA ZA SPORTSKE IGRE I KREATIVNI RAZVOJ MLADIH SPORTIĆ;1800.00;1;0.00
sve;55141567365;UČILIŠTE EU PROJEKTI;1800.00;2;0.00
sve;47916293380;BTA HRVATSKA DOO;1791.30;1;0.00
sve;37731280508;APPA 365 DOO;1791.00;5;0.00
sve;12374989570;HUB7 JDOO;1787.50;1;0.00
sve;68312282822;LMK INTERNATIONAL D.O.O.;1782.00;1;0.00
sve;08278545377;FIRE BROTHERS DOO;1779.00;2;0.00
sve;96371000697;SVEUČILIŠTE U OSIJEKU PREHRAMBENO TEHNOLOŠKI FAKULTET OSIJEK;1777.00;4;0.00
sve;04150850819;SVEUČILIŠTE  J J STROSSMAYERA U OSIJEKU GRAĐ I ARHITEK FAKUL;1768.99;2;0.00
sve;15011294281;ZAJEDNIČKI ODVJETNIČKI URED MARKO GRACIN I VATROSLAV ŠEGO;1764.32;1;0.00
sve;48396727398;CONNECT ENERGY JDOO;1762.50;1;0.00
sve;61437025077;DŽUNGLA SVIJET DOO ZA USLUGE I TRGOVINU;1758.00;2;0.00
sve;68088663052;DT SERVISNE RADIONICE JDOO ZA USLUGE;1752.77;1;0.00
sve;97554571451;FRIZERSKI STUDIO LU OBRT ZA USLUGE VL I MARAVIĆ;1750.00;1;0.00
sve;39051250751;ZDELICHKA  OBRT ZA IZRADU KERAMIKE VL ANA GREGURIĆ BENKO;1750.00;1;0.00
sve;99685187297;LIJEPA KOSA JDOO;1750.00;1;0.00
sve;33814649313;FEELUNIQUE JDOO;1750.00;1;0.00
sve;71164342309;SALONI BERNARDA DOO ZA FRIZERSKE USLUGE;1750.00;1;0.00
sve;82410741613;VANKINA CVJEĆARNICA JDOO;1750.00;1;0.00
sve;13735473648;AUTOMOBIL SOS KUČIŠ JDOO ZA USLUGE I TRGOVINU;1750.00;1;0.00
sve;41686661337;AUTO MOTO KRIŽANIĆ JDOO ZA POPRAVAK MOTORNIH VOZILA I TRG;1750.00;1;0.00
sve;50027210968;INVENTA IR2 DOO;1750.00;1;0.00
sve;11190765541;MIHA OBRT ZA USLUGE VL MIODRAG MIHAJLJEVIĆ;1750.00;1;0.00
sve;99307623254;GEO WILD D.O.O.;1748.75;1;0.00
sve;47178614720;NIKOM REKLAM DOO ZA IZGRADNJU SVJETLEĆIH REKL I TRG;1725.00;1;0.00
sve;52186644974;BILUX DOO;1712.50;3;0.00
sve;35067158852;M B SEMINAR DOO;1712.50;7;0.00
sve;99702507717;HRVATSKI SAVJET ZA ZELENU GRADNJU;1712.50;2;0.00
sve;58839546584;HOTEL OSIJEK DOO ZA TURIZAM;1707.66;6;0.00
sve;54421915834;UDRUGA ZMAYA;1700.00;2;0.00
sve;68464748098;JUPIII JDOO;1700.00;2;0.00
sve;71127634672;TAI VORTA;1700.00;3;0.00
sve;94419785201;NAKLADA CERES DOO;1700.00;2;0.00
sve;81412172571;GALLO RESTAURANT D.O.O.;1698.00;2;0.00
sve;77599516175;KAUMA DOO;1694.04;6;0.00
sve;58223979983;IMEP JDOO;1692.22;1;0.00
sve;78790858154;MEDICINSKA NAKLADA D.O.O.;1681.43;4;0.00
sve;73213741570;DOLLY LINK JDOO;1675.00;2;0.00
sve;49670290778;ANDRIN CONSULT DOO;1659.02;2;0.00
sve;76221238110;PROMET D.O.O. ZA PRIJEVOZ PUTNIKA MAKARSKA;1659.00;58;0.00
sve;48667832768;SVIBANJ PROJEKT DOO;1654.88;1;0.00
sve;21142433552;EURO DIJAMANT DOO;1650.00;2;0.00
sve;54200400007;TAEKWONDO KLUB MAKSIMIR;1650.00;1;0.00
sve;28457369235;EPTISA ADRIA DOO;1648.29;1;0.00
sve;33109439257;USTANOVA ZA OBR ODRASLIH IZ PODRUČJA INOV LID BIZ AGIL ILBA;1646.01;5;0.00
sve;71642207963;BAUHAUS-ZAGREB K.D.;1645.43;3;0.00
sve;71070402969;GRAD NOVI MAROF;1642.61;1;0.00
sve;78344221376;NARODNI TRGOVAČKI LANAC D.O.O.;1638.38;2;0.00
sve;38935991904;HELB DOO;1625.00;1;0.00
sve;10604441351;AUTO MOTO KLUB KRIŽEVCI;1614.00;61;0.00
sve;59508222673;HALOGRAF ART DOO;1608.00;2;0.00
sve;16787128429;INSTALOPRESS OBRT VL KRISTIJAN REĐANOVIĆ;1600.00;1;0.00
sve;88693331713;CENTAR LJEPOTE OBRT ZA USLUGE VL IVANA PETROVIĆ;1600.00;1;0.00
sve;34788479431;FRIZERSKI SALON M ART USLUŽNI OBRT VL MARTINA VUGRIN PRENKA;1600.00;1;0.00
sve;57481448044;SVE ZA IZGLED D.O.O. ZA TRGOVINU I USLUGE;1600.00;1;0.00
sve;47007059561;TOWN SIGHT JDOO;1600.00;5;0.00
sve;48804733198;FRIZERSKI SALON DE PORRES OBRT ZA USLUG.VL.VALENTINA ČABRAJA;1600.00;1;0.00
sve;55832184633;ELENA OBRT ZA ULJEPŠAVANJE VL ELENA BUČIĆ;1600.00;1;0.00
sve;87589476148;GO CUT OBRT ZA FRIZERSKE USLUGE VL SENKA GAČIĆ;1600.00;1;0.00
sve;97702498034;METAL INSTAL DOO;1600.00;1;0.00
sve;66294017091;TIBOR USLUGE DOO ZA TRGOVINU I USLUGE;1600.00;1;0.00
sve;03606987098;SIVIDA DOO ZA TRGOVINU I USLUGE;1600.00;1;0.00
sve;33610388947;ATOM TESLA ENERGY DOO;1600.00;1;0.00
sve;60911720811;AUREUS ADDITAMENTUM DOO ZA USLUGE;1600.00;1;0.00
sve;26276208658;FRIZERSKI SALON NIKA VL NIKA POPOVIĆ;1600.00;1;0.00
sve;35910423761;DRUŠTVO SPORTSKE REKREACIJE ZEKAONA;1600.00;1;0.00
sve;10276977622;IDEAL MEDICAL I BEAUTY GROUP JDOO;1600.00;1;0.00
sve;40818366536;LIM PRODUKT DOO ZA PROIZVODNJU I PROMET MET.PROIZVODA;1600.00;1;0.00
sve;41987059133;DEMETRA PROFESSIONAL JDOO ZA USLUGE;1600.00;1;0.00
sve;86488595055;GAMA ORDINO DOO;1600.00;1;0.00
sve;40920017107;PEDIKERSKI SALON GORDANA DOO ZA TRGOVINU I USLUGE;1600.00;1;0.00
sve;90420751653;AUTO LIM DOO;1600.00;1;0.00
sve;93830136269;VMD SERVIS DOO;1598.35;32;0.00
sve;42761894507;BOREA DOO;1597.68;3;0.00
sve;34650596827;AKTA DOO;1595.00;2;0.00
sve;42474114531;MIRAKUL DOO;1593.75;1;0.00
sve;25469027977;PIO DOO;1562.56;2;0.00
sve;29507221619;P AUDIO CENTAR ZAGREB;1562.50;1;0.00
sve;60410423010;GEOTONIKA JDOO;1562.50;1;0.00
sve;74647609320;UČILIŠTE IN KONZALTING  ZAŠTITA;1560.00;1;0.00
sve;67619852476;O, NE RADIONA D.O.O. ZA TRGOVINU I USLUGE;1525.00;2;0.00
sve;37268254106;GRADSKA LJEKARNA ZAGREB;1515.78;2;0.00
sve;20991407102;ODVJETNIČKO DRUŠTVO GLETOVIĆ I GALETOVIĆ DOO;1502.09;1;0.00
sve;45944055974;J F K OBRT ZA FRIZERSKE USLUGE VL JOSIP KNEŽIĆ;1500.00;1;0.00
sve;66297825417;ABM DESIGN DOO ZA USLUGE;1500.00;1;0.00
sve;34183635120;HELPING SOLUTIONS DOO;1500.00;1;0.00
sve;14799637945;DESTINACIJA SENZACIJA DOO;1500.00;1;0.00
sve;02296067655;GROOMING STUDIO MIA DONA VL MATEJA TOŠIĆ;1500.00;1;0.00
sve;56798010427;UDRUGA ANTIFAŠISTIČKIH BORACA I ANTIFA. SUSEDGRAD-ZAGREB;1500.00;1;0.00
sve;07814348786;FRIZERSKI STUDIO KISS VL SUZANA NOVAKOVIĆ;1500.00;1;0.00
sve;14272271395;DL INSTALACIJE OBRT ZA USLUGE VL DARKO LOVRIĆ;1500.00;1;0.00
sve;51751238773;INESTYLE OBRT ZA USLUGE VL INES BERANEK;1500.00;1;0.00
sve;09371547096;MARITA STUDIO JDOO;1500.00;1;0.00
sve;05579567256;MALILI USLUGE JDOO;1500.00;1;0.00
sve;38158569447;CUT TIME OBRT ZA USLUGE VL STJEPAN VUČKOVIĆ;1500.00;1;0.00
sve;00374964821;TAEKWONDO KLUB DUBRAVA;1500.00;1;0.00
sve;55608661782;FRIZERSKI SALON RUŽICA VL. RUŽICA JELAČIĆ;1500.00;1;0.00
sve;57761306070;FRIZERSKI SALON VILA VL VESNA MIOKOVIĆ;1500.00;1;0.00
sve;48074464528;OPĆINSKI SUD U DUBROVNIKU;1500.00;2;0.00
sve;94401084206;CENTAR ZA TRADICIJSKU KULTURU ETNOTEKA;1500.00;2;0.00
sve;24150991113;INSTALOKAJ  OBRT ZA USLUGE VL STJEPAN KAJBA;1500.00;1;0.00
sve;23462150193;DESEO PROJECT DOO;1500.00;1;0.00
sve;95045225723;FILM OBRT ZA USLUGE VL MIRNA BARTOLIĆ;1500.00;1;0.00
sve;54510417195;BASSI OBRT ZA USLUŽNE DJELATNOSTI VL LUKA BIŠĆAN;1500.00;2;0.00
sve;30167630564;ANA KARLA DOO SALONA ZA NJEGU LICA I TIJELA;1500.00;1;0.00
sve;09318148721;ABC HAIR CONCEPT;1500.00;1;0.00
sve;40470984519;HRGOVIĆ GARAGE AUTOMEHNIČARSKI OBRT VL MATIJA HRGOVIĆ;1500.00;1;0.00
sve;13713054548;FRIZERSKI SALON RITUAL BY ANITA , VL ANITA ĆORLUKA;1500.00;1;0.00
sve;14016635499;UMJETNIČKA ORGANIZACIJA BINOCULAR TEATAR;1500.00;2;0.00
sve;35289237704;FRANMARI OBRT ZA DIZAJN VL EVICA MILETIĆ;1500.00;1;0.00
sve;41545541828;BEAUTY STUDIO CALM , VL MAJA KROG;1500.00;1;0.00
sve;25731281616;MITA EL JDOO;1500.00;1;0.00
sve;16380264256;ELLE OBRT ZA KOZMETIČKE USL VL MIHAELA PAJIĆ;1500.00;1;0.00
sve;98383490992;IN CONTROL DOO;1500.00;1;0.00
sve;53949642647;MONTAŽA VALJAK JDOO;1500.00;1;0.00
sve;07715587680;STUDIO MILA DOO;1500.00;1;0.00
sve;16919791860;BEAUTY ATELIER K JDOO ZA USLUGE;1500.00;1;0.00
sve;32378565214;BONITA OBRT ZA KOZMETIČKE USLUGE VL ANITA JELICA FLETKO;1500.00;1;0.00
sve;46731869001;FABRIKA FRIZERSKI OBRT VL ANA BOŠNJAK;1500.00;1;0.00
sve;37069209636;CUBA OBRT ZA USLUGE VL MIRELA BERISHA;1500.00;1;0.00
sve;25160763272;UDRUGA SM  ART HRVATSKA;1500.00;2;0.00
sve;20329842324;JOSIPOVIĆ INTERIJERI  VL JOSO JOSIPOVIĆ;1500.00;1;0.00
sve;24334148801;UABA DUBRAVA SESVETE;1500.00;1;0.00
sve;10124580332;F BAEUTY CENTAR BY FABIJANA LAUS VL FABIJANA LAUS;1500.00;1;0.00
sve;89468470683;FFRIZERSKI STUDIO A STYLE VL ANDREJAKUREČIĆ;1500.00;1;0.00
sve;77372510603;GUBIĆ TUNING AUTOMEHANIČARSKI OBRT VL GORAN GUBIĆ;1500.00;1;0.00
sve;00671347544;SUVAJA JDOO ZA TRGOVINU I USLUGE;1500.00;1;0.00
sve;78511489289;TRI-TOM D.O.O.;1493.20;2;0.00
sve;84735647755;EFT USLUGE DOO;1493.10;1;0.00
sve;61970000850;UDRUGA LASTIN REP;1490.00;3;0.00
sve;62964813010;SLAVONIJA DOO;1485.90;1;0.00
sve;34076001142;UDRUGA MLADIH VELES;1485.00;3;0.00
sve;57524651551;FILIDA PUTNIČKA AGENCIJA DOO;1480.00;1;0.00
sve;18973844810;UNITED FIBER DOO;1480.00;1;0.00
sve;73646960228;BEST RESTAURANTS DOO;1476.60;3;0.00
sve;07928840919;PORIV JDOO;1476.50;4;0.00
sve;51572924444;VIRTUAL D.O.O.;1476.11;2;0.00
sve;09248242550;UDRUGA RAČUNOVOĐA  FINANCIJSKIH DJELATNIKA;1475.00;5;0.00
sve;65191050926;KATAPULT PROMOCIJA D.O.O. ZA OGLAŠAVANJE I PROMIDŽBU;1470.00;5;0.00
sve;60327383256;BONAVIA RIJEKA DOO;1466.50;5;0.00
sve;31890369785;SITOTIS TISKARA KARLUŠIĆ DOO ZA GRAFIČKU DJELATNOST;1462.50;2;0.00
sve;89978046220;PLAYER DOO ZA TRGOVINU I USLUGE;1458.75;1;0.00
sve;45257593233;MARKEK DOO;1449.88;2;0.00
sve;12515069057;ODVJETNIČKO DRUŠTVO VIDOVIĆ I PARTNERI DOO;1439.91;1;0.00
sve;71097298671;EOL GRUPA D.O.O. ZA ENERGETIKU;1437.56;1;0.00
sve;44077947991;TURBO X DOO ZA GLAZBENE USLUGE;1424.85;4;0.00
sve;31147921878;IKARPLAST D.D.;1424.00;48;0.00
sve;54597133705;KIT DOO ZA TRGOVINU I USLUGE;1419.68;3;0.00
sve;16756522442;JURKO USLUGE DOO ZA GRAĐENJE I TRGOVINU;1413.10;2;0.00
sve;24609583524;INSPEKT DOO U STEČAJU;1410.18;1;0.00
sve;71414839114;UMJETNIČKA ORGANIZACIJA PERIFERIJA;1400.00;1;0.00
sve;50212275892;UDRUGA ZA RAZVOJ KULTURE TOČKA KULTURE;1400.00;1;0.00
sve;98202348041;KANU KLUB KONČAR;1400.00;1;0.00
sve;73420960788;MEDIJSKI INFORMATIVNI CENTAR;1400.00;1;0.00
sve;15116335069;PLATFORMA HR. ŽUP. I GRAD. ZA SMANJENJE RIZIKA OD KATASTROFA;1400.00;3;0.00
sve;55694512221;ZAKLADA VESNA KRMPOTIĆ;1400.00;1;0.00
sve;47197093823;ČIPKICE-UDRUGA ZA PROMICANJE TRADICIJSKE GLAZBE;1400.00;1;0.00
sve;06597839139;DOBROVOLJNO VATROGASNO DRUŠTVO HRAŠĆE;1400.00;1;0.00
sve;61097943081;UDRUGA ATOM;1400.00;1;0.00
sve;52729842986;ČUVARICE VREMENA;1400.00;1;0.00
sve;82376202251;EMARKER DOO;1396.00;5;0.00
sve;88449424130;NOGOMETNI KLUB DINAMO ODRANSKI OBREŽ;1390.00;1;0.00
sve;16082815974;FIRST SHOOTER JDOO;1378.09;1;0.00
sve;99030025645;KONTOST PROJKET DOO ZA USLUGE;1375.00;1;0.00
sve;58933898865;BRIŠAR SERVIS D.O.O.;1373.38;4;0.00
sve;93801670545;MOGLO DOO;1368.75;1;0.00
sve;96788101798;BRAND AMBASADOR DOO;1365.00;2;0.00
sve;01384745725;GESCOM DOO;1360.41;1;0.00
sve;21688419865;CMC GROUP DOO;1355.99;7;0.00
sve;76698676880;CENTRALNA PERSPEKTIVA DOO;1350.00;1;0.00
sve;28147750893;METALMINERAL MONTAŽA DOO;1350.00;1;0.00
sve;25953903177;ŽEPOH DOO;1349.91;1;0.00
sve;05050699714;RIGETA D.O.O.;1340.79;1;0.00
sve;56930405488;SLAVONIJATRANS TEHNIČKI PREGLEDI D.O.O.;1340.00;54;0.00
sve;74388635244;MLADEN BEBER DOO;1327.25;5;0.00
sve;21722797722;ZAKLADA IVAN APOSTOLOVSKI;1327.23;1;0.00
sve;25170721692;PRINT STUDIO D.O.O.;1324.50;3;0.00
sve;67169815174;PELOTON D.O.O.;1320.25;3;0.00
sve;79643248889;IN TRI DOO ZA MULTIMEDIJALNE DJELATNOSTI;1320.00;2;0.00
sve;63746011055;R PLUS V DOO ZA DIZAJN;1320.00;1;0.00
sve;02380139739;THRUST DOO;1320.00;1;0.00
sve;90263048519;ELZAS D.O.O.;1317.38;3;0.00
sve;71629027685;ECCOS INŽENJERING DOO;1310.00;3;0.00
sve;63312231321;ZAMOST DOO;1300.00;1;0.00
sve;09444325229;PARATENISKI KLUB SIRIUS;1300.00;1;0.00
sve;55828087505;PROADRIA DOO;1293.40;4;0.00
sve;41036267867;DOMKO DOO;1287.50;1;0.00
sve;60523674656;PRO SLAP DIZAJN JDOO;1263.75;2;0.00
sve;85380500319;CVITANOVIĆ D.O.O.;1260.86;2;0.00
sve;68723580952;WAVES KOMUNIKACIJE DOO ZA USLUGE;1260.00;1;0.00
sve;69250183633;ZORKO ALEN;1260.00;1;0.00
sve;13321923957;GERO D.O.O.;1254.70;3;0.00
sve;51596086621;RESPECT PROJECT DOO;1250.00;1;0.00
sve;54486275397;UMJETNIČKA ORGANIZACIJA SKOP;1250.00;2;0.00
sve;53848380014;ALMA FASHION JDOO ZA USLUGE I TRGOVINU;1250.00;1;0.00
sve;76108805525;HRVATSKA AGENCIJA ZA CIVILNO ZRAKOPLOVSTVO;1250.00;1;0.00
sve;99489406751;CENTAR ZA PROMET I LOGISTIKU DOO ZA USLUGE;1250.00;1;0.00
sve;91778750999;INFOMEDIAOFFICE DOO;1248.75;3;0.00
sve;10489645447;GLINA PROMET DOO;1246.88;2;0.00
sve;94182844770;UDRUGA GLAZBENA KUĆA;1240.00;1;0.00
sve;54142727441;NIXORT DOO;1234.38;2;0.00
sve;36998794856;LESNINA H DOO;1226.30;1;0.00
sve;72864274418;PRO ALARM RJEŠENJA DOO ZA PRIVATNU ZAŠTITU OSOBA I IMOVINE;1225.00;1;0.00
sve;65278787645;DOBAR PARTNER DOO;1223.55;1;0.00
sve;95009391308;KLEK COMMERCE D.O.O. ZA TRGOVINU I USLUGE;1219.00;57;0.00
sve;24919984448;ALGEBRA D.O.O.;1215.00;1;0.00
sve;84698789700;MULLER TRGOVINA ZAGREB DOO;1215.00;1;0.00
sve;73334529004;MARŠIĆ DOO;1210.00;1;0.00
sve;11374156664;Z - EL D.O.O. ZA PROMET ELEKTRONIČKIM KOMPONENTAMA;1203.27;5;0.00
sve;07506720556;TIM SEDAM JDOO ZA USLUGE;1200.00;1;0.00
sve;12859943483;HRVATSKI SAVEZ UDRUGA TJELESNIH INVALIDA;1200.00;1;0.00
sve;64419604897;SLAP UDRUGA ZA OČUVANJE HRVATSKIH VODA I MORA;1200.00;1;0.00
sve;79237503397;DRAMSKA UDRUGA KAJ;1200.00;2;0.00
sve;33584421998;KREŠO GEO JDOO;1194.50;1;0.00
sve;42943757512;ROTTER ING DOO ZA PROJEKTIRANJE GRAĐENJE I NADZOR;1194.50;1;0.00
sve;14112477239;NAPRIJED COMMERCE DOO;1193.13;1;0.00
sve;60559344916;LOGICO DOO ZA MARKETING I KOMUNIKACIJE;1187.50;1;0.00
sve;81978173962;KAIROS IZDAVAŠTVO D.O.O.;1180.73;6;0.00
sve;00438631100;PIXEL STUDIO D.O.O.;1172.85;2;0.00
sve;78021427188;F - B TOURS D.O.O. ZA TRGOVINU, USLUGE I PUTNIČKA AGENCIJA;1162.50;2;0.00
sve;49756433865;GAJ GRUPA D.O.O. ZA TRGOVINU I USLUGE;1161.32;3;0.00
sve;82513385036;NOGOMETNI KLUB BLATO;1150.00;2;0.00
sve;72912838369;KAZALIŠNA DRUŽINA TEATAR PRESTIGE;1150.00;2;0.00
sve;68059540101;LAS DOO;1142.03;2;0.00
sve;84126655712;POVJERENIŠTVO SINDIKATA UMIROVLJENIKA HRVATSKE ZAGREB;1137.00;1;0.00
sve;28524583246;BEZ SLUHA JDOO ZA USLUGE;1130.00;2;0.00
sve;02095263263;ARHEO DOO;1128.15;1;0.00
sve;16381590465;HUMS;1125.00;1;0.00
sve;28077892245;GNOSIS;1125.00;1;0.00
sve;25439818475;HFC GRUPA DOO;1115.63;7;0.00
sve;10703950882;INSPIRO DUO DOO;1114.88;2;0.00
sve;57812223496;AUTOMAT CAFFE DOO;1111.00;7;0.00
sve;27140284479;ELEKTRO PIŽETA DOO;1107.50;1;0.00
sve;54459816781;DOBROVOLJNO VATROGASNO DRUŠTVO BUZIN;1100.00;1;0.00
sve;28797113989;H(RANA);1100.00;1;0.00
sve;58358923567;UDRUGA ZA AUTIZAM I OSTALE NEURODIVERGENTNOSTI ASK;1100.00;1;0.00
sve;92795490907;MEDECINC DU MONDE ASBL-DOKTERS VAN DE WERELD VZW;1100.00;2;0.00
sve;55967593756;TPT EDUKACIJE;1090.00;3;0.00
sve;68581456127;HRVATSKI AUTOKLUB - TEMELJNI AUTOKLUB VARAŽDIN;1085.00;62;0.00
sve;44162731570;INTERART GRAFIKA DOO ZA USLUGE I TRGOVINU;1083.75;2;0.00
sve;53848806583;OSOR PROMET D.O.O.;1081.38;2;0.00
sve;70951823096;DV DJEČJI SAN;1080.00;3;0.00
sve;85293269150;CORDIS DOO;1069.47;36;0.00
sve;67843389837;FIDEL GASTRO DOO;1063.30;1;0.00
sve;53339237141;MAXSIMPLE JDOO;1062.50;1;0.00
sve;02156897147;PINO KONZALTING DOO;1061.25;6;0.00
sve;62588918891;IVIČEK DOO;1056.00;1;0.00
sve;52516630471;DOBROVOLJNO VATROGASNO DRUŠTVO TRPUCI;1050.00;2;0.00
sve;81113719670;HINING PRO DOO;1050.00;1;0.00
sve;54392975253;KVAM SISTEM DOO;1047.00;1;0.00
sve;71176740176;KLALEDA D.O.O.;1032.50;1;0.00
sve;32380799753;BIĆE SVJETLOSTI JDOO ZA USLUGE;1025.00;1;0.00
sve;46032092967;ŠESTINSKI LAGVIĆ  DOO ZA USLUGE;1024.90;1;0.00
sve;66445126397;MATE D.O.O. ZA MARKETING TEHNOLOGIJA;1024.40;4;0.00
sve;89836623071;ACQUISITUM MAGNUM DOO;1021.97;2;0.00
sve;70960705947;STUDENTSKA UDRUGA ZA PROMICANJE ENERG UČINKOV I SAVJETOVANJA;1020.00;1;0.00
sve;36138701442;REDOX DOO;1014.46;4;0.00
sve;04269148903;PLAVI PROSTOR DOO;1010.40;21;0.00
sve;03781787462;TC SESVETE D.O.O.;1009.27;1;0.00
sve;79014493590;DOMATO LD DOO;1000.63;4;0.00
sve;91091923820;TAEKWONDO KLUB SUSEDGRAD SOKOL;1000.00;1;0.00
sve;13278092880;ZELENA ENERGETSKA ZADRUGA ZA USLUGE;1000.00;1;0.00
sve;32257332437;SPORTSKO PENJAČKI KLUB DURANGO;1000.00;1;0.00
sve;56010640293;JOCKEY KLUB HRVATSKE;1000.00;1;0.00
sve;63745230199;ODVJETNIČKO DRUŠTVO ZORIĆ I KARAČIĆ DOO;1000.00;1;0.00
sve;36392786508;KLUB IGRAČA AMERIČKOG NOGOMETA PATRIOTE;1000.00;1;0.00
sve;56744592283;SOMA DESIGN DOO;1000.00;1;0.00
sve;03981250245;NULA TRI GO DOO ZA DIZAJN;1000.00;1;0.00
sve;09377481666;GOSPODARSKI LIST DD;1000.00;2;0.00
sve;16798057478;SEKCIJA UHDDR CENTAR ZA POTPORU I PODUZETNIČKO DJ BRANITELJA;1000.00;1;0.00
sve;46747118204;UDRUGA HRVATSKIH CIVILNIH STRADALNIKA DOMOVINSKOG RATA GRADA;1000.00;1;0.00
sve;35414990068;HRVATSKI ROBOTIČKI SAVEZ;1000.00;1;0.00
sve;06674378579;KONSTRUKTA DOO;1000.00;1;0.00
sve;52561804834;LOVAČKA UDRUGA HRVATSKOG ČASNIČKOG ZBORA BAN JOSIP JELAČIĆ;1000.00;1;0.00
sve;33587819328;CONCEPT ABK DOO;1000.00;1;0.00
sve;66078036556;VJEŠTAK D.O.O. ZA VJEŠTAČENJE I DRUGE USLUGE;1000.00;1;0.00
sve;18940471354;UDRUGA ALKO APSTINENATA DUBRAVA CENTAR I;1000.00;1;0.00
sve;13973672648;CARPE VITA DOO;1000.00;1;0.00
sve;31407797858;IVKOM DOO;999.43;1;0.00
sve;88826408293;AUTOSERVISNI CENTAR D.D.;999.00;62;0.00
sve;18402305465;ERIKK BIRO DOO ZA USLUGEI TRGOVINU;999.00;1;0.00
sve;67025642845;ANDRO INTERNACIONAL D.O.O.;997.50;1;0.00
sve;10034615172;MIMAT COMPANY DOO;997.50;1;0.00
sve;74100689179;ARRAKIS D.O.O.;992.90;3;0.00
sve;10773476590;PROMO PROSPERITUM DOO;990.00;1;0.00
sve;01842858987;TAMBURAŠKI SASTAV NI 5 NI 6;990.00;1;0.00
sve;51668305252;LASER PROM D.O..O.;990.00;1;0.00
sve;17974548041;INDUSTRIJSKA MJERENJA DOO;975.00;2;0.00
sve;75289082816;BERIOM PROMO DOO;975.00;1;0.00
sve;89811416156;RADNO PRAVO ROSIP D.O.O.;969.44;4;0.00
sve;27753323706;TOMTING 2010 DOO;962.20;2;0.00
sve;53690373236;NOGOMETNI KLUB DRAGONOŽEC;950.00;2;0.00
sve;99385644510;TIGAR TEATAR;950.00;1;0.00
sve;77315050125;UMJETNIČKA ORGANIZACIJA DRAMSKA PRODUKCIJA KALEIDOSKOP;950.00;2;0.00
sve;54688366525;VENEFICUS DOO;933.95;5;0.00
sve;14406266414;ADRIATIC TRAVEL & TRADE DOO;926.00;1;0.00
sve;63701153601;ART MATERIJAL, D.O.O. ZA TRGOVINU;923.51;2;0.00
sve;52984115392;PLANET ZABAVE JDOO;920.70;2;0.00
sve;45763429642;DJEČJI VRTIĆ CIPELICA;907.50;11;0.00
sve;46897060061;BP -DIG DOO;905.00;2;0.00
sve;40121715817;GASTRO LP D.O.O. ZA TRGOVINU, UGOSTITELJSTVO I TURIZAM;902.00;1;0.00
sve;11702745743;AUTOHTONI OKUSI JDOO;900.00;1;0.00
sve;06771539298;TRAUSSNIG DOO;900.00;2;0.00
sve;89943934666;GRADION PROJEKT DOO ZA GRADITELJSTVO I USLUGE;900.00;1;0.00
sve;40332346074;UDRUGA UMIROVLJENIKA JAKUŠEVEC HRELIĆ;900.00;1;0.00
sve;38981878272;I P S JDOO;900.00;1;0.00
sve;29904594015;CENTAR DO;900.00;2;0.00
sve;29175243249;NAJAM OGRADA DOO ZA PROIZVODNJU TRGOVINU I USLUGE;896.10;2;0.00
sve;54576376096;HERZ D.D.;886.00;59;0.00
sve;56096703931;UDRUGA NAŠA PIKICA;880.00;2;0.00
sve;40627607407;PUĆO D.O.O.;876.41;3;0.00
sve;70427667907;MURMUR ARHITEKTURE DOO;875.44;1;0.00
sve;03919089153;ODVJETNIČKO DRUŠTVO LOZO I PARTNERI DOO;875.22;1;0.00
sve;91870105507;JADRANOVO DOO;875.00;1;0.00
sve;23359164583;METEOR GRUPA - LABUD DOO;875.00;1;0.00
sve;24146311117;BLITZ CINESTAR DRUŠTVO ZA KINOPRIKAZIVAČKE USLUGE DOO;866.60;1;0.00
sve;58633942475;ABAU DOO;866.36;2;0.00
sve;95562949871;CENTAR ZA RAČUNOVODSTVO I FINANCIJE D.O.O.;859.17;3;0.00
sve;88261026661;CONSORTIUM DOO ZA PROIZVODNJU TRGOVINU I USLUGE;857.64;1;0.00
sve;28370392421;AK VINKOVCI;856.97;52;0.00
sve;72706804397;PAINTERS OF THE GALAXY JDOO ZA UREĐENJE INTERIJERA;852.00;1;0.00
sve;61420757013;AUTO KLUB NOVA GRADIŠKA;851.00;60;0.00
sve;86231081842;PETRIĆ I KAJIĆ ODVJETNIČKO DRUŠTVO DOO;845.35;1;0.00
sve;26566866925;OPĆINSKI SUD U ZLATARU;843.20;4;0.00
sve;46674295008;HRVATSKO ASFALTERSKO DRUŠTVO;837.50;2;0.00
sve;68963092190;GARMIN HRVATSKA  D.O.O.;833.50;1;0.00
sve;74887997071;TEHNO MAG DOO;829.96;1;0.00
sve;58389924351;POGREBNO PODUZEĆE ZAGREB D.O.O.;829.50;5;0.00
sve;32874587842;DRAGER SAFETY D.O.O.;823.23;3;0.00
sve;38027917553;VD JAVNOG BILJEŽNIKA TOMISLAV GAROFULIĆ;822.99;16;0.00
sve;72908368249;OPĆINA OMIŠALJ;819.16;31;0.00
sve;79069474349;DHL INTERNATIONAL DOO;810.26;3;0.00
sve;08954544114;DRUŠTVO GRAĐEVINSKIH INŽENJERA ZAGREB;800.00;1;0.00
sve;75592902483;KLUB MLADIH TEHNIČARA GORNJI GRAD;800.00;1;0.00
sve;61364580715;UDRUGA BIOFILA HRVATSKE;800.00;2;0.00
sve;50284776047;TAMBURAŠKI SASTAV PRESTO;800.00;1;0.00
sve;15912171307;BOLJI UPRAVITELJ ZGRADA JDOO;797.62;10;0.00
sve;98254475563;SATIRA DOO;795.16;3;0.00
sve;89180831549;OBITELJSKO HUMANITARNO SPORTSKA UDRUGA NAPAĆENI OČEVI;794.00;1;0.00
sve;16482985033;BAJLO - MIL D.O.O. ZA TRGOVINU I USLUGE;780.78;3;0.00
sve;67998311121;KRISTALNO ČISTO DOO;771.19;1;0.00
sve;69299170541;ŠTIMAC VJEŠTAČENJA DOO;769.50;1;0.00
sve;46377257342;KLINIČKI BOLNIČKI CENTAR ZAGREB;767.81;28;0.00
sve;04236338614;ENERGO BIOMASA DOO;767.00;1;0.00
sve;14928169691;MIHALJEVIĆ NIKOLINA;761.34;2;0.00
sve;77305975826;BALTAZAR RESTORAN D.O.O.;755.50;1;0.00
sve;92313875544;STUDIO DORTI DOO ZA USLUGE I TRGOVINU;754.38;1;0.00
sve;91318471561;GIGA DOO;753.10;1;0.00
sve;60629252994;EQUI VET DOO ZA USLUGE;750.00;3;0.00
sve;42101660455;VAGUE FORMIDABLE DOO  ZA USLUGE;750.00;1;0.00
sve;59859453451;HOĆEMO PRAVEDNO;750.00;1;0.00
sve;96605206988;KOPI AS DOO;750.00;1;0.00
sve;51709192747;GRAĐANSKA UDRUGA DUGAVE;750.00;1;0.00
sve;38503502855;NOGOMETNI KLUB ĆIRO BLAŽEVIĆ ACADEMY;750.00;1;0.00
sve;16066267150;DVD ODRA;750.00;1;0.00
sve;04678927848;ROBOTIC PROCESS AUTOMATION DOO ZA USLUGE;750.00;1;0.00
sve;25767144455;PLANET IX DOO;748.75;2;0.00
sve;00756356319;HM PROMOTION DOO ZA INFORMACIJSKE TEHNOLOGIJE;735.63;5;0.00
sve;76598425509;MATIĆ DOO;726.51;14;0.00
sve;02652905925;TAHOMA DOO;726.00;2;0.00
sve;14064365692;PROLUFT ISUŠIVANJE DOO;725.00;2;0.00
sve;34993239589;SEECP TURIZAM DOO;720.35;1;0.00
sve;87728956905;PAMBI TABAK DOO;718.98;2;0.00
sve;00620826722;TENDERI D.O.O. OBRADA I DISTRIBUCIJA PODATAKA;715.19;2;0.00
sve;65553879500;HGSPOT GRUPA DOO;712.12;3;0.00
sve;78759188952;OLYMPIA VODICE DD;710.79;3;0.00
sve;30513194761;ENTRIO TEHNOLOGIJE DOO;709.50;2;0.00
sve;65638061875;SUPERKNJIŽARA DOO ZA TRGOVINU I USLUGE;706.27;2;0.00
sve;28674400422;AUTOSLAVONIJA D.D. ZA TRG.,POPRAVAK I ODRŽ. MOTORNIH VOZILA;701.00;58;0.00
sve;53861479363;MOTEL PLITVICE DOO U STEČAJU;700.11;1;0.00
sve;69743889073;PING PONG DOO ZA TRGOVINU I USLUGE;700.00;1;0.00
sve;05821545022;VIVID ORIGINAL DOO;700.00;1;0.00
sve;90964883149;PLESNI SOLISTI;700.00;1;0.00
sve;09587187627;STATOM DOO;700.00;1;0.00
sve;55680287313;SPORT EDUCA DOO;700.00;1;0.00
sve;02964137348;PUNTA SKALA DOO;699.00;1;0.00
sve;33197234413;DELLA COMUNITA RELIGIOSA SERBO ORTODOSSA DE TRIESTE;696.97;1;0.00
sve;57961950290;HAND DOO;693.00;1;0.00
sve;65688097699;PLITVICE DOGAŠ DOO;688.00;1;0.00
sve;88645558956;MDM UPRAVLJANJE DOO;684.12;39;0.00
sve;10044285421;AUTO KLUB HVAR;682.00;56;0.00
sve;30778480816;ARCHERY POINT JDOO;680.00;1;0.00
sve;99530279408;ULIKA D.O.O;680.00;1;0.00
sve;07944610653;PARKO DOO;675.00;1;0.00
sve;27921976652;NOVA FORMA DOO ZA PROIZVODNJU PROMET I USLUGE;674.65;2;0.00
sve;07406857929;LJEKARNE MANDISPHARM;673.00;1;0.00
sve;93843279375;ODVJETNIČKO DRUŠTVO PALIĆ I PARTNERI JTD;652.56;2;0.00
sve;01682048413;LIKOS PRINT JDOO ZA USLUGE;650.00;1;0.00
sve;95186057663;DESKON PROJEKTIRANJE JDOO;650.00;1;0.00
sve;47457997719;CRYSTAL CONSULT DOO;648.00;1;0.00
sve;70108447975;NAKLADA SLAP IZDAVAČKI I GRAFIČKO DOO;647.31;1;0.00
sve;20387977481;PRS FM & LOPEROSA DOO;642.90;4;0.00
sve;08263388075;UDRUGA PRAVNIKA U ZDRAVSTVU;640.00;2;0.00
sve;30295003016;KOMUNALAC DOO;638.68;7;0.00
sve;38304616284;OPĆINSKI SUD U PULI POLA;633.18;2;0.00
sve;76149261107;PROZIRNI NAMJEŠTAJ DOO;631.25;1;0.00
sve;42522821718;EDZ ELEKTRONIČKO DRUŠTVO ZAGREB;630.00;1;0.00
sve;91100547771;LUXOR GRUPA DOO ZA USLUGE;625.00;1;0.00
sve;22564207533;HENDRIH FELDBAUER DOO;625.00;1;0.00
sve;32585099777;GAČIĆ KATA;621.25;1;0.00
sve;94139426897;USTANOVA ZA ZDRAVSTVENU SKRB PROFOZIĆ;620.00;8;0.00
sve;60692931912;TT GRADNJA DOO;617.50;1;0.00
sve;68924850471;BOBAN TIHOMIR;613.31;1;0.00
sve;62321382256;BIOM PRIRODA U DRUŠTVU DOO;605.75;2;0.00
sve;62084414176;NJEMAČKA ŠKOLSKA UDRUGA;600.00;1;0.00
sve;90848334607;PROJEKT PARESIA VL TINA PRIMORAC;600.00;1;0.00
sve;08857161134;CUBE STUDIO DOO;600.00;1;0.00
sve;47256166855;KRONIKE VELIKE GORICE DOO;600.00;1;0.00
sve;88316173290;UMJETNIČKA ORGANIZACIJA MAXIMUM;600.00;2;0.00
sve;70495514263;MLADI ZA BREZOVICU;600.00;2;0.00
sve;85230938033;STUDIO STATIKE DOO ZA PROJEKTIRANJE;600.00;1;0.00
sve;74668827935;HRVATSKO BOTANIČKO DRUŠTVO;600.00;1;0.00
sve;20493474222;AGOGA CENTAR ZA SPORT I REKREACIJU;600.00;1;0.00
sve;89990890950;ALECTORIS BIRDING DOO;600.00;1;0.00
sve;62353792202;MODUL STATIKA JDOO;600.00;1;0.00
sve;80570130360;METALIKA DOO;595.10;1;0.00
sve;80096790804;VINDIJA TRGOVINA DOO;594.27;1;0.00
sve;44138062462;VINDIJA D.D.;594.26;1;0.00
sve;80805858278;KD VODOVOD I KANALIZACIJA DOO;594.02;7;0.00
sve;87301734795;INTERSPORT H DOO ZA TRGOVINU PROIZVODNJU I USLUGE;586.87;1;0.00
sve;00169641424;JACQUARD DOO ZA TRGOVINE I USLUGE;576.00;1;0.00
sve;26283740829;ADRIA SPORT DOO ZA TRGOVINU I USLUGE;570.00;1;0.00
sve;33903207730;ROBI GRAFIKO DIZAJN JDOO;567.50;1;0.00
sve;61160611372;AGROSERVIS STP DOO;563.00;61;0.00
sve;28491086971;MIRT INTERIJER DOO;562.50;1;0.00
sve;86302144461;EUROGLOSSA DOO;562.50;1;0.00
sve;85339174260;HORIZONT PUTNIČKA AGENCIJA DOO;560.70;2;0.00
sve;42927423078;LUKVEL DOO;557.50;1;0.00
sve;86196084068;E RAČUNI DOO;557.44;2;0.00
sve;21285804919;ACT PRINTLAB DOO;556.25;1;0.00
sve;63420097130;O TOURS PCO DOO;556.00;2;0.00
sve;89104907543;KOTURALJAŠKI KLUB MEDVEŠČAK;550.00;2;0.00
sve;70840886172;GEOANDA D.O.O.;550.00;1;0.00
sve;85821188970;ARANEA MALOPRODAJA DOO ZA TRGOVINU I USLUGE;549.85;3;0.00
sve;52278424824;INFORMATIKA SISTEMI DOO;542.35;2;0.00
sve;49721702445;AUTOPRIJEVOZ D.D.;542.00;56;0.00
sve;37322381288;O K TEH DOO ZA TRGOVINU I USLUGE;539.98;1;0.00
sve;56822948795;SAVEZ ENERGETIČARA HRVATSKE;537.50;4;0.00
sve;75549652269;KVADRATURA DOO;529.25;2;0.00
sve;21353746909;KONTROLING KOGNOSKO DOO;525.00;1;0.00
sve;64499016017;ŠAHOVSKI KLUB IVAN DVORŽAK;520.00;1;0.00
sve;67873793120;BIKE TOURS ZAGREB JDOO;517.50;1;0.00
sve;83545131955;ODVJETNICA ZVJEZDANA ZNIDARČIĆ BEGOVIĆ;512.50;4;0.00
sve;22413472900;MINISTARSTVO GOSPODARSTVA I ODRŽIVOG RAZVOJA;501.35;4;0.00
sve;11869822073;GRAD CRIKVENICA-GRADSKO POGLAVARSTVO;500.00;1;0.00
sve;90481313264;INTRADOS PROJEKT DOO;500.00;1;0.00
sve;88300141132;UDRUGA ZA PROMICANJE I RAZVOJ ŠAHA MAT U 2;500.00;1;0.00
sve;16645975996;UDRUGA PROFESOR BALTAZAR;500.00;1;0.00
sve;36900094215;MEĐUNARODNA AKADEMIJA ODRŽIVOG RAZVOJA;500.00;1;0.00
sve;26391176701;PINKLEC KLUB JDOO;500.00;1;0.00
sve;45463979688;BANANA TON DOO;500.00;1;0.00
sve;02229990068;GOGING DOO;500.00;1;0.00
sve;41412256601;UDRUGA DRAGOVOLJACA I VETERANA DR RH PODRUŽNICA GRAD ZAGREB;500.00;1;0.00
sve;05782885181;ŠAHOVSKI KLUB MAKSIMIRSKI GAMBIT;500.00;1;0.00
sve;21819941955;TURIST DOO ZA UGOSTITELJSTVO I TRGOVINU;498.30;2;0.00
sve;02059736476;IDA DIDACTA D.O.O.;497.87;2;0.00
sve;74246504609;GRAPRO DOO;497.70;1;0.00
sve;66756530219;DIGITECH DOO;497.50;1;0.00
sve;91090634935;AUTOKLUB SUPETAR;497.00;14;0.00
sve;15880565001;GURMAN DOO;494.80;1;0.00
sve;63634588885;ME ET ME DOO ZA USLUGE TURISTIČKA AGENCIJA;493.00;1;0.00
sve;41014132301;TRAVEL POINT CROATIA JDOO;492.85;1;0.00
sve;82415089066;TAMBOUR EAST DOO;490.75;1;0.00
sve;24929691978;DVOR TRAKOŠĆAN;490.00;1;0.00
sve;22347295971;CHOCO SLASTICE DOO;490.00;2;0.00
sve;07038712022;IRONING CLUB DOO;487.50;1;0.00
sve;99904910808;TEHNIČAR PROMET DOO;478.44;8;0.00
sve;30541924581;AQUA EL-TEH D.O.O.;475.00;1;0.00
sve;60256816339;REPRO GRAV DOO;475.00;1;0.00
sve;90723880314;PAPYRUS DOO ZA TRGOVINU I USLUGE;474.79;1;0.00
sve;77858612573;SPIRITOSO  D O O;474.20;2;0.00
sve;00799310963;PROMING HCH DOO;469.98;1;0.00
sve;65413332216;MAJC DOO;468.75;1;0.00
sve;63182396571;DUĆAN DOO;466.00;1;0.00
sve;61651285801;IV NAKLADNIŠTVO DOO;462.50;1;0.00
sve;81273950425;PROJECTUS GRUPA DOO;459.78;1;0.00
sve;02788022793;BELA SPORT DOO ZA TRGOVINU I USLUGE;452.35;2;0.00
sve;95868917219;ODVJETNIČKO DRUŠTVO VUKINA I PARTNERI DOO;450.00;1;0.00
sve;49587928436;UDRUGA ZA POBOLJŠANJE KVALITETE ŽIVOTA ČISTA POZITIVA;450.00;1;0.00
sve;43034249665;ELOQUENTIA OBRT ZA PREVOĐENJE I INT USLUGE VL DENIS PAVIĆ;450.00;2;0.00
sve;67939934253;STRELJAČKO DRUŠTVO KUPINEČKI KRALJEVEC;450.00;1;0.00
sve;55374795340;MIRKO HVALA JDOO ZA VJEŠTAČENJA I USLUGE;449.21;1;0.00
sve;02958272670;HRVATSKI ZAVOD ZA ZDRAVSTVENO OSIGURANJE;441.28;6;0.00
sve;94766180676;CONVENTUS CREDO DOO;440.00;1;0.00
sve;63682958051;VELINAC DOO ZA PROIZVODNJU I TRGOVINU;438.00;1;0.00
sve;69857578031;ATALIAN GLOBAL SERVICES CROATIA DOO;437.50;1;0.00
sve;96929757925;MARVID TRADE JDOO;437.50;1;0.00
sve;77197933387;GANIMA DOO;429.25;1;0.00
sve;34559757098;FIVITO GRUPA DOO;427.50;1;0.00
sve;82899228489;MOJA IDEJA DOO ZA USLUGE;425.00;1;0.00
sve;82603658285;NEOVET DOO ZA VETERINARSKU DJELATNOST;425.00;3;0.00
sve;83997642580;ARENA CENTAR ZAGREB  DOO;421.40;1;0.00
sve;26527782914;SVJEŽA HRANA DOO;420.36;1;0.00
sve;64021574271;KEMOBOJA-DUBRAVA DOO ZA TRGOVINU;420.03;1;0.00
sve;06916431329;SUNCE HOTELI DD;420.00;1;0.00
sve;14666659478;LUMUS LOGISTIKA JDOO;420.00;1;0.00
sve;27566638716;BONUS OPINIO DOO;417.90;3;0.00
sve;89288325208;ODVJETNIČKO DRUŠTVO HAID I ŠVALJEK KREŠIĆ JTD;414.76;1;0.00
sve;78286431452;BESTRENT DOO;413.75;1;0.00
sve;18603636274;TEHNOPRAH DOO;408.75;1;0.00
sve;49182241027;HOTEL TRAKOŠĆAN DOO;404.77;1;0.00
sve;34681350689;GLAS GRAĐANSKO LIBERALNI SAVEZ;400.00;1;0.00
sve;36315621653;NANOSEC TRADE JDOO ZA TRGOVINU I USLUGE;400.00;1;0.00
sve;45943459741;RIJEČI/ PRAVE/ PREDSTAVE;400.00;1;0.00
sve;25617911493;SOFTBALL KLUB NOVI ZAGREB;400.00;1;0.00
sve;03541568700;PRAVNI FAKULTET U SPLITU;400.00;1;0.00
sve;52316128797;DITOBIT DOO;400.00;1;0.00
sve;20271438695;DOBROVOLJNO VATROGASNO DRUŠTVO BELOVAR;400.00;2;0.00
sve;79358074021;DOBROVOLJNO VATROGASNO DRUŠTVO KAŠINA GORNJA;400.00;2;0.00
sve;62767157304;UTILIUM DOO TRGOVINA I USLUGE;394.90;1;0.00
sve;87950783661;HRVATSKA REGULATORNA AGENCIJA ZA MREŽNE DJELATNOSTI;390.12;6;0.00
sve;42316757988;GERD D.O.O.;388.13;1;0.00
sve;70472000715;BALON CENTAR DOO ZA USLUGE;385.00;2;0.00
sve;97895722777;UDRUGA ENERGETIČARA ZAGREB;380.00;1;0.00
sve;06880630974;DOBROVOLJNO VATROGASNO DRUŠTVO KOBILJAK;380.00;3;0.00
sve;82935099849;ŽIVI BAR DOO;378.28;1;0.00
sve;29400498330;STANICA ZA TEHNIČKI PREGLED VOZILA D.O.O. - PITOMAČA;376.00;59;0.00
sve;27381849425;LABO DOO;375.00;1;0.00
sve;67106365632;KOPKO DOO ZA USLUGE I TRGOVINU;371.00;1;0.00
sve;69882918953;FOODFEST DOO;370.00;3;0.00
sve;92679326191;BENKOVO DOO;370.00;2;0.00
sve;85293920018;HUM - HRVATSKA UDRUGA ZA MIRENJE;364.99;1;0.00
sve;21634912096;KAVALA DOO;364.20;1;0.00
sve;91653777677;INTERVEKTOR DOO;363.08;3;0.00
sve;29824444539;MASTER MEDIA DOO ZA USLUGE;360.00;1;0.00
sve;95897471151;HUMANISEXTRA 01 JDOO ZA USLUGE;360.00;1;0.00
sve;52608448846;UDRUGA ZA PROMICANJE AKTIVNOG NAČINA ŽIVOTA ODRASLIH OSOBA;350.00;1;0.00
sve;35561336239;JSN COMON DOO;350.00;1;0.00
sve;81434223394;VERIDON D.O.O. ZA SAVJETOVANJE I GRADITELJSTVO;350.00;2;0.00
sve;32693155352;HRVATSKO STATISTIČKO DRUŠTVO;350.00;1;0.00
sve;16772879606;MALI ŠAHISTI DOO;350.00;1;0.00
sve;88237683881;FURKI SPORT DOO ZA USLUGE;350.00;1;0.00
sve;64125437677;PONIKVE VODA D.O.O.;347.62;31;0.00
sve;81474163923;SPORTSIUM GRUPA DOO;342.30;1;0.00
sve;00912607863;UVIJEK VRIJEDNI DOO;340.70;1;0.00
sve;65237870203;AMERIČKA MEĐUNARODNA ŠKOLA U ZAGREBU;340.00;1;0.00
sve;72852574105;PALADIUM PROJEKT DOO;337.80;1;0.00
sve;41048131537;GOSTRADE D.O.O. ZA TRG.,PROIZVODNJU I USLUGE;337.50;1;0.00
sve;01409935901;POGREBNO LUČKO DOO;331.82;2;0.00
sve;55224819686;PROSPEKT D.O.O.;331.81;1;0.00
sve;42718923078;AUTO KLUB NAŠICE;331.00;57;0.00
sve;13439120211;BINA ISTRA DD;329.00;12;0.00
sve;38227622392;HARISSA DOO ZA USLUGE I TRGOVINU;325.40;1;0.00
sve;26416570803;SVEUČILIŠTE J J STROSSMAYERA U OSIJEKU - PRAVNI FAKULTET;324.00;12;0.00
sve;58247194538;ŠARENI KUTAK DOO;321.80;1;0.00
sve;58773645551;ARTELIER SAFARI VL ANTONIA RUKAVINA;320.00;1;0.00
sve;40246502555;PROMOPRINT DOO;315.00;2;0.00
sve;24796394086;ŠKOLSKE NOVINE D.O.O.;315.00;3;0.00
sve;20827899143;KRUHONJA VIŠNJICA;313.66;1;0.00
sve;41396589417;GRANDIS DOO;312.50;1;0.00
sve;23073828879;GODJI DOO ZA SAVJETOVANJE I USLUGE;312.50;1;0.00
sve;22351243521;MALI PARTY JDOO;312.50;1;0.00
sve;84874223202;LOVAC TRGOVINA VELEPRODAJA D.O.O;312.50;1;0.00
sve;04342362657;STUDIO 2M DOO;312.50;1;0.00
sve;32603881196;AUTOPROMET D.D.;312.00;52;0.00
sve;91300378805;MAJSTORI SVIJEĆA DOO;300.30;1;0.00
sve;02772298660;OLD GOLD CLUB UDRUGA ZA PROMIC INTERESA OSOBA STARIJE ŽIV DO;300.00;1;0.00
sve;82869431462;GAUDEAMUS OBRT ZA PRUŽANJE USL U TUR VL BORIS ŠUŠNJAR;300.00;1;0.00
sve;71381714109;PLESNI CENTAR ZAGREB DOO ZA PLESNE DJEL USL I TRGOVINU;300.00;1;0.00
sve;44845612948;CREADISO DOO;300.00;1;0.00
sve;18754661702;ADAPT ONE SOLUTION DOO ZA TURIZAM I USLUGE;300.00;1;0.00
sve;66255669661;UDRUGA KREATIVAN TRENING;300.00;1;0.00
sve;37057843098;DVIJE PALME DOO ZA USLUGE;296.40;1;0.00
sve;24134265432;MARTOM FLORA DOO;295.84;1;0.00
sve;37772539978;KAMENJAK DOO;294.19;13;0.00
sve;28893934485;BOŠNJAK VELAGIĆ LADA;294.00;1;0.00
sve;36941458821;CENTAR KOVAČIĆ D.O.O.;294.00;55;0.00
sve;41200498236;NOVUS ADRIA DOO ZA TRGOVINU I USLUGE;275.00;1;0.00
sve;75444587892;PAMIGO DOO;271.60;1;0.00
sve;72137124951;KOVAČEV ING DOO;271.24;1;0.00
sve;54350123718;MOVA SERVIS DOO;268.25;1;0.00
sve;01288361479;ZŠEM POSLOVNA AKADEMIJA DOO;265.63;1;0.00
sve;37357453647;AGENCIJA APPA DOO;265.00;2;0.00
sve;44725135398;HENNLICH DOO;264.00;1;0.00
sve;56011107731;MAXILARI DOO;263.59;1;0.00
sve;58203211592;PAN-PEK D.O.O.;262.40;1;0.00
sve;43505502369;METROPOLITAN HRVATSKA DOO;260.00;1;0.00
sve;18711058267;ODVJETNIČKO DRUŠTVO ĆURKOVIĆ I ŠANJUG DOO;257.92;3;0.00
sve;99333100809;STANICA ZA TEHNIČKI PREGLED VOZILA BLATO DOO;257.00;46;0.00
sve;84996804446;HRVATSKA UDRUGA ZA ODNOSE S JAVNOŠĆU;256.25;1;0.00
sve;62462242629;VG VODOOPSKRBA D.O.O.;252.75;27;0.00
sve;09106224930;DIGIPUNKT D.O.O.;250.00;1;0.00
sve;34695138237;M SAN GRUPA DOO;250.00;1;0.00
sve;88290854435;MAX DECO DOO;250.00;1;0.00
sve;12106598315;VE PRINT DOO;249.38;1;0.00
sve;79989039179;DURTECH GROUP DOO;248.30;9;0.00
sve;09931144729;ODVJETNIČKO DRUŠTVO TODTLING I PARTNERI DOO;244.59;2;0.00
sve;27096844021;TAPIKER DOO;241.91;2;0.00
sve;03060693877;POLIMER DOO;240.33;1;0.00
sve;05461674840;BUG  D.O.O.;240.00;3;0.00
sve;91809340676;AGRO CASTUS DOO;236.25;1;0.00
sve;40699482950;HOTELI ZADAR DD;233.00;1;0.00
sve;47681661111;ARTO DOO;233.00;2;0.00
sve;21605140366;ARMANO LINTA DOO;225.00;1;0.00
sve;81709522951;SUPRA PRIND PUBLIC DOO ZA USLUGE;225.00;1;0.00
sve;77351182595;LINK 2 D.O.O. ZA PROJEKT.,PROIZ. I MONT. EL. NAD. I IN. SUS.;225.00;1;0.00
sve;58187673244;SELF DETERMINATION THEORY DOO;223.75;1;0.00
sve;82822119818;SEPTUM DOO;222.00;1;0.00
sve;49628161380;DVD BUKOVAC;220.00;1;0.00
sve;55462057999;MV LOGISTIC DOO;220.00;1;0.00
sve;25339781941;ODVJETNIČKO DRUŠTVO TEREŠAK & PARTNERI;217.26;6;0.00
sve;76656069231;ODVJETNIK DRAŽEN JERKOVIĆ;216.28;3;0.00
sve;89021876450;CONCOLOR DOO;215.20;1;0.00
sve;69139779463;LJEKARNE FILIPOVIĆ;215.10;1;0.00
sve;33949636978;TRAVAŠ I PARTNERI ODVJETNIČKO DRUŠTVO DOO;214.05;1;0.00
sve;51390945090;TEHNIČAR-COPYSERVIS D.O.O.;212.50;1;0.00
sve;20927618113;DR PHARMA DOO;210.18;1;0.00
sve;96063013771;PLATFORMA ZA ODRAZOVAJE;210.00;1;0.00
sve;45065170578;POSLOVNI EDUKATOR DOO;210.00;1;0.00
sve;56373381765;LEKATRON DOO;206.25;1;0.00
sve;35180497607;PIKAR D.O.O.;205.30;1;0.00
sve;80307741154;NAJ-DOMUS D.O.O.;202.38;1;0.00
sve;21110311035;HIT KONFERENCIJA DOO;200.00;1;0.00
sve;37853505076;POWER NET JDOO ZA USLUGE;200.00;1;0.00
sve;67238074847;DOBROVOLJNO VATROGASNO DRUŠTVO BLAGUŠA;200.00;1;0.00
sve;77955797727;ZAGORJE DIGITAL DOO;200.00;1;0.00
sve;80574119736;TIME SHUTTLE MREŽA DOO ZA TRGOVINU I USLUGE;200.00;1;0.00
sve;30738860176;VEMI DOO;200.00;1;0.00
sve;63470946586;SALON LJEPOTE SUNČICA JDOO ZA USLUGE;200.00;1;0.00
sve;24783614642;BONIĆ DRAŽEN;200.00;3;0.00
sve;57881852421;KB DOO ZA PROIZVODNJU I TRGOVINU;195.44;1;0.00
sve;05873359168;PEKARA DUBRAVICA D.O.O.;194.81;1;0.00
sve;24444413949;AT ITPS DOO;194.30;9;0.00
sve;28221820465;AUTO KLUB PAZIN;194.00;46;0.00
sve;61037058902;MAGIC OMENS DOO ZA TRGOVINU I USLUGE;194.00;1;0.00
sve;33650879020;PAMETNA KUĆA DOO;192.00;1;0.00
sve;57560191883;LIMES PLUS D.O.O;188.41;1;0.00
sve;14426038690;DOMINION DOO;187.50;1;0.00
sve;44839495381;GOLDTOURS DOO;185.00;1;0.00
sve;66830546104;FTG DISTRIBUCIJA DOO;180.20;1;0.00
sve;48125365269;DVA KRILA DOO;180.00;1;0.00
sve;85264201698;ATLETSKI KLUB MAKSIMIR;175.00;1;0.00
sve;09873990909;TEKACOLOR DOO;174.88;1;0.00
sve;10383719392;FAGRON HRVATSKA DOO;173.29;1;0.00
sve;45237012600;SAVA OSIGURANJE DD PODRUŽNICA HRVATSKA;167.10;4;0.00
sve;53560300360;DOMINO OPATIJA DOO;163.00;1;0.00
sve;62148935586;CENTAR ZA DIZAJN I PROMIDŽBU DOO;162.50;1;0.00
sve;17231519023;KAZNIONICA U VALTURI ODJEL ZA RAD I STRUKOVNU IZOBRAZBU;162.00;42;0.00
sve;85267957976;FARMACIA ZDRAVSTVENA USTANOVA ZA LJEKARNIČKU DJELATNOST;161.34;1;0.00
sve;82667270868;AUTOCESTA ZAGREB-MACELJ DOO;160.00;26;0.00
sve;23950119865;HOTEL VARAŽDIN DOO;159.52;1;0.00
sve;81967066170;TOP PRINT DOO;156.25;1;0.00
sve;51489398708;OKINAWA DOO ZA TRGOVINU I USLUGE;154.50;1;0.00
sve;50263490046;ROMBIKE SERVISI I USLUGE JDOO;154.00;1;0.00
sve;04658509570;THOR GYMNASION JDOO;150.00;1;0.00
sve;81700550832;REPUBLIKA HRVATSKA MINISTARSTVO UPRAVE;150.00;5;0.00
sve;95417725656;385 MEET EVENTS DOO;150.00;1;0.00
sve;15893647219;INSTITUT ZA JAVNU UPRAVU;150.00;1;0.00
sve;91361450490;ZAGREBAČKI BUBNJARI;150.00;1;0.00
sve;95098435767;VENI VOCALIS DOO;149.00;1;0.00
sve;67315925657;BARNJAK STIPO;147.00;1;0.00
sve;99964711951;ZAGORSKI LIST DOO ZA NAKLADNIČKU DJELATNOST;146.88;1;0.00
sve;51794570679;HUZRM;140.00;1;0.00
sve;22809411811;EURODOM TRGOVINA DOO;139.15;1;0.00
sve;23988915754;ROMOS COMMERCE DOO;136.46;1;0.00
sve;44438339914;GRAFOCENTAR DOO ZA GRAFIČKU DJELATNOST;131.98;1;0.00
sve;61452840082;IZDAVAČKA KUĆA POSLOVNA LITERATURA D.O.O.;131.04;1;0.00
sve;91025636357;BIJELI ČAROBNJAK D.O.O. ZA TRGOVINU I USLUGE;130.50;1;0.00
sve;69410598395;CENTAR ZA PROFESIONALNU REHABILITACIJU ZAGREB;127.44;1;0.00
sve;55497820258;ODVJETNIČKO DRUŠTVO BALATINEC I NIKOLIĆ DOO;125.00;1;0.00
sve;41123432328;START KONGRESI JDOO;123.75;1;0.00
sve;83794797443;SIGNOPLAST D.O.O.;123.50;1;0.00
sve;68387692968;PINERO DOO ZA MARKETING I POSREDOVANJE;120.00;1;0.00
sve;78661516143;HRVATSKA ZAJEDNICA OSNOVNIH ŠKOLA;120.00;1;0.00
sve;67131617872;DS SMITH BELIŠĆE CROATIA DOO;120.00;42;0.00
sve;18603084012;VAL SAVJETOVANJE DOO;120.00;2;0.00
sve;68755468505;HOTEL SPLIT DD;118.72;1;0.00
sve;47432874968;KAUFLAND HRVATSKA KOMANDITNO DRUŠTVO ZA TRGOVINU;118.61;1;0.00
sve;66555217074;ODVJETNIČKO DRUŠTVO HONDL,KONIĆ,ŠIMUNOIVĆ,BATUR I PARTNERI;111.61;2;0.00
sve;76197627025;ODVJETNIČKO DRUŠTVO KRIŽANEC CAR PAVLIĆ I POPARIĆ;109.74;1;0.00
sve;72519049956;PČELARSTVO DARUVAR D.O.O.;107.75;1;0.00
sve;29113541841;VODOOPSKRBA I ODVODNJA ZAPREŠIĆ D.O.O.;106.58;32;0.00
sve;03289395043;NUCLEUS DOO;104.90;1;0.00
sve;00643859701;OFFERTISSIMA D.O.O. ZA TRGOVINU NA VELIKO I MALO, UG. I GRA.;104.44;1;0.00
sve;49501583140;ŠTOKIĆ TOMISLAV;103.60;1;0.00
sve;04155352667;PONIKVE EKO OTOK KRK DOO;102.99;1;0.00
sve;44298008659;STEČAJNA MASA IZA TEMPO DD U STEČAJU;100.00;1;0.00
sve;43230313484;MADERO & BEAUTY GABRIJELA JDOO;100.00;1;0.00
sve;91725363853;SUPER IGRA DOO;99.80;1;0.00
sve;47625859155;ODVJETNIČKO DRUŠTVO REŠETAR I PARTNERI DOO;96.62;1;0.00
sve;80058362188;MOJ URED DOO ZA PROIZVODNJU TRGOVINU I USLUGE;95.39;1;0.00
sve;18180861064;ZAHVALE I SJEĆANJA DOO;95.24;8;0.00
sve;74604769290;BIROMA DOO;94.75;1;0.00
sve;23197705042;ZU LJEKARNA PABLO;93.50;1;0.00
sve;31380789055;FILIPOVIĆ COMMERCE DOO;90.04;1;0.00
sve;55491452511;LOVAČKA UDRUGA ŠLJUKA BENA LUKINIĆ BRDO;90.00;1;0.00
sve;71890227727;KAPLJICA D.O.O.;89.60;1;0.00
sve;34016189309;SVEUČILIŠNI RAČUNSKI CENTAR SRCE;88.00;1;0.00
sve;86023224138;ISPIS DOO ZA GRAFIČKU DJELATNOST I USLUGE;87.68;1;0.00
sve;00966532199;VD JAVNOG BILJEŽNIKA IVAN VULJANIĆ;87.50;7;0.00
sve;94124811986;DM-DROGERIE MARKT DOO;86.19;1;0.00
sve;78866932443;OPĆINSKI SUD U ZADRU;85.92;2;0.00
sve;49090390961;BALDINISTUDIO DOO;80.00;1;0.00
sve;56848357825;SRED.ZAJ.PRIČUVE STAMB.ZGRADA VILIMA KORAJCA 3;68.19;3;0.00
sve;67154708735;ESC 1 DOO U STEČAJU;67.85;1;0.00
sve;52634238587;REPUBLIKA HRVATSKA MINISTARSTVO UNUTARNJIH POSLOVA;66.36;1;0.00
sve;98828194905;ISTYLE DOO;65.96;1;0.00
sve;38453148181;JADROLINIJA;65.20;1;0.00
sve;30777726033;FLIBA DOO;63.70;1;0.00
sve;10009650154;IRON MOUNTAIN HRVATSKA DOO;62.50;1;0.00
sve;29845096215;SVEUČILIŠTE U SPLITU;59.73;3;0.00
sve;90449789256;FRIGO & CO DOO;57.60;1;0.00
sve;85266453930;JAVNI BILJEŽNIK ANDREJA LEVATIĆ MARIN;56.68;2;0.00
sve;43600498596;KOMUNALNE USLUGE CRES LOŠINJ D.O.O.;55.00;17;0.00
sve;25329931628;SVEUČILIŠTE U ZAGREBU KINEZIOLOŠKI FAKULTET;53.08;4;0.00
sve;22341026596;SVEUČILIŠTE VERN;53.08;2;0.00
sve;50090625176;M.E.P. D.O.O.;52.65;1;0.00
sve;29873902790;SRPSKO NARODNO VIJEĆE-NAC.KOORD.VIJEĆA SR.NAC.MANJINE U R.H.;51.00;1;0.00
sve;95596568733;VRŠITELJ DUŽNOSTI JAVNOG BILJEŽNIKA IVAN MARČINKO;50.00;4;0.00
sve;09674238936;M S DOO;49.00;1;0.00
sve;18623146104;SUĆUT DOO;46.67;4;0.00
sve;34476408800;MARSA D.O.O. ZA PROIZVODNJU I TRGOVINU;45.00;2;0.00
sve;47298210538;BICRO BIOCENTAR D.O.O. ZA TRANSFER I KOMERC. BIOTEHNOLOGIJE;44.92;1;0.00
sve;23584227029;VIDMAR ŠPORT DOO ZA TRG PROVOĐENJE ŠPORT AK USL I ZASTUP;44.54;1;0.00
sve;78226361004;FORSET D.O.O. ZA TRGOVINU I USLUGE;44.50;1;0.00
sve;71259740533;FAKULTET KEMIJSKOG INŽENJERSTVA I TEHNOLOGIJE;40.00;1;0.00
sve;99454315441;SVEUČILIŠTE U ZAGREBU FAKULTET HRVATSKIH STUDIJA;40.00;2;0.00
sve;10750578045;SVEUČILIŠTE ALGEBRA BERNAYS;40.00;1;0.00
sve;75480885018;VELEUČILIŠTE U KRIŽEVCIMA;39.82;2;0.00
sve;77802735473;IMP TERMOTEHNIKA REGULACIJA D.O.O.;39.76;2;0.00
sve;57362618039;OPĆINSKI SUD U BJELOVARU;38.26;3;0.00
sve;99459456097;KIMATEKS DOO;37.50;1;0.00
sve;72070979111;PROEN ENERGETIKA NEKRETNINA D.O.O.;37.35;3;0.00
sve;52876285874;MRVICA M DOO;36.00;1;0.00
sve;64293991678;REISSWOLF DOO;35.75;1;0.00
sve;61469620638;DRŽAVNI ARHIV U SPLITU;34.46;1;0.00
sve;63336519951;YELLOW SUBMARINE DOO;31.80;1;0.00
sve;77290534017;MANAS DOO;30.00;1;0.00
sve;02024882310;SVEUČILIŠTE U ZAGREBU FAKULTET ORGANIZACIJE I INFORMATIKE;30.00;2;0.00
sve;95494259952;FAKULTET ELEKTROTEHNIKE RAČNARSTVA I INF TEH OSIJEK;27.00;1;0.00
sve;60277424315;AKADEMIJA ZA UMJETNOST I KULTURU U OSIJEKU;27.00;1;0.00
sve;78808975734;SVEUČILIŠTE JOSIPA JURJA STROSSMAYERA U OSIJEKU REKTORAT;27.00;1;0.00
sve;51172510950;JURČEC ALATI DOO;25.98;1;0.00
sve;29573709870;VELEUČILIŠTE U RIJECI;25.00;1;0.00
sve;19474197789;IRIS PRIJEVOZ JDOO;22.90;1;0.00
sve;32284739479;OPĆINSKI SUD VELIKA GORICA;22.46;1;0.00
sve;09665214153;OSMRTNICE DOO;22.06;2;0.00
sve;84397956623;HRVATSKI ZAVOD ZA MIROVINSKO OSIGURANJE;21.20;8;0.00
sve;14828046348;OPĆINSKI SUD U VARAŽDINU;20.76;1;0.00
sve;14794175682;CITY CAFE DOO;20.10;1;0.00
sve;10839679016;SVEUČILIŠTE U ZADRU;20.00;1;0.00
sve;84202464143;STEČAJNA MASA IZA KONUS PROJEKTA DOO;19.91;1;0.00
sve;14049708426;INGRA D.D.;18.96;1;0.00
sve;81806367106;DOMUS SESVETE DOO ZA TRGOVINU I USLUGE;16.90;1;0.00
sve;72226488129;UČITELJSKI FAKULTET SVEUČILIŠTA U ZAGREBU;16.59;1;0.00
sve;61980608934;OPĆINSKI SUD U SPLITU;15.46;1;0.00
sve;07397915111;TRGOVAČKI SUD U VARAŽDINU;15.21;1;0.00
sve;99084771962;RUMBOCI JDOO;15.00;1;0.00
sve;85712407576;CRUCIS PROJEKT DOO ZA TRGOVINU I USLUGE;15.00;1;0.00
sve;74610670107;OPĆINSKI SUD U SISKU STALNA SLUŽBA U PETRINJI;14.40;1;0.00
sve;87680911390;UPIS NEKRETNINA DOO;13.80;1;0.00
sve;35639958412;SAGOVI ZAGREB DOO;13.40;1;0.00
sve;34631330035;ĐURICA NADA;13.27;1;0.00
sve;55832375299;ZGORIJAK DOO;13.25;1;0.00
sve;87444676969;VD JAVNOG BILJEŽNIKA MARKO VITASOVIĆ;12.50;1;0.00
sve;98829547423;BLUE DRIVE JDOO;10.90;1;0.00
sve;32497003047;TISAK PLUS DOO;10.60;1;0.00
sve;48343886965;PLESO PRIJEVOZ DOO;9.00;1;0.00
sve;03714155365;INDUSTROGRADNJA DD U STEČAJU;6.64;1;0.00
sve;90017522601;ISTARSKA ŽUPANIJA;5.30;1;0.00
sve;87342329948;GRADSKI PARKING DOO;3.00;2;0.00
sve;01737843872;SPEKTRACOM D.O.O.;2.97;1;0.00
sve;89381255328;OPĆINSKO GRAĐANSKO DRŽAVNO ODVJETNIŠTVO;0.54;1;0.00
sve;29399232217;OPĆINSKI SUD U ŠIBENIKU;0.39;2;0.00
sve;74084245037;OPĆINSKI SUD U CRIKVENICI;0.39;1;0.00
sve;87682591133;AUTO HRVATSKA PRODAJNO SERVISNI CENTRI DOO;0.00;2;0.00
sve;36198195227;TIP ZAGREB D O O ZA TRGOVINU I PROIZVODNJU;0.00;2;0.00
sve;53948590600;UDRUGA KONCERTNIH PROMOTORA;0.00;2;0.00
sve;16050079665;AP SUSTAVI NAPAJANJA DOO;0.00;4;0.00
sve;31826907316;TEKNOXGROUP HRVATSKA D.O.O.;0.00;4;0.00
sve;60933160251;CUSPIS DOO;0.00;2;0.00
sve;41817103783;STP DOO;0.00;2;0.00
sve;85096116847;INFOSCOPE DOO;0.00;2;0.00
sve;22740118957;TED DOO;0.00;5;0.00
sve;95243482140;SMIT - COMMERCE D.O.O. TRGOVINA, PROIZVODNJA I USLUGE;0.00;2;0.00
sve;93639623152;DOMENA DEA DOO;0.00;2;0.00
sve;18311048687;FRESCO DOO;-15.00;1;-0.00
sve;73777060562;TAHOGRAF DOO;-1542.20;3;-0.00
sve;65119154523;KLINIČKA BOLNICA SVETI DUH;-279149.15;20;-0.01
